damping,step,time,joint_name,limit_side,overshoot_rad
0.0003,1489,2.978,joint4,upper,0.572832
0.0003,1498,2.996,joint4,upper,0.670886
0.0003,1499,2.998,joint4,upper,0.118056
0.0003,1503,3.006,joint4,upper,0.0135685
0.0003,1504,3.008,joint4,upper,0.300891
0.0003,1511,3.022,joint4,upper,0.268806
0.0003,1512,3.024,joint4,upper,0.227236
0.0003,1513,3.026,joint4,upper,0.102731
0.0003,1514,3.028,joint4,upper,0.137099
0.0003,1515,3.03,joint4,upper,0.264209
0.0005,1489,2.978,joint4,upper,0.182668
0.0005,1499,2.998,joint4,upper,0.256691
0.0005,1500,3.0,joint4,upper,0.0217807
0.0005,1506,3.012,joint4,upper,0.199109
0.0005,1515,3.03,joint4,upper,0.0150446
0.0005,1860,3.72,joint4,upper,0.000877978
0.0005,1861,3.722,joint4,upper,0.00196865
0.0005,1862,3.724,joint4,upper,0.00306223
0.0005,1863,3.726,joint4,upper,0.00415912
0.0005,1864,3.728,joint4,upper,0.00525952
0.0005,1865,3.73,joint4,upper,0.00636357
0.0005,1866,3.732,joint4,upper,0.00747134
0.0005,1867,3.734,joint4,upper,0.00858289
0.0005,1868,3.736,joint4,upper,0.00969825
0.0005,1869,3.738,joint4,upper,0.0108174
0.0005,1870,3.74,joint4,upper,0.0119405
0.0005,1871,3.742,joint4,upper,0.0130674
0.0005,1872,3.744,joint4,upper,0.0141981
0.0005,1873,3.746,joint4,upper,0.0153327
0.0005,1874,3.748,joint4,upper,0.016471
0.0005,1875,3.75,joint4,upper,0.0176132
0.0005,1876,3.752,joint4,upper,0.0187592
0.0005,1877,3.754,joint4,upper,0.019909
0.0005,1878,3.756,joint4,upper,0.0210625
0.0005,1879,3.758,joint4,upper,0.0222199
0.0005,1880,3.76,joint4,upper,0.0233809
0.0005,1881,3.762,joint4,upper,0.0245458
0.0005,1882,3.764,joint4,upper,0.0257143
0.0005,1883,3.766,joint4,upper,0.0268867
0.0005,1884,3.768,joint4,upper,0.0280628
0.0005,1885,3.77,joint4,upper,0.0292426
0.0005,1886,3.772,joint4,upper,0.0304262
0.0005,1887,3.774,joint4,upper,0.0316136
0.0005,1888,3.776,joint4,upper,0.0328048
0.0005,1889,3.778,joint4,upper,0.0339998
0.0005,1890,3.78,joint4,upper,0.0351987
0.0005,1891,3.782,joint4,upper,0.0364013
0.0005,1892,3.784,joint4,upper,0.0376079
0.0005,1893,3.786,joint4,upper,0.0388183
0.0005,1894,3.788,joint4,upper,0.0400326
0.0005,1895,3.79,joint4,upper,0.0412508
0.0005,1896,3.792,joint4,upper,0.042473
0.0005,1897,3.794,joint4,upper,0.0436992
0.0005,1898,3.796,joint4,upper,0.0449294
0.0005,1899,3.798,joint4,upper,0.0461637
0.0005,1900,3.8,joint4,upper,0.047402
0.0005,1901,3.802,joint4,upper,0.0486444
0.0005,1902,3.804,joint4,upper,0.049891
0.0005,1903,3.806,joint4,upper,0.0511418
0.0005,1904,3.808,joint4,upper,0.0523967
0.0005,1905,3.81,joint4,upper,0.053656
0.0005,1906,3.812,joint4,upper,0.0549195
0.0005,1907,3.814,joint4,upper,0.0561873
0.0005,1908,3.816,joint4,upper,0.0574594
0.0005,1909,3.818,joint4,upper,0.058736
0.0005,1910,3.82,joint4,upper,0.060017
0.0005,1911,3.822,joint4,upper,0.0613025
0.0005,1912,3.824,joint4,upper,0.0625925
0.0005,1913,3.826,joint4,upper,0.063887
0.0005,1914,3.828,joint4,upper,0.0651861
0.0005,1915,3.83,joint4,upper,0.0664898
0.0005,1916,3.832,joint4,upper,0.0677983
0.0005,1917,3.834,joint4,upper,0.0691114
0.0005,1918,3.836,joint4,upper,0.0704292
0.0005,1919,3.838,joint4,upper,0.0717518
0.0005,1920,3.84,joint4,upper,0.0730793
0.0005,1921,3.842,joint4,upper,0.0744116
0.0005,1922,3.844,joint4,upper,0.0757488
0.0005,1923,3.846,joint4,upper,0.077091
0.0005,1924,3.848,joint4,upper,0.0784382
0.0005,1925,3.85,joint4,upper,0.0797903
0.0005,1926,3.852,joint4,upper,0.0811475
0.0005,1927,3.854,joint4,upper,0.0825099
0.0005,1928,3.856,joint4,upper,0.0838773
0.0005,1929,3.858,joint4,upper,0.08525
0.0005,1930,3.86,joint4,upper,0.0866278
0.0005,1931,3.862,joint4,upper,0.088011
0.0005,1932,3.864,joint4,upper,0.0893994
0.0005,1933,3.866,joint4,upper,0.0907931
0.0005,1934,3.868,joint4,upper,0.0921922
0.0005,1935,3.87,joint4,upper,0.0935968
0.0005,1936,3.872,joint4,upper,0.0950067
0.0005,1937,3.874,joint4,upper,0.0964222
0.0005,1938,3.876,joint4,upper,0.0978432
0.0005,1939,3.878,joint4,upper,0.0992698
0.0005,1940,3.88,joint4,upper,0.100702
0.0005,1941,3.882,joint4,upper,0.10214
0.0005,1942,3.884,joint4,upper,0.103583
0.0005,1943,3.886,joint4,upper,0.105032
0.0005,1944,3.888,joint4,upper,0.106487
0.0005,1945,3.89,joint4,upper,0.107948
0.0005,1946,3.892,joint4,upper,0.109415
0.0005,1947,3.894,joint4,upper,0.110887
0.0005,1948,3.896,joint4,upper,0.112365
0.0005,1949,3.898,joint4,upper,0.11385
0.0005,1950,3.9,joint4,upper,0.11534
0.0005,1951,3.902,joint4,upper,0.116836
0.0005,1952,3.904,joint4,upper,0.118339
0.0005,1953,3.906,joint4,upper,0.119847
0.0005,1954,3.908,joint4,upper,0.121362
0.0005,1955,3.91,joint4,upper,0.122882
0.0005,1956,3.912,joint4,upper,0.124409
0.0005,1957,3.914,joint4,upper,0.125942
0.0005,1958,3.916,joint4,upper,0.127482
0.0005,1959,3.918,joint4,upper,0.129027
0.0005,1960,3.92,joint4,upper,0.130579
0.0005,1961,3.922,joint4,upper,0.132138
0.0005,1962,3.924,joint4,upper,0.133703
0.0005,1963,3.926,joint4,upper,0.135274
0.0005,1964,3.928,joint4,upper,0.136852
0.0005,1965,3.93,joint4,upper,0.138436
0.0005,1966,3.932,joint4,upper,0.140027
0.0005,1967,3.934,joint4,upper,0.141624
0.0005,1968,3.936,joint4,upper,0.143229
0.0005,1969,3.938,joint4,upper,0.144839
0.0005,1970,3.94,joint4,upper,0.146457
0.0005,1971,3.942,joint4,upper,0.148081
0.0005,1972,3.944,joint4,upper,0.149712
0.0005,1973,3.946,joint4,upper,0.15135
0.0005,1974,3.948,joint4,upper,0.152994
0.0005,1975,3.95,joint4,upper,0.154646
0.0005,1976,3.952,joint4,upper,0.156304
0.0005,1977,3.954,joint4,upper,0.15797
0.0005,1978,3.956,joint4,upper,0.159642
0.0005,1979,3.958,joint4,upper,0.161322
0.0005,1980,3.96,joint4,upper,0.163008
0.0005,1981,3.962,joint4,upper,0.164702
0.0005,1982,3.964,joint4,upper,0.166402
0.0005,1983,3.966,joint4,upper,0.16811
0.0005,1984,3.968,joint4,upper,0.169825
0.0005,1985,3.97,joint4,upper,0.171548
0.0005,1986,3.972,joint4,upper,0.173277
0.0005,1987,3.974,joint4,upper,0.175014
0.0005,1988,3.976,joint4,upper,0.176759
0.0005,1989,3.978,joint4,upper,0.17851
0.0005,1990,3.98,joint4,upper,0.180269
0.0005,1991,3.982,joint4,upper,0.182036
0.0005,1992,3.984,joint4,upper,0.18381
0.0005,1993,3.986,joint4,upper,0.185592
0.0005,1994,3.988,joint4,upper,0.187381
0.0005,1995,3.99,joint4,upper,0.189178
0.0005,1996,3.992,joint4,upper,0.190982
0.0005,1997,3.994,joint4,upper,0.192794
0.0005,1998,3.996,joint4,upper,0.194614
0.0005,1999,3.998,joint4,upper,0.196442
0.0005,2000,4.0,joint4,upper,0.198277
0.0005,2001,4.002,joint4,upper,0.20012
0.0005,2002,4.004,joint4,upper,0.201971
0.0005,2003,4.006,joint4,upper,0.20383
0.0005,2004,4.008,joint4,upper,0.205697
0.0005,2005,4.01,joint4,upper,0.207572
0.0005,2006,4.012,joint4,upper,0.209455
0.0005,2007,4.014,joint4,upper,0.211346
0.0005,2008,4.016,joint4,upper,0.213245
0.0005,2009,4.018,joint4,upper,0.215153
0.0005,2010,4.02,joint4,upper,0.217068
0.0005,2011,4.022,joint4,upper,0.218992
0.0005,2012,4.024,joint4,upper,0.220923
0.0005,2013,4.026,joint4,upper,0.222864
0.0005,2014,4.028,joint4,upper,0.224812
0.0005,2015,4.03,joint4,upper,0.226769
0.0005,2016,4.032,joint4,upper,0.228734
0.0005,2017,4.034,joint4,upper,0.230708
0.0005,2018,4.036,joint4,upper,0.23269
0.0005,2019,4.038,joint4,upper,0.23468
0.0005,2020,4.04,joint4,upper,0.23668
0.0005,2021,4.042,joint4,upper,0.238687
0.0005,2022,4.044,joint4,upper,0.240704
0.0005,2023,4.046,joint4,upper,0.242729
0.0005,2024,4.048,joint4,upper,0.244763
0.0005,2025,4.05,joint4,upper,0.246805
0.0005,2026,4.052,joint4,upper,0.248857
0.0005,2027,4.054,joint4,upper,0.250917
0.0005,2028,4.056,joint4,upper,0.252986
0.0005,2029,4.058,joint4,upper,0.255063
0.0005,2030,4.06,joint4,upper,0.25715
0.0005,2031,4.062,joint4,upper,0.259246
0.0005,2032,4.064,joint4,upper,0.261351
0.0005,2033,4.066,joint4,upper,0.263465
0.0005,2034,4.068,joint4,upper,0.265588
0.0005,2035,4.07,joint4,upper,0.26772
0.0005,2036,4.072,joint4,upper,0.269861
0.0005,2037,4.074,joint4,upper,0.272012
0.0005,2038,4.076,joint4,upper,0.274171
0.0005,2039,4.078,joint4,upper,0.27634
0.0005,2040,4.08,joint4,upper,0.278519
0.0005,2041,4.082,joint4,upper,0.280706
0.0005,2042,4.084,joint4,upper,0.282903
0.0005,2043,4.086,joint4,upper,0.28511
0.0005,2044,4.088,joint4,upper,0.287326
0.0005,2045,4.09,joint4,upper,0.289552
0.0005,2046,4.092,joint4,upper,0.291787
0.0005,2047,4.094,joint4,upper,0.294031
0.0005,2048,4.096,joint4,upper,0.296286
0.0005,2049,4.098,joint4,upper,0.29855
0.0005,2050,4.1,joint4,upper,0.300823
0.0005,2051,4.102,joint4,upper,0.303107
0.0005,2052,4.104,joint4,upper,0.3054
0.0005,2053,4.106,joint4,upper,0.307703
0.0005,2054,4.108,joint4,upper,0.310016
0.0005,2055,4.11,joint4,upper,0.312339
0.0005,2056,4.112,joint4,upper,0.314672
0.0005,2057,4.114,joint4,upper,0.317014
0.0005,2058,4.116,joint4,upper,0.319367
0.0005,2059,4.118,joint4,upper,0.32173
0.0005,2060,4.12,joint4,upper,0.324103
0.0005,2061,4.122,joint4,upper,0.326486
0.0005,2062,4.124,joint4,upper,0.328879
0.0005,2063,4.126,joint4,upper,0.331282
0.0005,2064,4.128,joint4,upper,0.333696
0.0005,2065,4.13,joint4,upper,0.33612
0.0005,2066,4.132,joint4,upper,0.338554
0.0005,2067,4.134,joint4,upper,0.340998
0.0005,2068,4.136,joint4,upper,0.343453
0.0005,2069,4.138,joint4,upper,0.345918
0.0005,2070,4.14,joint4,upper,0.348394
0.0005,2071,4.142,joint4,upper,0.35088
0.0005,2072,4.144,joint4,upper,0.353377
0.0005,2073,4.146,joint4,upper,0.355884
0.0005,2074,4.148,joint4,upper,0.358402
0.0005,2075,4.15,joint4,upper,0.36093
0.0005,2076,4.152,joint4,upper,0.363469
0.0005,2077,4.154,joint4,upper,0.366019
0.0005,2078,4.156,joint4,upper,0.368579
0.0005,2079,4.158,joint4,upper,0.37115
0.0005,2080,4.16,joint4,upper,0.373732
0.0005,2081,4.162,joint4,upper,0.376324
0.0005,2082,4.164,joint4,upper,0.378928
0.0005,2083,4.166,joint4,upper,0.381542
0.0005,2084,4.168,joint4,upper,0.384167
0.0005,2085,4.17,joint4,upper,0.386803
0.0005,2086,4.172,joint4,upper,0.38945
0.0005,2087,4.174,joint4,upper,0.392108
0.0005,2088,4.176,joint4,upper,0.394777
0.0005,2089,4.178,joint4,upper,0.397456
0.0005,2090,4.18,joint4,upper,0.400147
0.0005,2091,4.182,joint4,upper,0.402849
0.0005,2092,4.184,joint4,upper,0.405562
0.0005,2093,4.186,joint4,upper,0.408286
0.0005,2094,4.188,joint4,upper,0.411021
0.0005,2095,4.19,joint4,upper,0.413767
0.0005,2096,4.192,joint4,upper,0.416524
0.0005,2097,4.194,joint4,upper,0.419293
0.0005,2098,4.196,joint4,upper,0.422073
0.0005,2099,4.198,joint4,upper,0.424863
0.0005,2100,4.2,joint4,upper,0.427665
0.0005,2101,4.202,joint4,upper,0.430479
0.0005,2102,4.204,joint4,upper,0.433303
0.0005,2103,4.206,joint4,upper,0.436139
0.0005,2104,4.208,joint4,upper,0.438986
0.0005,2105,4.21,joint4,upper,0.441844
0.0005,2106,4.212,joint4,upper,0.444714
0.0005,2107,4.214,joint4,upper,0.447594
0.0005,2108,4.216,joint4,upper,0.450486
0.0005,2109,4.218,joint4,upper,0.45339
0.0005,2110,4.22,joint4,upper,0.456304
0.0005,2111,4.222,joint4,upper,0.45923
0.0005,2112,4.224,joint4,upper,0.462167
0.0005,2113,4.226,joint4,upper,0.465116
0.0005,2114,4.228,joint4,upper,0.468076
0.0005,2115,4.23,joint4,upper,0.471047
0.0005,2116,4.232,joint4,upper,0.474029
0.0005,2117,4.234,joint4,upper,0.477022
0.0005,2118,4.236,joint4,upper,0.480027
0.0005,2119,4.238,joint4,upper,0.483043
0.0005,2120,4.24,joint4,upper,0.486071
0.0005,2121,4.242,joint4,upper,0.489109
0.0005,2122,4.244,joint4,upper,0.492159
0.0005,2123,4.246,joint4,upper,0.49522
0.0005,2124,4.248,joint4,upper,0.498292
0.0005,2125,4.25,joint4,upper,0.501375
0.0005,2126,4.252,joint4,upper,0.504469
0.0005,2127,4.254,joint4,upper,0.507575
0.0005,2128,4.256,joint4,upper,0.510691
0.0005,2129,4.258,joint4,upper,0.513819
0.0005,2130,4.26,joint4,upper,0.516957
0.0005,2131,4.262,joint4,upper,0.520107
0.0005,2132,4.264,joint4,upper,0.523267
0.0005,2133,4.266,joint4,upper,0.526439
0.0005,2134,4.268,joint4,upper,0.529621
0.0005,2135,4.27,joint4,upper,0.532814
0.0005,2136,4.272,joint4,upper,0.536018
0.0005,2137,4.274,joint4,upper,0.539232
0.0005,2138,4.276,joint4,upper,0.542458
0.0005,2139,4.278,joint4,upper,0.545693
0.0005,2140,4.28,joint4,upper,0.54894
0.0005,2141,4.282,joint4,upper,0.552197
0.0005,2142,4.284,joint4,upper,0.555464
0.0005,2143,4.286,joint4,upper,0.558742
0.0005,2144,4.288,joint4,upper,0.56203
0.0005,2145,4.29,joint4,upper,0.565328
0.0005,2146,4.292,joint4,upper,0.568636
0.0005,2147,4.294,joint4,upper,0.571955
0.0005,2148,4.296,joint4,upper,0.575283
0.0005,2149,4.298,joint4,upper,0.578622
0.0005,2150,4.3,joint4,upper,0.58197
0.0005,2151,4.302,joint4,upper,0.585328
0.0005,2152,4.304,joint4,upper,0.588696
0.0005,2153,4.306,joint4,upper,0.592073
0.0005,2154,4.308,joint4,upper,0.59546
0.0005,2155,4.31,joint4,upper,0.598856
0.0005,2156,4.312,joint4,upper,0.602261
0.0005,2157,4.314,joint4,upper,0.605676
0.0005,2158,4.316,joint4,upper,0.609099
0.0005,2159,4.318,joint4,upper,0.612532
0.0005,2160,4.32,joint4,upper,0.615973
0.0005,2161,4.322,joint4,upper,0.619423
0.0005,2162,4.324,joint4,upper,0.622882
0.0005,2163,4.326,joint4,upper,0.626349
0.0005,2164,4.328,joint4,upper,0.629824
0.0005,2165,4.33,joint4,upper,0.633307
0.0005,2166,4.332,joint4,upper,0.636799
0.0005,2167,4.334,joint4,upper,0.640298
0.0005,2168,4.336,joint4,upper,0.643805
0.0005,2169,4.338,joint4,upper,0.647319
0.0005,2170,4.34,joint4,upper,0.650841
0.0005,2171,4.342,joint4,upper,0.65437
0.0005,2172,4.344,joint4,upper,0.657906
0.0005,2173,4.346,joint4,upper,0.661449
0.0005,2174,4.348,joint4,upper,0.664999
0.0005,2175,4.35,joint4,upper,0.668555
0.0005,2176,4.352,joint4,upper,0.672118
0.0005,2177,4.354,joint4,upper,0.675687
0.0005,2178,4.356,joint4,upper,0.679261
0.0005,2179,4.358,joint4,upper,0.682842
0.0005,2180,4.36,joint4,upper,0.686428
0.0005,2181,4.362,joint4,upper,0.690019
0.0005,2182,4.364,joint4,upper,0.693615
0.0005,2183,4.366,joint4,upper,0.697216
0.0005,2184,4.368,joint4,upper,0.700822
0.0005,2185,4.37,joint4,upper,0.704433
0.0005,2186,4.372,joint4,upper,0.708047
0.0005,2187,4.374,joint4,upper,0.711666
0.0005,2188,4.376,joint4,upper,0.715288
0.0005,2189,4.378,joint4,upper,0.718913
0.0005,2190,4.38,joint4,upper,0.722542
0.0005,2191,4.382,joint4,upper,0.726174
0.0005,2192,4.384,joint4,upper,0.729809
0.0005,2193,4.386,joint4,upper,0.733446
0.0005,2194,4.388,joint4,upper,0.737085
0.0005,2195,4.39,joint4,upper,0.740726
0.0005,2196,4.392,joint4,upper,0.744368
0.0005,2197,4.394,joint4,upper,0.748012
0.0005,2198,4.396,joint4,upper,0.751657
0.0005,2199,4.398,joint4,upper,0.755302
0.0005,2200,4.4,joint4,upper,0.758948
0.0005,2201,4.402,joint4,upper,0.762594
0.0005,2202,4.404,joint4,upper,0.766239
0.0005,2203,4.406,joint4,upper,0.769885
0.0005,2204,4.408,joint4,upper,0.773529
0.0005,2205,4.41,joint4,upper,0.777172
0.0005,2206,4.412,joint4,upper,0.780813
0.0005,2207,4.414,joint4,upper,0.784453
0.0005,2208,4.416,joint4,upper,0.78809
0.0005,2209,4.418,joint4,upper,0.791725
0.0005,2210,4.42,joint4,upper,0.795357
0.0005,2211,4.422,joint4,upper,0.798985
0.0005,2212,4.424,joint4,upper,0.80261
0.0005,2213,4.426,joint4,upper,0.806231
0.0005,2214,4.428,joint4,upper,0.809848
0.0005,2215,4.43,joint4,upper,0.813459
0.0005,2216,4.432,joint4,upper,0.817066
0.0005,2217,4.434,joint4,upper,0.820667
0.0005,2218,4.436,joint4,upper,0.824262
0.0005,2219,4.438,joint4,upper,0.827851
0.0005,2220,4.44,joint4,upper,0.831433
0.0005,2221,4.442,joint4,upper,0.835008
0.0005,2222,4.444,joint4,upper,0.838575
0.0005,2223,4.446,joint4,upper,0.842135
0.0005,2224,4.448,joint4,upper,0.845686
0.0005,2225,4.45,joint4,upper,0.849229
0.0005,2226,4.452,joint4,upper,0.852762
0.0005,2227,4.454,joint4,upper,0.856286
0.0005,2228,4.456,joint4,upper,0.8598
0.0005,2229,4.458,joint4,upper,0.863303
0.0005,2230,4.46,joint4,upper,0.866796
0.0005,2231,4.462,joint4,upper,0.870277
0.0005,2232,4.464,joint4,upper,0.873747
0.0005,2233,4.466,joint4,upper,0.877204
0.0005,2234,4.468,joint4,upper,0.880649
0.0005,2235,4.47,joint4,upper,0.884081
0.0005,2236,4.472,joint4,upper,0.887499
0.0005,2237,4.474,joint4,upper,0.890904
0.0005,2238,4.476,joint4,upper,0.894294
0.0005,2239,4.478,joint4,upper,0.897669
0.0005,2240,4.48,joint4,upper,0.90103
0.0005,2241,4.482,joint4,upper,0.904374
0.0005,2242,4.484,joint4,upper,0.907703
0.0005,2243,4.486,joint4,upper,0.911015
0.0005,2244,4.488,joint4,upper,0.91431
0.0005,2245,4.49,joint4,upper,0.917588
0.0005,2246,4.492,joint4,upper,0.920848
0.0005,2247,4.494,joint4,upper,0.92409
0.0005,2248,4.496,joint4,upper,0.927313
0.0005,2249,4.498,joint4,upper,0.930516
0.0005,2250,4.5,joint4,upper,0.933701
0.0005,2251,4.502,joint4,upper,0.936865
0.0005,2252,4.504,joint4,upper,0.940009
0.0005,2253,4.506,joint4,upper,0.943132
0.0005,2254,4.508,joint4,upper,0.946234
0.0005,2255,4.51,joint4,upper,0.949314
0.0005,2256,4.512,joint4,upper,0.952372
0.0005,2257,4.514,joint4,upper,0.955408
0.0005,2258,4.516,joint4,upper,0.95842
0.0005,2259,4.518,joint4,upper,0.96141
0.0005,2260,4.52,joint4,upper,0.964375
0.0005,2261,4.522,joint4,upper,0.967317
0.0005,2262,4.524,joint4,upper,0.970234
0.0005,2263,4.526,joint4,upper,0.973127
0.0005,2264,4.528,joint4,upper,0.975994
0.0005,2265,4.53,joint4,upper,0.978836
0.0005,2266,4.532,joint4,upper,0.981652
0.0005,2267,4.534,joint4,upper,0.984441
0.0005,2268,4.536,joint4,upper,0.987204
0.0005,2269,4.538,joint4,upper,0.98994
0.0005,2270,4.54,joint4,upper,0.992649
0.0005,2271,4.542,joint4,upper,0.99533
0.0005,2272,4.544,joint4,upper,0.997983
0.0005,2273,4.546,joint4,upper,1.00061
0.0005,2274,4.548,joint4,upper,1.00321
0.0005,2275,4.55,joint4,upper,1.00577
0.0005,2276,4.552,joint4,upper,1.00831
0.0005,2277,4.554,joint4,upper,1.01082
0.0005,2278,4.556,joint4,upper,1.0133
0.0005,2279,4.558,joint4,upper,1.01575
0.0005,2280,4.56,joint4,upper,1.01817
0.0005,2281,4.562,joint4,upper,1.02056
0.0005,2282,4.564,joint4,upper,1.02292
0.0005,2283,4.566,joint4,upper,1.02525
0.0005,2284,4.568,joint4,upper,1.02755
0.0005,2285,4.57,joint4,upper,1.02982
0.0005,2286,4.572,joint4,upper,1.03205
0.0005,2287,4.574,joint4,upper,1.03426
0.0005,2288,4.576,joint4,upper,1.03643
0.0005,2289,4.578,joint4,upper,1.03857
0.0005,2290,4.58,joint4,upper,1.04069
0.0005,2291,4.582,joint4,upper,1.04276
0.0005,2292,4.584,joint4,upper,1.04481
0.0005,2293,4.586,joint4,upper,1.04683
0.0005,2294,4.588,joint4,upper,1.04881
0.0005,2295,4.59,joint4,upper,1.05076
0.0005,2296,4.592,joint4,upper,1.05268
0.0005,2297,4.594,joint4,upper,1.05457
0.0005,2298,4.596,joint4,upper,1.05642
0.0005,2299,4.598,joint4,upper,1.05825
0.0005,2300,4.6,joint4,upper,1.06004
0.0005,2301,4.602,joint4,upper,1.0618
0.0005,2302,4.604,joint4,upper,1.06352
0.0005,2303,4.606,joint4,upper,1.06522
0.0005,2304,4.608,joint4,upper,1.06688
0.0005,2305,4.61,joint4,upper,1.06852
0.0005,2306,4.612,joint4,upper,1.07012
0.0005,2307,4.614,joint4,upper,1.07169
0.0005,2308,4.616,joint4,upper,1.07322
0.0005,2309,4.618,joint4,upper,1.07473
0.0005,2310,4.62,joint4,upper,1.07621
0.0005,2311,4.622,joint4,upper,1.07765
0.0005,2312,4.624,joint4,upper,1.07907
0.0005,2313,4.626,joint4,upper,1.08045
0.0005,2314,4.628,joint4,upper,1.08181
0.0005,2315,4.63,joint4,upper,1.08313
0.0005,2316,4.632,joint4,upper,1.08443
0.0005,2317,4.634,joint4,upper,1.08569
0.0005,2318,4.636,joint4,upper,1.08693
0.0005,2319,4.638,joint4,upper,1.08814
0.0005,2320,4.64,joint4,upper,1.08932
0.0005,2321,4.642,joint4,upper,1.09047
0.0005,2322,4.644,joint4,upper,1.09159
0.0005,2323,4.646,joint4,upper,1.09269
0.0005,2324,4.648,joint4,upper,1.09376
0.0005,2325,4.65,joint4,upper,1.0948
0.0005,2326,4.652,joint4,upper,1.09581
0.0005,2327,4.654,joint4,upper,1.0968
0.0005,2328,4.656,joint4,upper,1.09776
0.0005,2329,4.658,joint4,upper,1.0987
0.0005,2330,4.66,joint4,upper,1.09962
0.0005,2331,4.662,joint4,upper,1.1005
0.0005,2332,4.664,joint4,upper,1.10137
0.0005,2333,4.666,joint4,upper,1.10221
0.0005,2334,4.668,joint4,upper,1.10303
0.0005,2335,4.67,joint4,upper,1.10382
0.0005,2336,4.672,joint4,upper,1.1046
0.0005,2337,4.674,joint4,upper,1.10535
0.0005,2338,4.676,joint4,upper,1.10608
0.0005,2339,4.678,joint4,upper,1.10679
0.0005,2340,4.68,joint4,upper,1.10747
0.0005,2341,4.682,joint4,upper,1.10814
0.0005,2342,4.684,joint4,upper,1.10879
0.0005,2343,4.686,joint4,upper,1.10942
0.0005,2344,4.688,joint4,upper,1.11003
0.0005,2345,4.69,joint4,upper,1.11063
0.0005,2346,4.692,joint4,upper,1.1112
0.0005,2347,4.694,joint4,upper,1.11176
0.0005,2348,4.696,joint4,upper,1.11231
0.0005,2349,4.698,joint4,upper,1.11283
0.0005,2350,4.7,joint4,upper,1.11335
0.0005,2351,4.702,joint4,upper,1.11384
0.0005,2352,4.704,joint4,upper,1.11433
0.0005,2353,4.706,joint4,upper,1.1148
0.0005,2354,4.708,joint4,upper,1.11525
0.0005,2355,4.71,joint4,upper,1.1157
0.0005,2356,4.712,joint4,upper,1.11613
0.0005,2357,4.714,joint4,upper,1.11655
0.0005,2358,4.716,joint4,upper,1.11695
0.0005,2359,4.718,joint4,upper,1.11735
0.0005,2360,4.72,joint4,upper,1.11774
0.0005,2361,4.722,joint4,upper,1.11812
0.0005,2362,4.724,joint4,upper,1.11849
0.0005,2363,4.726,joint4,upper,1.11885
0.0005,2364,4.728,joint4,upper,1.1192
0.0005,2365,4.73,joint4,upper,1.11954
0.0005,2366,4.732,joint4,upper,1.11988
0.0005,2367,4.734,joint4,upper,1.12021
0.0005,2368,4.736,joint4,upper,1.12054
0.0005,2369,4.738,joint4,upper,1.12085
0.0005,2370,4.74,joint4,upper,1.12117
0.0005,2371,4.742,joint4,upper,1.12148
0.0005,2372,4.744,joint4,upper,1.12178
0.0005,2373,4.746,joint4,upper,1.12209
0.0005,2374,4.748,joint4,upper,1.12239
0.0005,2375,4.75,joint4,upper,1.12268
0.0005,2376,4.752,joint4,upper,1.12298
0.0005,2377,4.754,joint4,upper,1.12327
0.0005,2378,4.756,joint4,upper,1.12356
0.0005,2379,4.758,joint4,upper,1.12385
0.0005,2380,4.76,joint4,upper,1.12414
0.0005,2381,4.762,joint4,upper,1.12443
0.0005,2382,4.764,joint4,upper,1.12471
0.0005,2383,4.766,joint4,upper,1.125
0.0005,2384,4.768,joint4,upper,1.1253
0.0005,2385,4.77,joint4,upper,1.12559
0.0005,2386,4.772,joint4,upper,1.12588
0.0005,2387,4.774,joint4,upper,1.12618
0.0005,2388,4.776,joint4,upper,1.12648
0.0005,2389,4.778,joint4,upper,1.12678
0.0005,2390,4.78,joint4,upper,1.12709
0.0005,2391,4.782,joint4,upper,1.12739
0.0005,2392,4.784,joint4,upper,1.12771
0.0005,2393,4.786,joint4,upper,1.12802
0.0005,2394,4.788,joint4,upper,1.12835
0.0005,2395,4.79,joint4,upper,1.12867
0.0005,2396,4.792,joint4,upper,1.129
0.0005,2397,4.794,joint4,upper,1.12934
0.0005,2398,4.796,joint4,upper,1.12968
0.0005,2399,4.798,joint4,upper,1.13003
0.0005,2400,4.8,joint4,upper,1.13039
0.0005,2401,4.802,joint4,upper,1.13075
0.0005,2402,4.804,joint4,upper,1.13112
0.0005,2403,4.806,joint4,upper,1.13149
0.0005,2404,4.808,joint4,upper,1.13188
0.0005,2405,4.81,joint4,upper,1.13227
0.0005,2406,4.812,joint4,upper,1.13266
0.0005,2407,4.814,joint4,upper,1.13307
0.0005,2408,4.816,joint4,upper,1.13348
0.0005,2409,4.818,joint4,upper,1.1339
0.0005,2410,4.82,joint4,upper,1.13433
0.0005,2411,4.822,joint4,upper,1.13477
0.0005,2412,4.824,joint4,upper,1.13522
0.0005,2413,4.826,joint4,upper,1.13568
0.0005,2414,4.828,joint4,upper,1.13614
0.0005,2415,4.83,joint4,upper,1.13661
0.0005,2416,4.832,joint4,upper,1.1371
0.0005,2417,4.834,joint4,upper,1.13759
0.0005,2418,4.836,joint4,upper,1.13809
0.0005,2419,4.838,joint4,upper,1.1386
0.0005,2420,4.84,joint4,upper,1.13912
0.0005,2421,4.842,joint4,upper,1.13965
0.0005,2422,4.844,joint4,upper,1.14019
0.0005,2423,4.846,joint4,upper,1.14074
0.0005,2424,4.848,joint4,upper,1.1413
0.0005,2425,4.85,joint4,upper,1.14187
0.0005,2426,4.852,joint4,upper,1.14245
0.0005,2427,4.854,joint4,upper,1.14303
0.0005,2428,4.856,joint4,upper,1.14363
0.0005,2429,4.858,joint4,upper,1.14424
0.0005,2430,4.86,joint4,upper,1.14486
0.0005,2431,4.862,joint4,upper,1.14549
0.0005,2432,4.864,joint4,upper,1.14613
0.0005,2433,4.866,joint4,upper,1.14678
0.0005,2434,4.868,joint4,upper,1.14743
0.0005,2435,4.87,joint4,upper,1.1481
0.0005,2436,4.872,joint4,upper,1.14878
0.0005,2437,4.874,joint4,upper,1.14947
0.0005,2438,4.876,joint4,upper,1.15017
0.0005,2439,4.878,joint4,upper,1.15087
0.0005,2440,4.88,joint4,upper,1.15159
0.0005,2441,4.882,joint4,upper,1.15232
0.0005,2442,4.884,joint4,upper,1.15305
0.0005,2443,4.886,joint4,upper,1.1538
0.0005,2444,4.888,joint4,upper,1.15456
0.0005,2445,4.89,joint4,upper,1.15532
0.0005,2446,4.892,joint4,upper,1.1561
0.0005,2447,4.894,joint4,upper,1.15688
0.0005,2448,4.896,joint4,upper,1.15767
0.0005,2449,4.898,joint4,upper,1.15847
0.0005,2450,4.9,joint4,upper,1.15928
0.0005,2451,4.902,joint4,upper,1.1601
0.0005,2452,4.904,joint4,upper,1.16093
0.0005,2453,4.906,joint4,upper,1.16177
0.0005,2454,4.908,joint4,upper,1.16261
0.0005,2455,4.91,joint4,upper,1.16347
0.0005,2456,4.912,joint4,upper,1.16433
0.0005,2457,4.914,joint4,upper,1.1652
0.0005,2458,4.916,joint4,upper,1.16608
0.0005,2459,4.918,joint4,upper,1.16697
0.0005,2460,4.92,joint4,upper,1.16786
0.0005,2461,4.922,joint4,upper,1.16876
0.0005,2462,4.924,joint4,upper,1.16967
0.0005,2463,4.926,joint4,upper,1.17059
0.0005,2464,4.928,joint4,upper,1.17151
0.0005,2465,4.93,joint4,upper,1.17244
0.0005,2466,4.932,joint4,upper,1.17338
0.0005,2467,4.934,joint4,upper,1.17432
0.0005,2468,4.936,joint4,upper,1.17528
0.0005,2469,4.938,joint4,upper,1.17623
0.0005,2470,4.94,joint4,upper,1.1772
0.0005,2471,4.942,joint4,upper,1.17817
0.0005,2472,4.944,joint4,upper,1.17914
0.0005,2473,4.946,joint4,upper,1.18013
0.0005,2474,4.948,joint4,upper,1.18111
0.0005,2475,4.95,joint4,upper,1.18211
0.0005,2476,4.952,joint4,upper,1.18311
0.0005,2477,4.954,joint4,upper,1.18411
0.0005,2478,4.956,joint4,upper,1.18512
0.0005,2479,4.958,joint4,upper,1.18613
0.0005,2480,4.96,joint4,upper,1.18715
0.0005,2481,4.962,joint4,upper,1.18818
0.0005,2482,4.964,joint4,upper,1.1892
0.0005,2483,4.966,joint4,upper,1.19023
0.0005,2484,4.968,joint4,upper,1.19127
0.0005,2485,4.97,joint4,upper,1.19231
0.0005,2486,4.972,joint4,upper,1.19335
0.0005,2487,4.974,joint4,upper,1.1944
0.0005,2488,4.976,joint4,upper,1.19545
0.0005,2489,4.978,joint4,upper,1.19651
0.0005,2490,4.98,joint4,upper,1.19756
0.0005,2491,4.982,joint4,upper,1.19862
0.0005,2492,4.984,joint4,upper,1.19968
0.0005,2493,4.986,joint4,upper,1.20075
0.0005,2494,4.988,joint4,upper,1.20182
0.0005,2495,4.99,joint4,upper,1.20289
0.0005,2496,4.992,joint4,upper,1.20396
0.0005,2497,4.994,joint4,upper,1.20503
0.0005,2498,4.996,joint4,upper,1.20611
0.0005,2499,4.998,joint4,upper,1.20719
0.0005,2500,5.0,joint4,upper,1.20826
0.0005,2501,5.002,joint4,upper,1.20934
0.0005,2502,5.004,joint4,upper,1.21042
0.0005,2503,5.006,joint4,upper,1.21151
0.0005,2504,5.008,joint4,upper,1.21259
0.0005,2505,5.01,joint4,upper,1.21367
0.0005,2506,5.012,joint4,upper,1.21476
0.0005,2507,5.014,joint4,upper,1.21584
0.0005,2508,5.016,joint4,upper,1.21692
0.0005,2509,5.018,joint4,upper,1.21801
0.0005,2510,5.02,joint4,upper,1.21909
0.0005,2511,5.022,joint4,upper,1.22018
0.0005,2512,5.024,joint4,upper,1.22126
0.0005,2513,5.026,joint4,upper,1.22234
0.0005,2514,5.028,joint4,upper,1.22343
0.0005,2515,5.03,joint4,upper,1.22451
0.0005,2516,5.032,joint4,upper,1.22559
0.0005,2517,5.034,joint4,upper,1.22667
0.0005,2518,5.036,joint4,upper,1.22775
0.0005,2519,5.038,joint4,upper,1.22882
0.0005,2520,5.04,joint4,upper,1.2299
0.0005,2521,5.042,joint4,upper,1.23097
0.0005,2522,5.044,joint4,upper,1.23204
0.0005,2523,5.046,joint4,upper,1.23311
0.0005,2524,5.048,joint4,upper,1.23418
0.0005,2525,5.05,joint4,upper,1.23525
0.0005,2526,5.052,joint4,upper,1.23631
0.0005,2527,5.054,joint4,upper,1.23737
0.0005,2528,5.056,joint4,upper,1.23843
0.0005,2529,5.058,joint4,upper,1.23949
0.0005,2530,5.06,joint4,upper,1.24054
0.0005,2531,5.062,joint4,upper,1.24159
0.0005,2532,5.064,joint4,upper,1.24264
0.0005,2533,5.066,joint4,upper,1.24369
0.0005,2534,5.068,joint4,upper,1.24473
0.0005,2535,5.07,joint4,upper,1.24577
0.0005,2536,5.072,joint4,upper,1.2468
0.0005,2537,5.074,joint4,upper,1.24784
0.0005,2538,5.076,joint4,upper,1.24887
0.0005,2539,5.078,joint4,upper,1.24989
0.0005,2540,5.08,joint4,upper,1.25091
0.0005,2541,5.082,joint4,upper,1.25193
0.0005,2542,5.084,joint4,upper,1.25294
0.0005,2543,5.086,joint4,upper,1.25395
0.0005,2544,5.088,joint4,upper,1.25496
0.0005,2545,5.09,joint4,upper,1.25596
0.0005,2546,5.092,joint4,upper,1.25696
0.0005,2547,5.094,joint4,upper,1.25796
0.0005,2548,5.096,joint4,upper,1.25895
0.0005,2549,5.098,joint4,upper,1.25993
0.0005,2550,5.1,joint4,upper,1.26091
0.0005,2551,5.102,joint4,upper,1.26189
0.0005,2552,5.104,joint4,upper,1.26286
0.0005,2553,5.106,joint4,upper,1.26383
0.0005,2554,5.108,joint4,upper,1.26479
0.0005,2555,5.11,joint4,upper,1.26575
0.0005,2556,5.112,joint4,upper,1.26671
0.0005,2557,5.114,joint4,upper,1.26765
0.0005,2558,5.116,joint4,upper,1.2686
0.0005,2559,5.118,joint4,upper,1.26954
0.0005,2560,5.12,joint4,upper,1.27047
0.0005,2561,5.122,joint4,upper,1.2714
0.0005,2562,5.124,joint4,upper,1.27233
0.0005,2563,5.126,joint4,upper,1.27325
0.0005,2564,5.128,joint4,upper,1.27416
0.0005,2565,5.13,joint4,upper,1.27507
0.0005,2566,5.132,joint4,upper,1.27598
0.0005,2567,5.134,joint4,upper,1.27688
0.0005,2568,5.136,joint4,upper,1.27778
0.0005,2569,5.138,joint4,upper,1.27867
0.0005,2570,5.14,joint4,upper,1.27955
0.0005,2571,5.142,joint4,upper,1.28043
0.0005,2572,5.144,joint4,upper,1.28131
0.0005,2573,5.146,joint4,upper,1.28218
0.0005,2574,5.148,joint4,upper,1.28304
0.0005,2575,5.15,joint4,upper,1.2839
0.0005,2576,5.152,joint4,upper,1.28476
0.0005,2577,5.154,joint4,upper,1.28561
0.0005,2578,5.156,joint4,upper,1.28645
0.0005,2579,5.158,joint4,upper,1.28729
0.0005,2580,5.16,joint4,upper,1.28812
0.0005,2581,5.162,joint4,upper,1.28895
0.0005,2582,5.164,joint4,upper,1.28978
0.0005,2583,5.166,joint4,upper,1.29059
0.0005,2584,5.168,joint4,upper,1.29141
0.0005,2585,5.17,joint4,upper,1.29222
0.0005,2586,5.172,joint4,upper,1.29302
0.0005,2587,5.174,joint4,upper,1.29382
0.0005,2588,5.176,joint4,upper,1.29461
0.0005,2589,5.178,joint4,upper,1.2954
0.0005,2590,5.18,joint4,upper,1.29619
0.0005,2591,5.182,joint4,upper,1.29696
0.0005,2592,5.184,joint4,upper,1.29774
0.0005,2593,5.186,joint4,upper,1.29851
0.0005,2594,5.188,joint4,upper,1.29927
0.0005,2595,5.19,joint4,upper,1.30003
0.0005,2596,5.192,joint4,upper,1.30079
0.0005,2597,5.194,joint4,upper,1.30154
0.0005,2598,5.196,joint4,upper,1.30228
0.0005,2599,5.198,joint4,upper,1.30302
0.0005,2600,5.2,joint4,upper,1.30376
0.0005,2601,5.202,joint4,upper,1.30449
0.0005,2602,5.204,joint4,upper,1.30521
0.0005,2603,5.206,joint4,upper,1.30602
0.0005,2604,5.208,joint4,upper,1.30692
0.0005,2605,5.21,joint4,upper,1.30789
0.0005,2606,5.212,joint4,upper,1.30893
0.0005,2607,5.214,joint4,upper,1.31003
0.0005,2608,5.216,joint4,upper,1.31139
0.0005,2609,5.218,joint4,upper,1.31296
0.0005,2610,5.22,joint4,upper,1.31471
0.0005,2611,5.222,joint4,upper,1.31663
0.0005,2612,5.224,joint4,upper,1.31868
0.0005,2613,5.226,joint4,upper,1.32086
0.0005,2614,5.228,joint4,upper,1.32316
0.0005,2615,5.23,joint4,upper,1.32556
0.0005,2616,5.232,joint4,upper,1.32807
0.0005,2617,5.234,joint4,upper,1.33067
0.0005,2618,5.236,joint4,upper,1.33336
0.0005,2619,5.238,joint4,upper,1.33615
0.0005,2620,5.24,joint4,upper,1.33902
0.0005,2621,5.242,joint4,upper,1.34199
0.0005,2622,5.244,joint4,upper,1.34504
0.0005,2623,5.246,joint4,upper,1.34817
0.0005,2624,5.248,joint4,upper,1.3514
0.0005,2625,5.25,joint4,upper,1.35471
0.0005,2626,5.252,joint4,upper,1.35811
0.0005,2627,5.254,joint4,upper,1.36161
0.0005,2628,5.256,joint4,upper,1.36519
0.0005,2629,5.258,joint4,upper,1.36887
0.0005,2630,5.26,joint4,upper,1.37265
0.0005,2631,5.262,joint4,upper,1.37652
0.0005,2632,5.264,joint4,upper,1.38049
0.0005,2633,5.266,joint4,upper,1.38457
0.0005,2634,5.268,joint4,upper,1.38875
0.0005,2635,5.27,joint4,upper,1.39303
0.0005,2636,5.272,joint4,upper,1.39742
0.0005,2637,5.274,joint4,upper,1.40192
0.0005,2638,5.276,joint4,upper,1.40654
0.0005,2639,5.278,joint4,upper,1.41127
0.0005,2640,5.28,joint4,upper,1.41613
0.0005,2641,5.282,joint4,upper,1.4211
0.0005,2642,5.284,joint4,upper,1.4262
0.0005,2643,5.286,joint4,upper,1.43143
0.0005,2644,5.288,joint4,upper,1.43679
0.0005,2645,5.29,joint4,upper,1.44229
0.0005,2646,5.292,joint4,upper,1.44792
0.0005,2647,5.294,joint4,upper,1.4537
0.0005,2648,5.296,joint4,upper,1.45963
0.0005,2649,5.298,joint4,upper,1.4657
0.0005,2650,5.3,joint4,upper,1.47193
0.0005,2651,5.302,joint4,upper,1.47832
0.0005,2652,5.304,joint4,upper,1.48487
0.0005,2653,5.306,joint4,upper,1.4916
0.0005,2654,5.308,joint4,upper,1.49849
0.0005,2655,5.31,joint4,upper,1.50556
0.0005,2656,5.312,joint4,upper,1.51282
0.0005,2657,5.314,joint4,upper,1.52026
0.0005,2658,5.316,joint4,upper,1.5279
0.0005,2659,5.318,joint4,upper,1.53574
0.0005,2660,5.32,joint4,upper,1.54379
0.0005,2661,5.322,joint4,upper,1.55205
0.0005,2662,5.324,joint4,upper,1.56053
0.0005,2663,5.326,joint4,upper,1.56924
0.0005,2664,5.328,joint4,upper,1.57818
0.0005,2665,5.33,joint4,upper,1.58736
0.0005,2666,5.332,joint4,upper,1.59679
0.0005,2667,5.334,joint4,upper,1.60647
0.0005,2668,5.336,joint4,upper,1.61643
0.0005,2669,5.338,joint4,upper,1.62666
0.0005,2670,5.34,joint4,upper,1.63717
0.0005,2671,5.342,joint4,upper,1.64798
0.0005,2672,5.344,joint4,upper,1.65909
0.0005,2673,5.346,joint4,upper,1.67051
0.0005,2674,5.348,joint4,upper,1.68227
0.0005,2675,5.35,joint4,upper,1.69436
0.0005,2676,5.352,joint4,upper,1.7068
0.0005,2677,5.354,joint4,upper,1.7196
0.0005,2678,5.356,joint4,upper,1.73278
0.0005,2679,5.358,joint4,upper,1.74636
0.0005,2680,5.36,joint4,upper,1.76033
0.0005,2681,5.362,joint4,upper,1.77473
0.0005,2681,5.362,joint6,lower,-0.00251215
0.0005,2682,5.364,joint4,upper,1.78957
0.0005,2682,5.364,joint6,lower,-0.00938947
0.0005,2683,5.366,joint4,upper,1.80486
0.0005,2683,5.366,joint6,lower,-0.0164749
0.0005,2684,5.368,joint4,upper,1.82063
0.0005,2684,5.368,joint6,lower,-0.0237764
0.0005,2685,5.37,joint4,upper,1.83689
0.0005,2685,5.37,joint6,lower,-0.0313027
0.0005,2686,5.372,joint4,upper,1.85366
0.0005,2686,5.372,joint6,lower,-0.0390625
0.0005,2687,5.374,joint4,upper,1.87096
0.0005,2687,5.374,joint6,lower,-0.0470652
0.0005,2688,5.376,joint4,upper,1.88882
0.0005,2688,5.376,joint6,lower,-0.0553208
0.0005,2689,5.378,joint4,upper,1.90726
0.0005,2689,5.378,joint6,lower,-0.0638395
0.0005,2690,5.38,joint2,upper,0.00356744
0.0005,2690,5.38,joint4,upper,1.9263
0.0005,2690,5.38,joint6,lower,-0.0726324
0.0005,2691,5.382,joint2,upper,0.0141576
0.0005,2691,5.382,joint4,upper,1.94597
0.0005,2691,5.382,joint6,lower,-0.0817101
0.0005,2692,5.384,joint2,upper,0.0250722
0.0005,2692,5.384,joint4,upper,1.96623
0.0005,2692,5.384,joint6,lower,-0.0910596
0.0005,2693,5.386,joint2,upper,0.0362423
0.0005,2693,5.386,joint4,upper,1.98696
0.0005,2693,5.386,joint6,lower,-0.100621
0.0005,2694,5.388,joint2,upper,0.0475984
0.0005,2694,5.388,joint4,upper,2.00803
0.0005,2694,5.388,joint6,lower,-0.110333
0.0005,2695,5.39,joint2,upper,0.0590797
0.0005,2695,5.39,joint4,upper,2.02932
0.0005,2695,5.39,joint6,lower,-0.120143
0.0005,2696,5.392,joint2,upper,0.070635
0.0005,2696,5.392,joint4,upper,2.05074
0.0005,2696,5.392,joint6,lower,-0.130007
0.0005,2697,5.394,joint2,upper,0.0822219
0.0005,2697,5.394,joint4,upper,2.07221
0.0005,2697,5.394,joint6,lower,-0.139886
0.0005,2698,5.396,joint2,upper,0.0938146
0.0005,2698,5.396,joint4,upper,2.09367
0.0005,2698,5.396,joint6,lower,-0.149759
0.0005,2699,5.398,joint2,upper,0.105365
0.0005,2699,5.398,joint4,upper,2.11505
0.0005,2699,5.398,joint6,lower,-0.159581
0.0005,2700,5.4,joint2,upper,0.116857
0.0005,2700,5.4,joint4,upper,2.1363
0.0005,2700,5.4,joint6,lower,-0.169342
0.0005,2701,5.402,joint2,upper,0.128285
0.0005,2701,5.402,joint4,upper,2.15742
0.0005,2701,5.402,joint6,lower,-0.179035
0.0005,2702,5.404,joint2,upper,0.139645
0.0005,2702,5.404,joint4,upper,2.1784
0.0005,2702,5.404,joint6,lower,-0.188657
0.0005,2703,5.406,joint2,upper,0.150933
0.0005,2703,5.406,joint4,upper,2.19924
0.0005,2703,5.406,joint6,lower,-0.198206
0.0005,2704,5.408,joint2,upper,0.162147
0.0005,2704,5.408,joint4,upper,2.21993
0.0005,2704,5.408,joint6,lower,-0.20768
0.0005,2705,5.41,joint2,upper,0.173283
0.0005,2705,5.41,joint4,upper,2.24046
0.0005,2705,5.41,joint6,lower,-0.217077
0.0005,2706,5.412,joint2,upper,0.184339
0.0005,2706,5.412,joint4,upper,2.26083
0.0005,2706,5.412,joint6,lower,-0.226394
0.0005,2707,5.414,joint2,upper,0.195312
0.0005,2707,5.414,joint4,upper,2.28104
0.0005,2707,5.414,joint6,lower,-0.235631
0.0005,2708,5.416,joint2,upper,0.206199
0.0005,2708,5.416,joint4,upper,2.30108
0.0005,2708,5.416,joint6,lower,-0.244784
0.0005,2709,5.418,joint2,upper,0.216998
0.0005,2709,5.418,joint4,upper,2.32095
0.0005,2709,5.418,joint6,lower,-0.253853
0.0005,2710,5.42,joint2,upper,0.227706
0.0005,2710,5.42,joint4,upper,2.34064
0.0005,2710,5.42,joint6,lower,-0.262835
0.0005,2711,5.422,joint2,upper,0.23832
0.0005,2711,5.422,joint4,upper,2.36015
0.0005,2711,5.422,joint6,lower,-0.271728
0.0005,2712,5.424,joint2,upper,0.248839
0.0005,2712,5.424,joint4,upper,2.37947
0.0005,2712,5.424,joint6,lower,-0.280531
0.0005,2713,5.426,joint2,upper,0.259259
0.0005,2713,5.426,joint4,upper,2.3986
0.0005,2713,5.426,joint6,lower,-0.289242
0.0005,2714,5.428,joint2,upper,0.269578
0.0005,2714,5.428,joint4,upper,2.41754
0.0005,2714,5.428,joint6,lower,-0.297859
0.0005,2715,5.43,joint2,upper,0.279794
0.0005,2715,5.43,joint4,upper,2.43627
0.0005,2715,5.43,joint6,lower,-0.306381
0.0005,2716,5.432,joint2,upper,0.289904
0.0005,2716,5.432,joint4,upper,2.45481
0.0005,2716,5.432,joint6,lower,-0.314805
0.0005,2717,5.434,joint2,upper,0.299906
0.0005,2717,5.434,joint4,upper,2.47314
0.0005,2717,5.434,joint6,lower,-0.323131
0.0005,2718,5.436,joint2,upper,0.309798
0.0005,2718,5.436,joint4,upper,2.49125
0.0005,2718,5.436,joint6,lower,-0.331357
0.0005,2719,5.438,joint2,upper,0.319578
0.0005,2719,5.438,joint4,upper,2.50916
0.0005,2719,5.438,joint6,lower,-0.339481
0.0005,2720,5.44,joint2,upper,0.329243
0.0005,2720,5.44,joint4,upper,2.52684
0.0005,2720,5.44,joint6,lower,-0.347502
0.0005,2721,5.442,joint2,upper,0.338791
0.0005,2721,5.442,joint4,upper,2.54431
0.0005,2721,5.442,joint6,lower,-0.355419
0.0005,2722,5.444,joint2,upper,0.34822
0.0005,2722,5.444,joint4,upper,2.56155
0.0005,2722,5.444,joint6,lower,-0.363229
0.0005,2723,5.446,joint2,upper,0.357529
0.0005,2723,5.446,joint4,upper,2.57856
0.0005,2723,5.446,joint6,lower,-0.370932
0.0005,2724,5.448,joint2,upper,0.366715
0.0005,2724,5.448,joint4,upper,2.59534
0.0005,2724,5.448,joint6,lower,-0.378526
0.0005,2725,5.45,joint2,upper,0.375776
0.0005,2725,5.45,joint4,upper,2.61188
0.0005,2725,5.45,joint6,lower,-0.386009
0.0005,2726,5.452,joint2,upper,0.38471
0.0005,2726,5.452,joint4,upper,2.62819
0.0005,2726,5.452,joint6,lower,-0.393382
0.0005,2727,5.454,joint2,upper,0.393516
0.0005,2727,5.454,joint4,upper,2.64426
0.0005,2727,5.454,joint6,lower,-0.400641
0.0005,2728,5.456,joint2,upper,0.402191
0.0005,2728,5.456,joint4,upper,2.66008
0.0005,2728,5.456,joint6,lower,-0.407786
0.0005,2729,5.458,joint2,upper,0.410733
0.0005,2729,5.458,joint4,upper,2.67565
0.0005,2729,5.458,joint6,lower,-0.414817
0.0005,2730,5.46,joint2,upper,0.419142
0.0005,2730,5.46,joint4,upper,2.69097
0.0005,2730,5.46,joint6,lower,-0.421731
0.0005,2731,5.462,joint2,upper,0.427415
0.0005,2731,5.462,joint4,upper,2.70604
0.0005,2731,5.462,joint6,lower,-0.428527
0.0005,2732,5.464,joint2,upper,0.435551
0.0005,2732,5.464,joint4,upper,2.72085
0.0005,2732,5.464,joint6,lower,-0.435205
0.0005,2733,5.466,joint2,upper,0.443547
0.0005,2733,5.466,joint4,upper,2.73541
0.0005,2733,5.466,joint6,lower,-0.441762
0.0005,2734,5.468,joint2,upper,0.451403
0.0005,2734,5.468,joint4,upper,2.7497
0.0005,2734,5.468,joint6,lower,-0.448199
0.0005,2735,5.47,joint2,upper,0.459117
0.0005,2735,5.47,joint4,upper,2.76373
0.0005,2735,5.47,joint6,lower,-0.454515
0.0005,2736,5.472,joint2,upper,0.466686
0.0005,2736,5.472,joint4,upper,2.77749
0.0005,2736,5.472,joint6,lower,-0.460707
0.0005,2737,5.474,joint2,upper,0.474111
0.0005,2737,5.474,joint4,upper,2.79099
0.0005,2737,5.474,joint6,lower,-0.466776
0.0005,2738,5.476,joint2,upper,0.481389
0.0005,2738,5.476,joint4,upper,2.80421
0.0005,2738,5.476,joint6,lower,-0.472719
0.0005,2739,5.478,joint2,upper,0.488519
0.0005,2739,5.478,joint4,upper,2.81715
0.0005,2739,5.478,joint6,lower,-0.478537
0.0005,2740,5.48,joint2,upper,0.495499
0.0005,2740,5.48,joint4,upper,2.82983
0.0005,2740,5.48,joint6,lower,-0.484229
0.0005,2741,5.482,joint2,upper,0.502329
0.0005,2741,5.482,joint4,upper,2.84222
0.0005,2741,5.482,joint6,lower,-0.489793
0.0005,2742,5.484,joint2,upper,0.509006
0.0005,2742,5.484,joint4,upper,2.85433
0.0005,2742,5.484,joint6,lower,-0.495229
0.0005,2743,5.486,joint2,upper,0.51553
0.0005,2743,5.486,joint4,upper,2.86616
0.0005,2743,5.486,joint6,lower,-0.500536
0.0005,2744,5.488,joint2,upper,0.5219
0.0005,2744,5.488,joint4,upper,2.87771
0.0005,2744,5.488,joint6,lower,-0.505713
0.0005,2745,5.49,joint2,upper,0.528114
0.0005,2745,5.49,joint4,upper,2.88897
0.0005,2745,5.49,joint6,lower,-0.510759
0.0005,2746,5.492,joint2,upper,0.534172
0.0005,2746,5.492,joint4,upper,2.89994
0.0005,2746,5.492,joint6,lower,-0.515674
0.0005,2747,5.494,joint2,upper,0.540071
0.0005,2747,5.494,joint4,upper,2.91063
0.0005,2747,5.494,joint6,lower,-0.520458
0.0005,2748,5.496,joint2,upper,0.545812
0.0005,2748,5.496,joint4,upper,2.92102
0.0005,2748,5.496,joint6,lower,-0.525108
0.0005,2749,5.498,joint2,upper,0.551393
0.0005,2749,5.498,joint4,upper,2.93112
0.0005,2749,5.498,joint6,lower,-0.529625
0.0005,2750,5.5,joint2,upper,0.556812
0.0005,2750,5.5,joint4,upper,2.94092
0.0005,2750,5.5,joint6,lower,-0.534009
0.0005,2751,5.502,joint2,upper,0.562071
0.0005,2751,5.502,joint4,upper,2.95043
0.0005,2751,5.502,joint6,lower,-0.538257
0.0005,2752,5.504,joint2,upper,0.567166
0.0005,2752,5.504,joint4,upper,2.95964
0.0005,2752,5.504,joint6,lower,-0.542371
0.0005,2753,5.506,joint2,upper,0.572098
0.0005,2753,5.506,joint4,upper,2.96855
0.0005,2753,5.506,joint6,lower,-0.546349
0.0005,2754,5.508,joint2,upper,0.576865
0.0005,2754,5.508,joint4,upper,2.97715
0.0005,2754,5.508,joint6,lower,-0.550192
0.0005,2755,5.51,joint2,upper,0.581467
0.0005,2755,5.51,joint4,upper,2.98546
0.0005,2755,5.51,joint6,lower,-0.553897
0.0005,2756,5.512,joint2,upper,0.585904
0.0005,2756,5.512,joint4,upper,2.99347
0.0005,2756,5.512,joint6,lower,-0.557466
0.0005,2757,5.514,joint2,upper,0.590174
0.0005,2757,5.514,joint4,upper,3.00117
0.0005,2757,5.514,joint6,lower,-0.560897
0.0005,2758,5.516,joint2,upper,0.594276
0.0005,2758,5.516,joint4,upper,3.00856
0.0005,2758,5.516,joint6,lower,-0.56419
0.0005,2759,5.518,joint2,upper,0.598211
0.0005,2759,5.518,joint4,upper,3.01565
0.0005,2759,5.518,joint6,lower,-0.567345
0.0005,2760,5.52,joint2,upper,0.601978
0.0005,2760,5.52,joint4,upper,3.02244
0.0005,2760,5.52,joint6,lower,-0.570362
0.0005,2761,5.522,joint2,upper,0.605575
0.0005,2761,5.522,joint4,upper,3.02891
0.0005,2761,5.522,joint6,lower,-0.57324
0.0005,2762,5.524,joint2,upper,0.60898
0.0005,2762,5.524,joint4,upper,3.03504
0.0005,2762,5.524,joint6,lower,-0.575958
0.0005,2763,5.526,joint2,upper,0.612239
0.0005,2763,5.526,joint4,upper,3.04089
0.0005,2763,5.526,joint6,lower,-0.578556
0.0005,2764,5.528,joint2,upper,0.615376
0.0005,2764,5.528,joint4,upper,3.04653
0.0005,2764,5.528,joint6,lower,-0.581054
0.0005,2765,5.53,joint2,upper,0.618403
0.0005,2765,5.53,joint4,upper,3.05196
0.0005,2765,5.53,joint6,lower,-0.583462
0.0005,2766,5.532,joint2,upper,0.620757
0.0005,2766,5.532,joint4,upper,3.05618
0.0005,2766,5.532,joint6,lower,-0.585325
0.0005,2767,5.534,joint2,upper,0.622528
0.0005,2767,5.534,joint4,upper,3.05934
0.0005,2767,5.534,joint6,lower,-0.586717
0.0005,2768,5.536,joint2,upper,0.623796
0.0005,2768,5.536,joint4,upper,3.0616
0.0005,2768,5.536,joint6,lower,-0.587704
0.0005,2769,5.538,joint2,upper,0.624633
0.0005,2769,5.538,joint4,upper,3.06308
0.0005,2769,5.538,joint6,lower,-0.588346
0.0005,2770,5.54,joint2,upper,0.625105
0.0005,2770,5.54,joint4,upper,3.0639
0.0005,2770,5.54,joint6,lower,-0.588695
0.0005,2771,5.542,joint2,upper,0.625266
0.0005,2771,5.542,joint4,upper,3.06416
0.0005,2771,5.542,joint6,lower,-0.588797
0.0005,2772,5.544,joint2,upper,0.625166
0.0005,2772,5.544,joint4,upper,3.06395
0.0005,2772,5.544,joint6,lower,-0.58869
0.0005,2773,5.546,joint2,upper,0.62485
0.0005,2773,5.546,joint4,upper,3.06336
0.0005,2773,5.546,joint6,lower,-0.588411
0.0005,2774,5.548,joint2,upper,0.624354
0.0005,2774,5.548,joint4,upper,3.06244
0.0005,2774,5.548,joint6,lower,-0.587989
0.0005,2775,5.55,joint2,upper,0.623713
0.0005,2775,5.55,joint4,upper,3.06126
0.0005,2775,5.55,joint6,lower,-0.587451
0.0005,2776,5.552,joint2,upper,0.622956
0.0005,2776,5.552,joint4,upper,3.05987
0.0005,2776,5.552,joint6,lower,-0.586821
0.0005,2777,5.554,joint2,upper,0.622108
0.0005,2777,5.554,joint4,upper,3.05832
0.0005,2777,5.554,joint6,lower,-0.586118
0.0005,2778,5.556,joint2,upper,0.621192
0.0005,2778,5.556,joint4,upper,3.05665
0.0005,2778,5.556,joint6,lower,-0.58536
0.0005,2779,5.558,joint2,upper,0.620226
0.0005,2779,5.558,joint4,upper,3.05488
0.0005,2779,5.558,joint6,lower,-0.584562
0.0005,2780,5.56,joint2,upper,0.619226
0.0005,2780,5.56,joint4,upper,3.05306
0.0005,2780,5.56,joint6,lower,-0.583735
0.0005,2781,5.562,joint2,upper,0.618207
0.0005,2781,5.562,joint4,upper,3.0512
0.0005,2781,5.562,joint6,lower,-0.582892
0.0005,2782,5.564,joint2,upper,0.617179
0.0005,2782,5.564,joint4,upper,3.04932
0.0005,2782,5.564,joint6,lower,-0.582041
0.0005,2783,5.566,joint2,upper,0.616152
0.0005,2783,5.566,joint4,upper,3.04744
0.0005,2783,5.566,joint6,lower,-0.581189
0.0005,2784,5.568,joint2,upper,0.615135
0.0005,2784,5.568,joint4,upper,3.04558
0.0005,2784,5.568,joint6,lower,-0.580343
0.0005,2785,5.57,joint2,upper,0.614134
0.0005,2785,5.57,joint4,upper,3.04374
0.0005,2785,5.57,joint6,lower,-0.579508
0.0005,2786,5.572,joint2,upper,0.613154
0.0005,2786,5.572,joint4,upper,3.04194
0.0005,2786,5.572,joint6,lower,-0.578687
0.0005,2787,5.574,joint2,upper,0.612198
0.0005,2787,5.574,joint4,upper,3.04018
0.0005,2787,5.574,joint6,lower,-0.577886
0.0005,2788,5.576,joint2,upper,0.611272
0.0005,2788,5.576,joint4,upper,3.03847
0.0005,2788,5.576,joint6,lower,-0.577105
0.0005,2789,5.578,joint2,upper,0.610375
0.0005,2789,5.578,joint4,upper,3.03682
0.0005,2789,5.578,joint6,lower,-0.576346
0.0005,2790,5.58,joint2,upper,0.609512
0.0005,2790,5.58,joint4,upper,3.03522
0.0005,2790,5.58,joint6,lower,-0.575612
0.0005,2791,5.582,joint2,upper,0.608682
0.0005,2791,5.582,joint4,upper,3.03368
0.0005,2791,5.582,joint6,lower,-0.574903
0.0005,2792,5.584,joint2,upper,0.607886
0.0005,2792,5.584,joint4,upper,3.0322
0.0005,2792,5.584,joint6,lower,-0.57422
0.0005,2793,5.586,joint2,upper,0.607125
0.0005,2793,5.586,joint4,upper,3.03079
0.0005,2793,5.586,joint6,lower,-0.573563
0.0005,2794,5.588,joint2,upper,0.606399
0.0005,2794,5.588,joint4,upper,3.02943
0.0005,2794,5.588,joint6,lower,-0.572932
0.0005,2795,5.59,joint2,upper,0.605707
0.0005,2795,5.59,joint4,upper,3.02813
0.0005,2795,5.59,joint6,lower,-0.572327
0.0005,2796,5.592,joint2,upper,0.60505
0.0005,2796,5.592,joint4,upper,3.0269
0.0005,2796,5.592,joint6,lower,-0.571749
0.0005,2797,5.594,joint2,upper,0.604426
0.0005,2797,5.594,joint4,upper,3.02572
0.0005,2797,5.594,joint6,lower,-0.571195
0.0005,2798,5.596,joint2,upper,0.603834
0.0005,2798,5.596,joint4,upper,3.0246
0.0005,2798,5.596,joint6,lower,-0.570667
0.0005,2799,5.598,joint2,upper,0.603275
0.0005,2799,5.598,joint4,upper,3.02354
0.0005,2799,5.598,joint6,lower,-0.570164
0.0005,2800,5.6,joint2,upper,0.602748
0.0005,2800,5.6,joint4,upper,3.02253
0.0005,2800,5.6,joint6,lower,-0.569684
0.0005,2801,5.602,joint2,upper,0.602251
0.0005,2801,5.602,joint4,upper,3.02158
0.0005,2801,5.602,joint6,lower,-0.569228
0.0005,2802,5.604,joint2,upper,0.601785
0.0005,2802,5.604,joint4,upper,3.02068
0.0005,2802,5.604,joint6,lower,-0.568796
0.0005,2803,5.606,joint2,upper,0.601365
0.0005,2803,5.606,joint4,upper,3.01986
0.0005,2803,5.606,joint6,lower,-0.5684
0.0005,2804,5.608,joint2,upper,0.600989
0.0005,2804,5.608,joint4,upper,3.01912
0.0005,2804,5.608,joint6,lower,-0.568038
0.0005,2805,5.61,joint2,upper,0.600656
0.0005,2805,5.61,joint4,upper,3.01846
0.0005,2805,5.61,joint6,lower,-0.567711
0.0005,2806,5.612,joint2,upper,0.600365
0.0005,2806,5.612,joint4,upper,3.01788
0.0005,2806,5.612,joint6,lower,-0.567416
0.0005,2807,5.614,joint2,upper,0.600115
0.0005,2807,5.614,joint4,upper,3.01737
0.0005,2807,5.614,joint6,lower,-0.567154
0.0005,2808,5.616,joint2,upper,0.599905
0.0005,2808,5.616,joint4,upper,3.01693
0.0005,2808,5.616,joint6,lower,-0.566924
0.0005,2809,5.618,joint2,upper,0.599733
0.0005,2809,5.618,joint4,upper,3.01655
0.0005,2809,5.618,joint6,lower,-0.566724
0.0005,2810,5.62,joint2,upper,0.599596
0.0005,2810,5.62,joint4,upper,3.01625
0.0005,2810,5.62,joint6,lower,-0.566553
0.0005,2811,5.622,joint2,upper,0.599495
0.0005,2811,5.622,joint4,upper,3.016
0.0005,2811,5.622,joint6,lower,-0.566409
0.0005,2812,5.624,joint2,upper,0.599425
0.0005,2812,5.624,joint4,upper,3.01582
0.0005,2812,5.624,joint6,lower,-0.566292
0.0005,2813,5.626,joint2,upper,0.599387
0.0005,2813,5.626,joint4,upper,3.01569
0.0005,2813,5.626,joint6,lower,-0.566201
0.0005,2814,5.628,joint2,upper,0.599378
0.0005,2814,5.628,joint4,upper,3.01561
0.0005,2814,5.628,joint6,lower,-0.566132
0.0005,2815,5.63,joint2,upper,0.599396
0.0005,2815,5.63,joint4,upper,3.01558
0.0005,2815,5.63,joint6,lower,-0.566086
0.0005,2816,5.632,joint2,upper,0.59944
0.0005,2816,5.632,joint4,upper,3.0156
0.0005,2816,5.632,joint6,lower,-0.566062
0.0005,2817,5.634,joint2,upper,0.599508
0.0005,2817,5.634,joint4,upper,3.01566
0.0005,2817,5.634,joint6,lower,-0.566057
0.0005,2818,5.636,joint2,upper,0.599598
0.0005,2818,5.636,joint4,upper,3.01577
0.0005,2818,5.636,joint6,lower,-0.56607
0.0005,2819,5.638,joint2,upper,0.59971
0.0005,2819,5.638,joint4,upper,3.01591
0.0005,2819,5.638,joint6,lower,-0.566101
0.0005,2820,5.64,joint2,upper,0.59984
0.0005,2820,5.64,joint4,upper,3.01609
0.0005,2820,5.64,joint6,lower,-0.566148
0.0005,2821,5.642,joint2,upper,0.599989
0.0005,2821,5.642,joint4,upper,3.0163
0.0005,2821,5.642,joint6,lower,-0.56621
0.0005,2822,5.644,joint2,upper,0.600154
0.0005,2822,5.644,joint4,upper,3.01654
0.0005,2822,5.644,joint6,lower,-0.566286
0.0005,2823,5.646,joint2,upper,0.600335
0.0005,2823,5.646,joint4,upper,3.01681
0.0005,2823,5.646,joint6,lower,-0.566374
0.0005,2824,5.648,joint2,upper,0.600529
0.0005,2824,5.648,joint4,upper,3.01711
0.0005,2824,5.648,joint6,lower,-0.566475
0.0005,2825,5.65,joint2,upper,0.600737
0.0005,2825,5.65,joint4,upper,3.01743
0.0005,2825,5.65,joint6,lower,-0.566587
0.0005,2826,5.652,joint2,upper,0.600956
0.0005,2826,5.652,joint4,upper,3.01777
0.0005,2826,5.652,joint6,lower,-0.566709
0.0005,2827,5.654,joint2,upper,0.601186
0.0005,2827,5.654,joint4,upper,3.01813
0.0005,2827,5.654,joint6,lower,-0.56684
0.0005,2828,5.656,joint2,upper,0.601426
0.0005,2828,5.656,joint4,upper,3.01851
0.0005,2828,5.656,joint6,lower,-0.56698
0.0005,2829,5.658,joint2,upper,0.601675
0.0005,2829,5.658,joint4,upper,3.01891
0.0005,2829,5.658,joint6,lower,-0.567127
0.0005,2830,5.66,joint2,upper,0.601932
0.0005,2830,5.66,joint4,upper,3.01932
0.0005,2830,5.66,joint6,lower,-0.567282
0.0005,2831,5.662,joint2,upper,0.602196
0.0005,2831,5.662,joint4,upper,3.01974
0.0005,2831,5.662,joint6,lower,-0.567443
0.0005,2832,5.664,joint2,upper,0.602467
0.0005,2832,5.664,joint4,upper,3.02018
0.0005,2832,5.664,joint6,lower,-0.56761
0.0005,2833,5.666,joint2,upper,0.602743
0.0005,2833,5.666,joint4,upper,3.02063
0.0005,2833,5.666,joint6,lower,-0.567783
0.0005,2834,5.668,joint2,upper,0.603025
0.0005,2834,5.668,joint4,upper,3.02109
0.0005,2834,5.668,joint6,lower,-0.56796
0.0005,2835,5.67,joint2,upper,0.603312
0.0005,2835,5.67,joint4,upper,3.02156
0.0005,2835,5.67,joint6,lower,-0.568141
0.0005,2836,5.672,joint2,upper,0.603603
0.0005,2836,5.672,joint4,upper,3.02204
0.0005,2836,5.672,joint6,lower,-0.568326
0.0005,2837,5.674,joint2,upper,0.603897
0.0005,2837,5.674,joint4,upper,3.02252
0.0005,2837,5.674,joint6,lower,-0.568515
0.0005,2838,5.676,joint2,upper,0.604195
0.0005,2838,5.676,joint4,upper,3.02301
0.0005,2838,5.676,joint6,lower,-0.568707
0.0005,2839,5.678,joint2,upper,0.604495
0.0005,2839,5.678,joint4,upper,3.02351
0.0005,2839,5.678,joint6,lower,-0.568902
0.0005,2840,5.68,joint2,upper,0.604798
0.0005,2840,5.68,joint4,upper,3.02401
0.0005,2840,5.68,joint6,lower,-0.569099
0.0005,2841,5.682,joint2,upper,0.605103
0.0005,2841,5.682,joint4,upper,3.02451
0.0005,2841,5.682,joint6,lower,-0.569298
0.0005,2842,5.684,joint2,upper,0.605409
0.0005,2842,5.684,joint4,upper,3.02502
0.0005,2842,5.684,joint6,lower,-0.569498
0.0005,2843,5.686,joint2,upper,0.605717
0.0005,2843,5.686,joint4,upper,3.02553
0.0005,2843,5.686,joint6,lower,-0.569701
0.0005,2844,5.688,joint2,upper,0.606026
0.0005,2844,5.688,joint4,upper,3.02604
0.0005,2844,5.688,joint6,lower,-0.569904
0.0005,2845,5.69,joint2,upper,0.606332
0.0005,2845,5.69,joint4,upper,3.02655
0.0005,2845,5.69,joint6,lower,-0.570107
0.0005,2846,5.692,joint2,upper,0.606635
0.0005,2846,5.692,joint4,upper,3.02706
0.0005,2846,5.692,joint6,lower,-0.570307
0.0005,2847,5.694,joint2,upper,0.606933
0.0005,2847,5.694,joint4,upper,3.02755
0.0005,2847,5.694,joint6,lower,-0.570505
0.0005,2848,5.696,joint2,upper,0.607228
0.0005,2848,5.696,joint4,upper,3.02805
0.0005,2848,5.696,joint6,lower,-0.570701
0.0005,2849,5.698,joint2,upper,0.607519
0.0005,2849,5.698,joint4,upper,3.02853
0.0005,2849,5.698,joint6,lower,-0.570895
0.0005,2850,5.7,joint2,upper,0.607808
0.0005,2850,5.7,joint4,upper,3.02901
0.0005,2850,5.7,joint6,lower,-0.571087
0.0005,2851,5.702,joint2,upper,0.608093
0.0005,2851,5.702,joint4,upper,3.02949
0.0005,2851,5.702,joint6,lower,-0.571277
0.0005,2852,5.704,joint2,upper,0.608376
0.0005,2852,5.704,joint4,upper,3.02996
0.0005,2852,5.704,joint6,lower,-0.571465
0.0005,2853,5.706,joint2,upper,0.608658
0.0005,2853,5.706,joint4,upper,3.03043
0.0005,2853,5.706,joint6,lower,-0.571653
0.0005,2854,5.708,joint2,upper,0.608937
0.0005,2854,5.708,joint4,upper,3.0309
0.0005,2854,5.708,joint6,lower,-0.571839
0.0005,2855,5.71,joint2,upper,0.609215
0.0005,2855,5.71,joint4,upper,3.03136
0.0005,2855,5.71,joint6,lower,-0.572024
0.0005,2856,5.712,joint2,upper,0.609492
0.0005,2856,5.712,joint4,upper,3.03182
0.0005,2856,5.712,joint6,lower,-0.572208
0.0005,2857,5.714,joint2,upper,0.609768
0.0005,2857,5.714,joint4,upper,3.03228
0.0005,2857,5.714,joint6,lower,-0.572391
0.0005,2858,5.716,joint2,upper,0.610042
0.0005,2858,5.716,joint4,upper,3.03274
0.0005,2858,5.716,joint6,lower,-0.572574
0.0005,2859,5.718,joint2,upper,0.610316
0.0005,2859,5.718,joint4,upper,3.0332
0.0005,2859,5.718,joint6,lower,-0.572756
0.0005,2860,5.72,joint2,upper,0.610589
0.0005,2860,5.72,joint4,upper,3.03365
0.0005,2860,5.72,joint6,lower,-0.572938
0.0005,2861,5.722,joint2,upper,0.610861
0.0005,2861,5.722,joint4,upper,3.03411
0.0005,2861,5.722,joint6,lower,-0.573119
0.0005,2862,5.724,joint2,upper,0.611132
0.0005,2862,5.724,joint4,upper,3.03456
0.0005,2862,5.724,joint6,lower,-0.573299
0.0005,2863,5.726,joint2,upper,0.611402
0.0005,2863,5.726,joint4,upper,3.03501
0.0005,2863,5.726,joint6,lower,-0.573479
0.0005,2864,5.728,joint2,upper,0.611672
0.0005,2864,5.728,joint4,upper,3.03546
0.0005,2864,5.728,joint6,lower,-0.573658
0.0005,2865,5.73,joint2,upper,0.61194
0.0005,2865,5.73,joint4,upper,3.03591
0.0005,2865,5.73,joint6,lower,-0.573837
0.0005,2866,5.732,joint2,upper,0.612208
0.0005,2866,5.732,joint4,upper,3.03636
0.0005,2866,5.732,joint6,lower,-0.574015
0.0005,2867,5.734,joint2,upper,0.612475
0.0005,2867,5.734,joint4,upper,3.0368
0.0005,2867,5.734,joint6,lower,-0.574193
0.0005,2868,5.736,joint2,upper,0.612741
0.0005,2868,5.736,joint4,upper,3.03724
0.0005,2868,5.736,joint6,lower,-0.57437
0.0005,2869,5.738,joint2,upper,0.613006
0.0005,2869,5.738,joint4,upper,3.03769
0.0005,2869,5.738,joint6,lower,-0.574546
0.0005,2870,5.74,joint2,upper,0.613269
0.0005,2870,5.74,joint4,upper,3.03813
0.0005,2870,5.74,joint6,lower,-0.574722
0.0005,2871,5.742,joint2,upper,0.613532
0.0005,2871,5.742,joint4,upper,3.03857
0.0005,2871,5.742,joint6,lower,-0.574896
0.0005,2872,5.744,joint2,upper,0.613793
0.0005,2872,5.744,joint4,upper,3.039
0.0005,2872,5.744,joint6,lower,-0.57507
0.0005,2873,5.746,joint2,upper,0.614053
0.0005,2873,5.746,joint4,upper,3.03944
0.0005,2873,5.746,joint6,lower,-0.575243
0.0005,2874,5.748,joint2,upper,0.614312
0.0005,2874,5.748,joint4,upper,3.03987
0.0005,2874,5.748,joint6,lower,-0.575416
0.0005,2875,5.75,joint2,upper,0.614569
0.0005,2875,5.75,joint4,upper,3.0403
0.0005,2875,5.75,joint6,lower,-0.575587
0.0005,2876,5.752,joint2,upper,0.614824
0.0005,2876,5.752,joint4,upper,3.04072
0.0005,2876,5.752,joint6,lower,-0.575757
0.0005,2877,5.754,joint2,upper,0.615078
0.0005,2877,5.754,joint4,upper,3.04115
0.0005,2877,5.754,joint6,lower,-0.575926
0.0005,2878,5.756,joint2,upper,0.61533
0.0005,2878,5.756,joint4,upper,3.04157
0.0005,2878,5.756,joint6,lower,-0.576093
0.0005,2879,5.758,joint2,upper,0.61558
0.0005,2879,5.758,joint4,upper,3.04198
0.0005,2879,5.758,joint6,lower,-0.57626
0.0005,2880,5.76,joint2,upper,0.615829
0.0005,2880,5.76,joint4,upper,3.0424
0.0005,2880,5.76,joint6,lower,-0.576425
0.0005,2881,5.762,joint2,upper,0.616075
0.0005,2881,5.762,joint4,upper,3.04281
0.0005,2881,5.762,joint6,lower,-0.576589
0.0005,2882,5.764,joint2,upper,0.61632
0.0005,2882,5.764,joint4,upper,3.04322
0.0005,2882,5.764,joint6,lower,-0.576751
0.0005,2883,5.766,joint2,upper,0.616562
0.0005,2883,5.766,joint4,upper,3.04362
0.0005,2883,5.766,joint6,lower,-0.576913
0.0005,2884,5.768,joint2,upper,0.616803
0.0005,2884,5.768,joint4,upper,3.04402
0.0005,2884,5.768,joint6,lower,-0.577072
0.0005,2885,5.77,joint2,upper,0.617041
0.0005,2885,5.77,joint4,upper,3.04442
0.0005,2885,5.77,joint6,lower,-0.57723
0.0005,2886,5.772,joint2,upper,0.617278
0.0005,2886,5.772,joint4,upper,3.04481
0.0005,2886,5.772,joint6,lower,-0.577387
0.0005,2887,5.774,joint2,upper,0.617512
0.0005,2887,5.774,joint4,upper,3.0452
0.0005,2887,5.774,joint6,lower,-0.577542
0.0005,2888,5.776,joint2,upper,0.617744
0.0005,2888,5.776,joint4,upper,3.04559
0.0005,2888,5.776,joint6,lower,-0.577696
0.0005,2889,5.778,joint2,upper,0.617973
0.0005,2889,5.778,joint4,upper,3.04597
0.0005,2889,5.778,joint6,lower,-0.577848
0.0005,2890,5.78,joint2,upper,0.618201
0.0005,2890,5.78,joint4,upper,3.04635
0.0005,2890,5.78,joint6,lower,-0.577999
0.0005,2891,5.782,joint2,upper,0.618426
0.0005,2891,5.782,joint4,upper,3.04672
0.0005,2891,5.782,joint6,lower,-0.578148
0.0005,2892,5.784,joint2,upper,0.618649
0.0005,2892,5.784,joint4,upper,3.04709
0.0005,2892,5.784,joint6,lower,-0.578295
0.0005,2893,5.786,joint2,upper,0.61887
0.0005,2893,5.786,joint4,upper,3.04746
0.0005,2893,5.786,joint6,lower,-0.578441
0.0005,2894,5.788,joint2,upper,0.619089
0.0005,2894,5.788,joint4,upper,3.04782
0.0005,2894,5.788,joint6,lower,-0.578586
0.0005,2895,5.79,joint2,upper,0.619305
0.0005,2895,5.79,joint4,upper,3.04818
0.0005,2895,5.79,joint6,lower,-0.578728
0.0005,2896,5.792,joint2,upper,0.619519
0.0005,2896,5.792,joint4,upper,3.04854
0.0005,2896,5.792,joint6,lower,-0.57887
0.0005,2897,5.794,joint2,upper,0.619731
0.0005,2897,5.794,joint4,upper,3.04889
0.0005,2897,5.794,joint6,lower,-0.579009
0.0005,2898,5.796,joint2,upper,0.619941
0.0005,2898,5.796,joint4,upper,3.04924
0.0005,2898,5.796,joint6,lower,-0.579147
0.0005,2899,5.798,joint2,upper,0.620148
0.0005,2899,5.798,joint4,upper,3.04958
0.0005,2899,5.798,joint6,lower,-0.579284
0.0005,2900,5.8,joint2,upper,0.620353
0.0005,2900,5.8,joint4,upper,3.04992
0.0005,2900,5.8,joint6,lower,-0.579418
0.0005,2901,5.802,joint2,upper,0.620556
0.0005,2901,5.802,joint4,upper,3.05026
0.0005,2901,5.802,joint6,lower,-0.579552
0.0005,2902,5.804,joint2,upper,0.620757
0.0005,2902,5.804,joint4,upper,3.05059
0.0005,2902,5.804,joint6,lower,-0.579684
0.0005,2903,5.806,joint2,upper,0.620956
0.0005,2903,5.806,joint4,upper,3.05092
0.0005,2903,5.806,joint6,lower,-0.579814
0.0005,2904,5.808,joint2,upper,0.621152
0.0005,2904,5.808,joint4,upper,3.05124
0.0005,2904,5.808,joint6,lower,-0.579942
0.0005,2905,5.81,joint2,upper,0.621347
0.0005,2905,5.81,joint4,upper,3.05157
0.0005,2905,5.81,joint6,lower,-0.580069
0.0005,2906,5.812,joint2,upper,0.621539
0.0005,2906,5.812,joint4,upper,3.05188
0.0005,2906,5.812,joint6,lower,-0.580195
0.0005,2907,5.814,joint2,upper,0.621729
0.0005,2907,5.814,joint4,upper,3.0522
0.0005,2907,5.814,joint6,lower,-0.580319
0.0005,2908,5.816,joint2,upper,0.621917
0.0005,2908,5.816,joint4,upper,3.05251
0.0005,2908,5.816,joint6,lower,-0.580442
0.0005,2909,5.818,joint2,upper,0.622103
0.0005,2909,5.818,joint4,upper,3.05281
0.0005,2909,5.818,joint6,lower,-0.580563
0.0005,2910,5.82,joint2,upper,0.622287
0.0005,2910,5.82,joint4,upper,3.05312
0.0005,2910,5.82,joint6,lower,-0.580682
0.0005,2911,5.822,joint2,upper,0.622469
0.0005,2911,5.822,joint4,upper,3.05342
0.0005,2911,5.822,joint6,lower,-0.580801
0.0005,2912,5.824,joint2,upper,0.622649
0.0005,2912,5.824,joint4,upper,3.05371
0.0005,2912,5.824,joint6,lower,-0.580917
0.0005,2913,5.826,joint2,upper,0.622826
0.0005,2913,5.826,joint4,upper,3.05401
0.0005,2913,5.826,joint6,lower,-0.581032
0.0005,2914,5.828,joint2,upper,0.623002
0.0005,2914,5.828,joint4,upper,3.0543
0.0005,2914,5.828,joint6,lower,-0.581146
0.0005,2915,5.83,joint2,upper,0.623176
0.0005,2915,5.83,joint4,upper,3.05458
0.0005,2915,5.83,joint6,lower,-0.581258
0.0005,2916,5.832,joint2,upper,0.623347
0.0005,2916,5.832,joint4,upper,3.05486
0.0005,2916,5.832,joint6,lower,-0.581369
0.0005,2917,5.834,joint2,upper,0.623517
0.0005,2917,5.834,joint4,upper,3.05514
0.0005,2917,5.834,joint6,lower,-0.581479
0.0005,2918,5.836,joint2,upper,0.623685
0.0005,2918,5.836,joint4,upper,3.05542
0.0005,2918,5.836,joint6,lower,-0.581587
0.0005,2919,5.838,joint2,upper,0.62385
0.0005,2919,5.838,joint4,upper,3.05569
0.0005,2919,5.838,joint6,lower,-0.581693
0.0005,2920,5.84,joint2,upper,0.624017
0.0005,2920,5.84,joint4,upper,3.05596
0.0005,2920,5.84,joint6,lower,-0.5818
0.0005,2921,5.842,joint2,upper,0.624182
0.0005,2921,5.842,joint4,upper,3.05623
0.0005,2921,5.842,joint6,lower,-0.581904
0.0005,2922,5.844,joint2,upper,0.624344
0.0005,2922,5.844,joint4,upper,3.05649
0.0005,2922,5.844,joint6,lower,-0.582006
0.0005,2923,5.846,joint2,upper,0.624503
0.0005,2923,5.846,joint4,upper,3.05675
0.0005,2923,5.846,joint6,lower,-0.582106
0.0005,2924,5.848,joint2,upper,0.624659
0.0005,2924,5.848,joint4,upper,3.057
0.0005,2924,5.848,joint6,lower,-0.582202
0.0005,2925,5.85,joint2,upper,0.624812
0.0005,2925,5.85,joint4,upper,3.05725
0.0005,2925,5.85,joint6,lower,-0.582297
0.0005,2926,5.852,joint2,upper,0.624961
0.0005,2926,5.852,joint4,upper,3.05749
0.0005,2926,5.852,joint6,lower,-0.582389
0.0005,2927,5.854,joint2,upper,0.625108
0.0005,2927,5.854,joint4,upper,3.05773
0.0005,2927,5.854,joint6,lower,-0.582478
0.0005,2928,5.856,joint2,upper,0.625251
0.0005,2928,5.856,joint4,upper,3.05796
0.0005,2928,5.856,joint6,lower,-0.582566
0.0005,2929,5.858,joint2,upper,0.625392
0.0005,2929,5.858,joint4,upper,3.05818
0.0005,2929,5.858,joint6,lower,-0.582651
0.0005,2930,5.86,joint2,upper,0.62553
0.0005,2930,5.86,joint4,upper,3.05841
0.0005,2930,5.86,joint6,lower,-0.582734
0.0005,2931,5.862,joint2,upper,0.625665
0.0005,2931,5.862,joint4,upper,3.05862
0.0005,2931,5.862,joint6,lower,-0.582816
0.0005,2932,5.864,joint2,upper,0.625797
0.0005,2932,5.864,joint4,upper,3.05883
0.0005,2932,5.864,joint6,lower,-0.582896
0.0005,2933,5.866,joint2,upper,0.625928
0.0005,2933,5.866,joint4,upper,3.05904
0.0005,2933,5.866,joint6,lower,-0.582974
0.0005,2934,5.868,joint2,upper,0.626056
0.0005,2934,5.868,joint4,upper,3.05925
0.0005,2934,5.868,joint6,lower,-0.583051
0.0005,2935,5.87,joint2,upper,0.626181
0.0005,2935,5.87,joint4,upper,3.05945
0.0005,2935,5.87,joint6,lower,-0.583126
0.0005,2936,5.872,joint2,upper,0.626305
0.0005,2936,5.872,joint4,upper,3.05965
0.0005,2936,5.872,joint6,lower,-0.5832
0.0005,2937,5.874,joint2,upper,0.626426
0.0005,2937,5.874,joint4,upper,3.05984
0.0005,2937,5.874,joint6,lower,-0.583273
0.0005,2938,5.876,joint2,upper,0.626545
0.0005,2938,5.876,joint4,upper,3.06003
0.0005,2938,5.876,joint6,lower,-0.583344
0.0005,2939,5.878,joint2,upper,0.626663
0.0005,2939,5.878,joint4,upper,3.06022
0.0005,2939,5.878,joint6,lower,-0.583414
0.0005,2940,5.88,joint2,upper,0.626778
0.0005,2940,5.88,joint4,upper,3.0604
0.0005,2940,5.88,joint6,lower,-0.583483
0.0005,2941,5.882,joint2,upper,0.626891
0.0005,2941,5.882,joint4,upper,3.06058
0.0005,2941,5.882,joint6,lower,-0.583551
0.0005,2942,5.884,joint2,upper,0.627002
0.0005,2942,5.884,joint4,upper,3.06076
0.0005,2942,5.884,joint6,lower,-0.583617
0.0005,2943,5.886,joint2,upper,0.627111
0.0005,2943,5.886,joint4,upper,3.06093
0.0005,2943,5.886,joint6,lower,-0.583683
0.0005,2944,5.888,joint2,upper,0.627219
0.0005,2944,5.888,joint4,upper,3.0611
0.0005,2944,5.888,joint6,lower,-0.583747
0.0005,2945,5.89,joint2,upper,0.627324
0.0005,2945,5.89,joint4,upper,3.06127
0.0005,2945,5.89,joint6,lower,-0.58381
0.0005,2946,5.892,joint2,upper,0.627428
0.0005,2946,5.892,joint4,upper,3.06144
0.0005,2946,5.892,joint6,lower,-0.583872
0.0005,2947,5.894,joint2,upper,0.627529
0.0005,2947,5.894,joint4,upper,3.0616
0.0005,2947,5.894,joint6,lower,-0.583933
0.0005,2948,5.896,joint2,upper,0.627629
0.0005,2948,5.896,joint4,upper,3.06176
0.0005,2948,5.896,joint6,lower,-0.583992
0.0005,2949,5.898,joint2,upper,0.627727
0.0005,2949,5.898,joint4,upper,3.06192
0.0005,2949,5.898,joint6,lower,-0.584051
0.0005,2950,5.9,joint2,upper,0.627823
0.0005,2950,5.9,joint4,upper,3.06207
0.0005,2950,5.9,joint6,lower,-0.584108
0.0005,2951,5.902,joint2,upper,0.627916
0.0005,2951,5.902,joint4,upper,3.06222
0.0005,2951,5.902,joint6,lower,-0.584165
0.0005,2952,5.904,joint2,upper,0.628008
0.0005,2952,5.904,joint4,upper,3.06237
0.0005,2952,5.904,joint6,lower,-0.58422
0.0005,2953,5.906,joint2,upper,0.628098
0.0005,2953,5.906,joint4,upper,3.06251
0.0005,2953,5.906,joint6,lower,-0.584274
0.0005,2954,5.908,joint2,upper,0.628187
0.0005,2954,5.908,joint4,upper,3.06265
0.0005,2954,5.908,joint6,lower,-0.584327
0.0005,2955,5.91,joint2,upper,0.628273
0.0005,2955,5.91,joint4,upper,3.06279
0.0005,2955,5.91,joint6,lower,-0.584379
0.0005,2956,5.912,joint2,upper,0.628357
0.0005,2956,5.912,joint4,upper,3.06292
0.0005,2956,5.912,joint6,lower,-0.584429
0.0005,2957,5.914,joint2,upper,0.628439
0.0005,2957,5.914,joint4,upper,3.06305
0.0005,2957,5.914,joint6,lower,-0.584479
0.0005,2958,5.916,joint2,upper,0.62852
0.0005,2958,5.916,joint4,upper,3.06318
0.0005,2958,5.916,joint6,lower,-0.584527
0.0005,2959,5.918,joint2,upper,0.628598
0.0005,2959,5.918,joint4,upper,3.06331
0.0005,2959,5.918,joint6,lower,-0.584574
0.0005,2960,5.92,joint2,upper,0.628674
0.0005,2960,5.92,joint4,upper,3.06343
0.0005,2960,5.92,joint6,lower,-0.58462
0.0005,2961,5.922,joint2,upper,0.628749
0.0005,2961,5.922,joint4,upper,3.06355
0.0005,2961,5.922,joint6,lower,-0.584665
0.0005,2962,5.924,joint2,upper,0.628821
0.0005,2962,5.924,joint4,upper,3.06366
0.0005,2962,5.924,joint6,lower,-0.584709
0.0005,2963,5.926,joint2,upper,0.628892
0.0005,2963,5.926,joint4,upper,3.06378
0.0005,2963,5.926,joint6,lower,-0.584751
0.0005,2964,5.928,joint2,upper,0.62896
0.0005,2964,5.928,joint4,upper,3.06389
0.0005,2964,5.928,joint6,lower,-0.584793
0.0005,2965,5.93,joint2,upper,0.629027
0.0005,2965,5.93,joint4,upper,3.06399
0.0005,2965,5.93,joint6,lower,-0.584833
0.0005,2966,5.932,joint2,upper,0.629092
0.0005,2966,5.932,joint4,upper,3.0641
0.0005,2966,5.932,joint6,lower,-0.584872
0.0005,2967,5.934,joint2,upper,0.629154
0.0005,2967,5.934,joint4,upper,3.0642
0.0005,2967,5.934,joint6,lower,-0.58491
0.0005,2968,5.936,joint2,upper,0.629215
0.0005,2968,5.936,joint4,upper,3.06429
0.0005,2968,5.936,joint6,lower,-0.584946
0.0005,2969,5.938,joint2,upper,0.629274
0.0005,2969,5.938,joint4,upper,3.06439
0.0005,2969,5.938,joint6,lower,-0.584982
0.0005,2970,5.94,joint2,upper,0.629331
0.0005,2970,5.94,joint4,upper,3.06448
0.0005,2970,5.94,joint6,lower,-0.585016
0.0005,2971,5.942,joint2,upper,0.629385
0.0005,2971,5.942,joint4,upper,3.06457
0.0005,2971,5.942,joint6,lower,-0.585049
0.0005,2972,5.944,joint2,upper,0.629438
0.0005,2972,5.944,joint4,upper,3.06465
0.0005,2972,5.944,joint6,lower,-0.585081
0.0005,2973,5.946,joint2,upper,0.629489
0.0005,2973,5.946,joint4,upper,3.06473
0.0005,2973,5.946,joint6,lower,-0.585112
0.0005,2974,5.948,joint2,upper,0.629538
0.0005,2974,5.948,joint4,upper,3.06481
0.0005,2974,5.948,joint6,lower,-0.585141
0.0005,2975,5.95,joint2,upper,0.629585
0.0005,2975,5.95,joint4,upper,3.06489
0.0005,2975,5.95,joint6,lower,-0.585169
0.0005,2976,5.952,joint2,upper,0.62963
0.0005,2976,5.952,joint4,upper,3.06496
0.0005,2976,5.952,joint6,lower,-0.585197
0.0005,2977,5.954,joint2,upper,0.629673
0.0005,2977,5.954,joint4,upper,3.06503
0.0005,2977,5.954,joint6,lower,-0.585223
0.0005,2978,5.956,joint2,upper,0.629715
0.0005,2978,5.956,joint4,upper,3.06509
0.0005,2978,5.956,joint6,lower,-0.585248
0.0005,2979,5.958,joint2,upper,0.629754
0.0005,2979,5.958,joint4,upper,3.06516
0.0005,2979,5.958,joint6,lower,-0.585271
0.0005,2980,5.96,joint2,upper,0.629791
0.0005,2980,5.96,joint4,upper,3.06522
0.0005,2980,5.96,joint6,lower,-0.585294
0.0005,2981,5.962,joint2,upper,0.629827
0.0005,2981,5.962,joint4,upper,3.06527
0.0005,2981,5.962,joint6,lower,-0.585315
0.0005,2982,5.964,joint2,upper,0.62986
0.0005,2982,5.964,joint4,upper,3.06533
0.0005,2982,5.964,joint6,lower,-0.585335
0.0005,2983,5.966,joint2,upper,0.629892
0.0005,2983,5.966,joint4,upper,3.06538
0.0005,2983,5.966,joint6,lower,-0.585354
0.0005,2984,5.968,joint2,upper,0.629921
0.0005,2984,5.968,joint4,upper,3.06542
0.0005,2984,5.968,joint6,lower,-0.585372
0.0005,2985,5.97,joint2,upper,0.629949
0.0005,2985,5.97,joint4,upper,3.06547
0.0005,2985,5.97,joint6,lower,-0.585388
0.0005,2986,5.972,joint2,upper,0.629975
0.0005,2986,5.972,joint4,upper,3.06551
0.0005,2986,5.972,joint6,lower,-0.585404
0.0005,2987,5.974,joint2,upper,0.629999
0.0005,2987,5.974,joint4,upper,3.06555
0.0005,2987,5.974,joint6,lower,-0.585418
0.0005,2988,5.976,joint2,upper,0.630021
0.0005,2988,5.976,joint4,upper,3.06558
0.0005,2988,5.976,joint6,lower,-0.585431
0.0005,2989,5.978,joint2,upper,0.630041
0.0005,2989,5.978,joint4,upper,3.06561
0.0005,2989,5.978,joint6,lower,-0.585443
0.0005,2990,5.98,joint2,upper,0.630059
0.0005,2990,5.98,joint4,upper,3.06564
0.0005,2990,5.98,joint6,lower,-0.585454
0.0005,2991,5.982,joint2,upper,0.630075
0.0005,2991,5.982,joint4,upper,3.06567
0.0005,2991,5.982,joint6,lower,-0.585464
0.0005,2992,5.984,joint2,upper,0.63009
0.0005,2992,5.984,joint4,upper,3.06569
0.0005,2992,5.984,joint6,lower,-0.585472
0.0005,2993,5.986,joint2,upper,0.630102
0.0005,2993,5.986,joint4,upper,3.06571
0.0005,2993,5.986,joint6,lower,-0.585479
0.0005,2994,5.988,joint2,upper,0.630113
0.0005,2994,5.988,joint4,upper,3.06573
0.0005,2994,5.988,joint6,lower,-0.585485
0.0005,2995,5.99,joint2,upper,0.630121
0.0005,2995,5.99,joint4,upper,3.06574
0.0005,2995,5.99,joint6,lower,-0.58549
0.0005,2996,5.992,joint2,upper,0.630128
0.0005,2996,5.992,joint4,upper,3.06575
0.0005,2996,5.992,joint6,lower,-0.585494
0.0005,2997,5.994,joint2,upper,0.630133
0.0005,2997,5.994,joint4,upper,3.06576
0.0005,2997,5.994,joint6,lower,-0.585497
0.0005,2998,5.996,joint2,upper,0.630136
0.0005,2998,5.996,joint4,upper,3.06576
0.0005,2998,5.996,joint6,lower,-0.585498
0.0005,2999,5.998,joint2,upper,0.630137
0.0005,2999,5.998,joint4,upper,3.06576
0.0005,2999,5.998,joint6,lower,-0.585499
0.001,1860,3.72,joint4,upper,0.000870626
0.001,1861,3.722,joint4,upper,0.0019612
0.001,1862,3.724,joint4,upper,0.00305466
0.001,1863,3.726,joint4,upper,0.00415144
0.001,1864,3.728,joint4,upper,0.00525174
0.001,1865,3.73,joint4,upper,0.00635567
0.001,1866,3.732,joint4,upper,0.00746332
0.001,1867,3.734,joint4,upper,0.00857475
0.001,1868,3.736,joint4,upper,0.00969
0.001,1869,3.738,joint4,upper,0.0108091
0.001,1870,3.74,joint4,upper,0.011932
0.001,1871,3.742,joint4,upper,0.0130588
0.001,1872,3.744,joint4,upper,0.0141894
0.001,1873,3.746,joint4,upper,0.0153238
0.001,1874,3.748,joint4,upper,0.016462
0.001,1875,3.75,joint4,upper,0.0176041
0.001,1876,3.752,joint4,upper,0.0187499
0.001,1877,3.754,joint4,upper,0.0198996
0.001,1878,3.756,joint4,upper,0.021053
0.001,1879,3.758,joint4,upper,0.0222102
0.001,1880,3.76,joint4,upper,0.0233711
0.001,1881,3.762,joint4,upper,0.0245358
0.001,1882,3.764,joint4,upper,0.0257042
0.001,1883,3.766,joint4,upper,0.0268764
0.001,1884,3.768,joint4,upper,0.0280523
0.001,1885,3.77,joint4,upper,0.029232
0.001,1886,3.772,joint4,upper,0.0304155
0.001,1887,3.774,joint4,upper,0.0316028
0.001,1888,3.776,joint4,upper,0.0327938
0.001,1889,3.778,joint4,upper,0.0339886
0.001,1890,3.78,joint4,upper,0.0351873
0.001,1891,3.782,joint4,upper,0.0363898
0.001,1892,3.784,joint4,upper,0.0375961
0.001,1893,3.786,joint4,upper,0.0388064
0.001,1894,3.788,joint4,upper,0.0400205
0.001,1895,3.79,joint4,upper,0.0412386
0.001,1896,3.792,joint4,upper,0.0424606
0.001,1897,3.794,joint4,upper,0.0436866
0.001,1898,3.796,joint4,upper,0.0449166
0.001,1899,3.798,joint4,upper,0.0461507
0.001,1900,3.8,joint4,upper,0.0473889
0.001,1901,3.802,joint4,upper,0.0486311
0.001,1902,3.804,joint4,upper,0.0498775
0.001,1903,3.806,joint4,upper,0.0511281
0.001,1904,3.808,joint4,upper,0.0523828
0.001,1905,3.81,joint4,upper,0.0536419
0.001,1906,3.812,joint4,upper,0.0549052
0.001,1907,3.814,joint4,upper,0.0561728
0.001,1908,3.816,joint4,upper,0.0574447
0.001,1909,3.818,joint4,upper,0.0587211
0.001,1910,3.82,joint4,upper,0.0600019
0.001,1911,3.822,joint4,upper,0.0612872
0.001,1912,3.824,joint4,upper,0.0625769
0.001,1913,3.826,joint4,upper,0.0638712
0.001,1914,3.828,joint4,upper,0.0651701
0.001,1915,3.83,joint4,upper,0.0664736
0.001,1916,3.832,joint4,upper,0.0677818
0.001,1917,3.834,joint4,upper,0.0690947
0.001,1918,3.836,joint4,upper,0.0704123
0.001,1919,3.838,joint4,upper,0.0717347
0.001,1920,3.84,joint4,upper,0.073062
0.001,1921,3.842,joint4,upper,0.074394
0.001,1922,3.844,joint4,upper,0.075731
0.001,1923,3.846,joint4,upper,0.077073
0.001,1924,3.848,joint4,upper,0.0784199
0.001,1925,3.85,joint4,upper,0.0797718
0.001,1926,3.852,joint4,upper,0.0811287
0.001,1927,3.854,joint4,upper,0.0824908
0.001,1928,3.856,joint4,upper,0.083858
0.001,1929,3.858,joint4,upper,0.0852304
0.001,1930,3.86,joint4,upper,0.086608
0.001,1931,3.862,joint4,upper,0.0879909
0.001,1932,3.864,joint4,upper,0.089379
0.001,1933,3.866,joint4,upper,0.0907725
0.001,1934,3.868,joint4,upper,0.0921713
0.001,1935,3.87,joint4,upper,0.0935756
0.001,1936,3.872,joint4,upper,0.0949853
0.001,1937,3.874,joint4,upper,0.0964005
0.001,1938,3.876,joint4,upper,0.0978212
0.001,1939,3.878,joint4,upper,0.0992475
0.001,1940,3.88,joint4,upper,0.100679
0.001,1941,3.882,joint4,upper,0.102117
0.001,1942,3.884,joint4,upper,0.10356
0.001,1943,3.886,joint4,upper,0.105009
0.001,1944,3.888,joint4,upper,0.106464
0.001,1945,3.89,joint4,upper,0.107924
0.001,1946,3.892,joint4,upper,0.10939
0.001,1947,3.894,joint4,upper,0.110862
0.001,1948,3.896,joint4,upper,0.11234
0.001,1949,3.898,joint4,upper,0.113824
0.001,1950,3.9,joint4,upper,0.115314
0.001,1951,3.902,joint4,upper,0.11681
0.001,1952,3.904,joint4,upper,0.118312
0.001,1953,3.906,joint4,upper,0.11982
0.001,1954,3.908,joint4,upper,0.121335
0.001,1955,3.91,joint4,upper,0.122855
0.001,1956,3.912,joint4,upper,0.124382
0.001,1957,3.914,joint4,upper,0.125914
0.001,1958,3.916,joint4,upper,0.127453
0.001,1959,3.918,joint4,upper,0.128999
0.001,1960,3.92,joint4,upper,0.130551
0.001,1961,3.922,joint4,upper,0.132109
0.001,1962,3.924,joint4,upper,0.133673
0.001,1963,3.926,joint4,upper,0.135244
0.001,1964,3.928,joint4,upper,0.136821
0.001,1965,3.93,joint4,upper,0.138405
0.001,1966,3.932,joint4,upper,0.139996
0.001,1967,3.934,joint4,upper,0.141593
0.001,1968,3.936,joint4,upper,0.143197
0.001,1969,3.938,joint4,upper,0.144807
0.001,1970,3.94,joint4,upper,0.146424
0.001,1971,3.942,joint4,upper,0.148048
0.001,1972,3.944,joint4,upper,0.149679
0.001,1973,3.946,joint4,upper,0.151316
0.001,1974,3.948,joint4,upper,0.15296
0.001,1975,3.95,joint4,upper,0.154611
0.001,1976,3.952,joint4,upper,0.156269
0.001,1977,3.954,joint4,upper,0.157934
0.001,1978,3.956,joint4,upper,0.159606
0.001,1979,3.958,joint4,upper,0.161285
0.001,1980,3.96,joint4,upper,0.162972
0.001,1981,3.962,joint4,upper,0.164665
0.001,1982,3.964,joint4,upper,0.166365
0.001,1983,3.966,joint4,upper,0.168072
0.001,1984,3.968,joint4,upper,0.169787
0.001,1985,3.97,joint4,upper,0.171509
0.001,1986,3.972,joint4,upper,0.173238
0.001,1987,3.974,joint4,upper,0.174975
0.001,1988,3.976,joint4,upper,0.176719
0.001,1989,3.978,joint4,upper,0.17847
0.001,1990,3.98,joint4,upper,0.180228
0.001,1991,3.982,joint4,upper,0.181995
0.001,1992,3.984,joint4,upper,0.183768
0.001,1993,3.986,joint4,upper,0.185549
0.001,1994,3.988,joint4,upper,0.187338
0.001,1995,3.99,joint4,upper,0.189134
0.001,1996,3.992,joint4,upper,0.190938
0.001,1997,3.994,joint4,upper,0.19275
0.001,1998,3.996,joint4,upper,0.194569
0.001,1999,3.998,joint4,upper,0.196396
0.001,2000,4.0,joint4,upper,0.198231
0.001,2001,4.002,joint4,upper,0.200074
0.001,2002,4.004,joint4,upper,0.201925
0.001,2003,4.006,joint4,upper,0.203783
0.001,2004,4.008,joint4,upper,0.20565
0.001,2005,4.01,joint4,upper,0.207524
0.001,2006,4.012,joint4,upper,0.209406
0.001,2007,4.014,joint4,upper,0.211297
0.001,2008,4.016,joint4,upper,0.213195
0.001,2009,4.018,joint4,upper,0.215102
0.001,2010,4.02,joint4,upper,0.217017
0.001,2011,4.022,joint4,upper,0.21894
0.001,2012,4.024,joint4,upper,0.220871
0.001,2013,4.026,joint4,upper,0.222811
0.001,2014,4.028,joint4,upper,0.224759
0.001,2015,4.03,joint4,upper,0.226715
0.001,2016,4.032,joint4,upper,0.22868
0.001,2017,4.034,joint4,upper,0.230653
0.001,2018,4.036,joint4,upper,0.232634
0.001,2019,4.038,joint4,upper,0.234624
0.001,2020,4.04,joint4,upper,0.236623
0.001,2021,4.042,joint4,upper,0.23863
0.001,2022,4.044,joint4,upper,0.240646
0.001,2023,4.046,joint4,upper,0.24267
0.001,2024,4.048,joint4,upper,0.244704
0.001,2025,4.05,joint4,upper,0.246745
0.001,2026,4.052,joint4,upper,0.248796
0.001,2027,4.054,joint4,upper,0.250856
0.001,2028,4.056,joint4,upper,0.252924
0.001,2029,4.058,joint4,upper,0.255001
0.001,2030,4.06,joint4,upper,0.257087
0.001,2031,4.062,joint4,upper,0.259183
0.001,2032,4.064,joint4,upper,0.261287
0.001,2033,4.066,joint4,upper,0.2634
0.001,2034,4.068,joint4,upper,0.265522
0.001,2035,4.07,joint4,upper,0.267654
0.001,2036,4.072,joint4,upper,0.269794
0.001,2037,4.074,joint4,upper,0.271944
0.001,2038,4.076,joint4,upper,0.274103
0.001,2039,4.078,joint4,upper,0.276271
0.001,2040,4.08,joint4,upper,0.278449
0.001,2041,4.082,joint4,upper,0.280636
0.001,2042,4.084,joint4,upper,0.282832
0.001,2043,4.086,joint4,upper,0.285038
0.001,2044,4.088,joint4,upper,0.287253
0.001,2045,4.09,joint4,upper,0.289478
0.001,2046,4.092,joint4,upper,0.291713
0.001,2047,4.094,joint4,upper,0.293957
0.001,2048,4.096,joint4,upper,0.29621
0.001,2049,4.098,joint4,upper,0.298473
0.001,2050,4.1,joint4,upper,0.300746
0.001,2051,4.102,joint4,upper,0.303029
0.001,2052,4.104,joint4,upper,0.305322
0.001,2053,4.106,joint4,upper,0.307624
0.001,2054,4.108,joint4,upper,0.309936
0.001,2055,4.11,joint4,upper,0.312258
0.001,2056,4.112,joint4,upper,0.31459
0.001,2057,4.114,joint4,upper,0.316932
0.001,2058,4.116,joint4,upper,0.319284
0.001,2059,4.118,joint4,upper,0.321646
0.001,2060,4.12,joint4,upper,0.324018
0.001,2061,4.122,joint4,upper,0.3264
0.001,2062,4.124,joint4,upper,0.328792
0.001,2063,4.126,joint4,upper,0.331195
0.001,2064,4.128,joint4,upper,0.333608
0.001,2065,4.13,joint4,upper,0.336031
0.001,2066,4.132,joint4,upper,0.338464
0.001,2067,4.134,joint4,upper,0.340907
0.001,2068,4.136,joint4,upper,0.343361
0.001,2069,4.138,joint4,upper,0.345826
0.001,2070,4.14,joint4,upper,0.3483
0.001,2071,4.142,joint4,upper,0.350786
0.001,2072,4.144,joint4,upper,0.353281
0.001,2073,4.146,joint4,upper,0.355788
0.001,2074,4.148,joint4,upper,0.358305
0.001,2075,4.15,joint4,upper,0.360832
0.001,2076,4.152,joint4,upper,0.36337
0.001,2077,4.154,joint4,upper,0.365919
0.001,2078,4.156,joint4,upper,0.368478
0.001,2079,4.158,joint4,upper,0.371048
0.001,2080,4.16,joint4,upper,0.373629
0.001,2081,4.162,joint4,upper,0.376221
0.001,2082,4.164,joint4,upper,0.378823
0.001,2083,4.166,joint4,upper,0.381436
0.001,2084,4.168,joint4,upper,0.38406
0.001,2085,4.17,joint4,upper,0.386695
0.001,2086,4.172,joint4,upper,0.389341
0.001,2087,4.174,joint4,upper,0.391998
0.001,2088,4.176,joint4,upper,0.394666
0.001,2089,4.178,joint4,upper,0.397344
0.001,2090,4.18,joint4,upper,0.400034
0.001,2091,4.182,joint4,upper,0.402735
0.001,2092,4.184,joint4,upper,0.405447
0.001,2093,4.186,joint4,upper,0.40817
0.001,2094,4.188,joint4,upper,0.410904
0.001,2095,4.19,joint4,upper,0.413649
0.001,2096,4.192,joint4,upper,0.416405
0.001,2097,4.194,joint4,upper,0.419172
0.001,2098,4.196,joint4,upper,0.421951
0.001,2099,4.198,joint4,upper,0.424741
0.001,2100,4.2,joint4,upper,0.427542
0.001,2101,4.202,joint4,upper,0.430354
0.001,2102,4.204,joint4,upper,0.433177
0.001,2103,4.206,joint4,upper,0.436012
0.001,2104,4.208,joint4,upper,0.438858
0.001,2105,4.21,joint4,upper,0.441715
0.001,2106,4.212,joint4,upper,0.444583
0.001,2107,4.214,joint4,upper,0.447463
0.001,2108,4.216,joint4,upper,0.450353
0.001,2109,4.218,joint4,upper,0.453256
0.001,2110,4.22,joint4,upper,0.456169
0.001,2111,4.222,joint4,upper,0.459094
0.001,2112,4.224,joint4,upper,0.46203
0.001,2113,4.226,joint4,upper,0.464977
0.001,2114,4.228,joint4,upper,0.467935
0.001,2115,4.23,joint4,upper,0.470905
0.001,2116,4.232,joint4,upper,0.473886
0.001,2117,4.234,joint4,upper,0.476878
0.001,2118,4.236,joint4,upper,0.479882
0.001,2119,4.238,joint4,upper,0.482897
0.001,2120,4.24,joint4,upper,0.485923
0.001,2121,4.242,joint4,upper,0.48896
0.001,2122,4.244,joint4,upper,0.492009
0.001,2123,4.246,joint4,upper,0.495068
0.001,2124,4.248,joint4,upper,0.498139
0.001,2125,4.25,joint4,upper,0.501221
0.001,2126,4.252,joint4,upper,0.504314
0.001,2127,4.254,joint4,upper,0.507418
0.001,2128,4.256,joint4,upper,0.510533
0.001,2129,4.258,joint4,upper,0.513659
0.001,2130,4.26,joint4,upper,0.516797
0.001,2131,4.262,joint4,upper,0.519945
0.001,2132,4.264,joint4,upper,0.523104
0.001,2133,4.266,joint4,upper,0.526274
0.001,2134,4.268,joint4,upper,0.529455
0.001,2135,4.27,joint4,upper,0.532646
0.001,2136,4.272,joint4,upper,0.535849
0.001,2137,4.274,joint4,upper,0.539062
0.001,2138,4.276,joint4,upper,0.542286
0.001,2139,4.278,joint4,upper,0.54552
0.001,2140,4.28,joint4,upper,0.548765
0.001,2141,4.282,joint4,upper,0.552021
0.001,2142,4.284,joint4,upper,0.555286
0.001,2143,4.286,joint4,upper,0.558563
0.001,2144,4.288,joint4,upper,0.561849
0.001,2145,4.29,joint4,upper,0.565146
0.001,2146,4.292,joint4,upper,0.568453
0.001,2147,4.294,joint4,upper,0.57177
0.001,2148,4.296,joint4,upper,0.575097
0.001,2149,4.298,joint4,upper,0.578434
0.001,2150,4.3,joint4,upper,0.581781
0.001,2151,4.302,joint4,upper,0.585138
0.001,2152,4.304,joint4,upper,0.588504
0.001,2153,4.306,joint4,upper,0.59188
0.001,2154,4.308,joint4,upper,0.595265
0.001,2155,4.31,joint4,upper,0.598659
0.001,2156,4.312,joint4,upper,0.602063
0.001,2157,4.314,joint4,upper,0.605476
0.001,2158,4.316,joint4,upper,0.608899
0.001,2159,4.318,joint4,upper,0.61233
0.001,2160,4.32,joint4,upper,0.615769
0.001,2161,4.322,joint4,upper,0.619218
0.001,2162,4.324,joint4,upper,0.622675
0.001,2163,4.326,joint4,upper,0.62614
0.001,2164,4.328,joint4,upper,0.629614
0.001,2165,4.33,joint4,upper,0.633096
0.001,2166,4.332,joint4,upper,0.636586
0.001,2167,4.334,joint4,upper,0.640084
0.001,2168,4.336,joint4,upper,0.643589
0.001,2169,4.338,joint4,upper,0.647102
0.001,2170,4.34,joint4,upper,0.650622
0.001,2171,4.342,joint4,upper,0.65415
0.001,2172,4.344,joint4,upper,0.657685
0.001,2173,4.346,joint4,upper,0.661226
0.001,2174,4.348,joint4,upper,0.664774
0.001,2175,4.35,joint4,upper,0.668329
0.001,2176,4.352,joint4,upper,0.67189
0.001,2177,4.354,joint4,upper,0.675457
0.001,2178,4.356,joint4,upper,0.679031
0.001,2179,4.358,joint4,upper,0.682609
0.001,2180,4.36,joint4,upper,0.686194
0.001,2181,4.362,joint4,upper,0.689784
0.001,2182,4.364,joint4,upper,0.693378
0.001,2183,4.366,joint4,upper,0.696978
0.001,2184,4.368,joint4,upper,0.700583
0.001,2185,4.37,joint4,upper,0.704192
0.001,2186,4.372,joint4,upper,0.707805
0.001,2187,4.374,joint4,upper,0.711422
0.001,2188,4.376,joint4,upper,0.715042
0.001,2189,4.378,joint4,upper,0.718667
0.001,2190,4.38,joint4,upper,0.722294
0.001,2191,4.382,joint4,upper,0.725925
0.001,2192,4.384,joint4,upper,0.729558
0.001,2193,4.386,joint4,upper,0.733193
0.001,2194,4.388,joint4,upper,0.736831
0.001,2195,4.39,joint4,upper,0.74047
0.001,2196,4.392,joint4,upper,0.744112
0.001,2197,4.394,joint4,upper,0.747754
0.001,2198,4.396,joint4,upper,0.751397
0.001,2199,4.398,joint4,upper,0.755042
0.001,2200,4.4,joint4,upper,0.758686
0.001,2201,4.402,joint4,upper,0.762331
0.001,2202,4.404,joint4,upper,0.765975
0.001,2203,4.406,joint4,upper,0.769619
0.001,2204,4.408,joint4,upper,0.773262
0.001,2205,4.41,joint4,upper,0.776904
0.001,2206,4.412,joint4,upper,0.780544
0.001,2207,4.414,joint4,upper,0.784182
0.001,2208,4.416,joint4,upper,0.787818
0.001,2209,4.418,joint4,upper,0.791452
0.001,2210,4.42,joint4,upper,0.795083
0.001,2211,4.422,joint4,upper,0.79871
0.001,2212,4.424,joint4,upper,0.802334
0.001,2213,4.426,joint4,upper,0.805954
0.001,2214,4.428,joint4,upper,0.809569
0.001,2215,4.43,joint4,upper,0.81318
0.001,2216,4.432,joint4,upper,0.816785
0.001,2217,4.434,joint4,upper,0.820386
0.001,2218,4.436,joint4,upper,0.82398
0.001,2219,4.438,joint4,upper,0.827568
0.001,2220,4.44,joint4,upper,0.831149
0.001,2221,4.442,joint4,upper,0.834723
0.001,2222,4.444,joint4,upper,0.838289
0.001,2223,4.446,joint4,upper,0.841848
0.001,2224,4.448,joint4,upper,0.845399
0.001,2225,4.45,joint4,upper,0.84894
0.001,2226,4.452,joint4,upper,0.852473
0.001,2227,4.454,joint4,upper,0.855996
0.001,2228,4.456,joint4,upper,0.859509
0.001,2229,4.458,joint4,upper,0.863012
0.001,2230,4.46,joint4,upper,0.866504
0.001,2231,4.462,joint4,upper,0.869985
0.001,2232,4.464,joint4,upper,0.873454
0.001,2233,4.466,joint4,upper,0.87691
0.001,2234,4.468,joint4,upper,0.880355
0.001,2235,4.47,joint4,upper,0.883786
0.001,2236,4.472,joint4,upper,0.887204
0.001,2237,4.474,joint4,upper,0.890608
0.001,2238,4.476,joint4,upper,0.893998
0.001,2239,4.478,joint4,upper,0.897374
0.001,2240,4.48,joint4,upper,0.900734
0.001,2241,4.482,joint4,upper,0.904078
0.001,2242,4.484,joint4,upper,0.907406
0.001,2243,4.486,joint4,upper,0.910718
0.001,2244,4.488,joint4,upper,0.914013
0.001,2245,4.49,joint4,upper,0.917291
0.001,2246,4.492,joint4,upper,0.920551
0.001,2247,4.494,joint4,upper,0.923792
0.001,2248,4.496,joint4,upper,0.927015
0.001,2249,4.498,joint4,upper,0.930219
0.001,2250,4.5,joint4,upper,0.933404
0.001,2251,4.502,joint4,upper,0.936568
0.001,2252,4.504,joint4,upper,0.939712
0.001,2253,4.506,joint4,upper,0.942836
0.001,2254,4.508,joint4,upper,0.945938
0.001,2255,4.51,joint4,upper,0.949018
0.001,2256,4.512,joint4,upper,0.952077
0.001,2257,4.514,joint4,upper,0.955113
0.001,2258,4.516,joint4,upper,0.958126
0.001,2259,4.518,joint4,upper,0.961116
0.001,2260,4.52,joint4,upper,0.964082
0.001,2261,4.522,joint4,upper,0.967024
0.001,2262,4.524,joint4,upper,0.969942
0.001,2263,4.526,joint4,upper,0.972836
0.001,2264,4.528,joint4,upper,0.975704
0.001,2265,4.53,joint4,upper,0.978546
0.001,2266,4.532,joint4,upper,0.981363
0.001,2267,4.534,joint4,upper,0.984153
0.001,2268,4.536,joint4,upper,0.986917
0.001,2269,4.538,joint4,upper,0.989654
0.001,2270,4.54,joint4,upper,0.992364
0.001,2271,4.542,joint4,upper,0.995046
0.001,2272,4.544,joint4,upper,0.997701
0.001,2273,4.546,joint4,upper,1.00033
0.001,2274,4.548,joint4,upper,1.00292
0.001,2275,4.55,joint4,upper,1.00549
0.001,2276,4.552,joint4,upper,1.00803
0.001,2277,4.554,joint4,upper,1.01055
0.001,2278,4.556,joint4,upper,1.01303
0.001,2279,4.558,joint4,upper,1.01548
0.001,2280,4.56,joint4,upper,1.0179
0.001,2281,4.562,joint4,upper,1.02029
0.001,2282,4.564,joint4,upper,1.02265
0.001,2283,4.566,joint4,upper,1.02498
0.001,2284,4.568,joint4,upper,1.02728
0.001,2285,4.57,joint4,upper,1.02955
0.001,2286,4.572,joint4,upper,1.03179
0.001,2287,4.574,joint4,upper,1.034
0.001,2288,4.576,joint4,upper,1.03617
0.001,2289,4.578,joint4,upper,1.03832
0.001,2290,4.58,joint4,upper,1.04043
0.001,2291,4.582,joint4,upper,1.04251
0.001,2292,4.584,joint4,upper,1.04456
0.001,2293,4.586,joint4,upper,1.04658
0.001,2294,4.588,joint4,upper,1.04856
0.001,2295,4.59,joint4,upper,1.05051
0.001,2296,4.592,joint4,upper,1.05244
0.001,2297,4.594,joint4,upper,1.05433
0.001,2298,4.596,joint4,upper,1.05618
0.001,2299,4.598,joint4,upper,1.05801
0.001,2300,4.6,joint4,upper,1.0598
0.001,2301,4.602,joint4,upper,1.06156
0.001,2302,4.604,joint4,upper,1.06329
0.001,2303,4.606,joint4,upper,1.06499
0.001,2304,4.608,joint4,upper,1.06666
0.001,2305,4.61,joint4,upper,1.06829
0.001,2306,4.612,joint4,upper,1.06989
0.001,2307,4.614,joint4,upper,1.07147
0.001,2308,4.616,joint4,upper,1.07301
0.001,2309,4.618,joint4,upper,1.07452
0.001,2310,4.62,joint4,upper,1.076
0.001,2311,4.622,joint4,upper,1.07744
0.001,2312,4.624,joint4,upper,1.07886
0.001,2313,4.626,joint4,upper,1.08025
0.001,2314,4.628,joint4,upper,1.0816
0.001,2315,4.63,joint4,upper,1.08293
0.001,2316,4.632,joint4,upper,1.08423
0.001,2317,4.634,joint4,upper,1.0855
0.001,2318,4.636,joint4,upper,1.08674
0.001,2319,4.638,joint4,upper,1.08795
0.001,2320,4.64,joint4,upper,1.08913
0.001,2321,4.642,joint4,upper,1.09028
0.001,2322,4.644,joint4,upper,1.09141
0.001,2323,4.646,joint4,upper,1.09251
0.001,2324,4.648,joint4,upper,1.09358
0.001,2325,4.65,joint4,upper,1.09462
0.001,2326,4.652,joint4,upper,1.09564
0.001,2327,4.654,joint4,upper,1.09663
0.001,2328,4.656,joint4,upper,1.0976
0.001,2329,4.658,joint4,upper,1.09854
0.001,2330,4.66,joint4,upper,1.09945
0.001,2331,4.662,joint4,upper,1.10035
0.001,2332,4.664,joint4,upper,1.10121
0.001,2333,4.666,joint4,upper,1.10206
0.001,2334,4.668,joint4,upper,1.10288
0.001,2335,4.67,joint4,upper,1.10367
0.001,2336,4.672,joint4,upper,1.10445
0.001,2337,4.674,joint4,upper,1.1052
0.001,2338,4.676,joint4,upper,1.10594
0.001,2339,4.678,joint4,upper,1.10665
0.001,2340,4.68,joint4,upper,1.10734
0.001,2341,4.682,joint4,upper,1.10801
0.001,2342,4.684,joint4,upper,1.10866
0.001,2343,4.686,joint4,upper,1.10929
0.001,2344,4.688,joint4,upper,1.10991
0.001,2345,4.69,joint4,upper,1.1105
0.001,2346,4.692,joint4,upper,1.11108
0.001,2347,4.694,joint4,upper,1.11164
0.001,2348,4.696,joint4,upper,1.11219
0.001,2349,4.698,joint4,upper,1.11272
0.001,2350,4.7,joint4,upper,1.11323
0.001,2351,4.702,joint4,upper,1.11373
0.001,2352,4.704,joint4,upper,1.11422
0.001,2353,4.706,joint4,upper,1.11469
0.001,2354,4.708,joint4,upper,1.11515
0.001,2355,4.71,joint4,upper,1.11559
0.001,2356,4.712,joint4,upper,1.11602
0.001,2357,4.714,joint4,upper,1.11644
0.001,2358,4.716,joint4,upper,1.11685
0.001,2359,4.718,joint4,upper,1.11725
0.001,2360,4.72,joint4,upper,1.11764
0.001,2361,4.722,joint4,upper,1.11802
0.001,2362,4.724,joint4,upper,1.11839
0.001,2363,4.726,joint4,upper,1.11875
0.001,2364,4.728,joint4,upper,1.11911
0.001,2365,4.73,joint4,upper,1.11945
0.001,2366,4.732,joint4,upper,1.11979
0.001,2367,4.734,joint4,upper,1.12013
0.001,2368,4.736,joint4,upper,1.12045
0.001,2369,4.738,joint4,upper,1.12077
0.001,2370,4.74,joint4,upper,1.12109
0.001,2371,4.742,joint4,upper,1.1214
0.001,2372,4.744,joint4,upper,1.12171
0.001,2373,4.746,joint4,upper,1.12201
0.001,2374,4.748,joint4,upper,1.12231
0.001,2375,4.75,joint4,upper,1.12261
0.001,2376,4.752,joint4,upper,1.1229
0.001,2377,4.754,joint4,upper,1.1232
0.001,2378,4.756,joint4,upper,1.12349
0.001,2379,4.758,joint4,upper,1.12378
0.001,2380,4.76,joint4,upper,1.12407
0.001,2381,4.762,joint4,upper,1.12436
0.001,2382,4.764,joint4,upper,1.12465
0.001,2383,4.766,joint4,upper,1.12494
0.001,2384,4.768,joint4,upper,1.12523
0.001,2385,4.77,joint4,upper,1.12552
0.001,2386,4.772,joint4,upper,1.12582
0.001,2387,4.774,joint4,upper,1.12612
0.001,2388,4.776,joint4,upper,1.12642
0.001,2389,4.778,joint4,upper,1.12672
0.001,2390,4.78,joint4,upper,1.12702
0.001,2391,4.782,joint4,upper,1.12733
0.001,2392,4.784,joint4,upper,1.12765
0.001,2393,4.786,joint4,upper,1.12797
0.001,2394,4.788,joint4,upper,1.12829
0.001,2395,4.79,joint4,upper,1.12861
0.001,2396,4.792,joint4,upper,1.12895
0.001,2397,4.794,joint4,upper,1.12928
0.001,2398,4.796,joint4,upper,1.12963
0.001,2399,4.798,joint4,upper,1.12998
0.001,2400,4.8,joint4,upper,1.13033
0.001,2401,4.802,joint4,upper,1.13069
0.001,2402,4.804,joint4,upper,1.13106
0.001,2403,4.806,joint4,upper,1.13144
0.001,2404,4.808,joint4,upper,1.13182
0.001,2405,4.81,joint4,upper,1.13221
0.001,2406,4.812,joint4,upper,1.13261
0.001,2407,4.814,joint4,upper,1.13301
0.001,2408,4.816,joint4,upper,1.13343
0.001,2409,4.818,joint4,upper,1.13385
0.001,2410,4.82,joint4,upper,1.13428
0.001,2411,4.822,joint4,upper,1.13471
0.001,2412,4.824,joint4,upper,1.13516
0.001,2413,4.826,joint4,upper,1.13562
0.001,2414,4.828,joint4,upper,1.13608
0.001,2415,4.83,joint4,upper,1.13655
0.001,2416,4.832,joint4,upper,1.13704
0.001,2417,4.834,joint4,upper,1.13753
0.001,2418,4.836,joint4,upper,1.13803
0.001,2419,4.838,joint4,upper,1.13854
0.001,2420,4.84,joint4,upper,1.13906
0.001,2421,4.842,joint4,upper,1.13959
0.001,2422,4.844,joint4,upper,1.14013
0.001,2423,4.846,joint4,upper,1.14068
0.001,2424,4.848,joint4,upper,1.14124
0.001,2425,4.85,joint4,upper,1.1418
0.001,2426,4.852,joint4,upper,1.14238
0.001,2427,4.854,joint4,upper,1.14297
0.001,2428,4.856,joint4,upper,1.14357
0.001,2429,4.858,joint4,upper,1.14418
0.001,2430,4.86,joint4,upper,1.14479
0.001,2431,4.862,joint4,upper,1.14542
0.001,2432,4.864,joint4,upper,1.14606
0.001,2433,4.866,joint4,upper,1.14671
0.001,2434,4.868,joint4,upper,1.14736
0.001,2435,4.87,joint4,upper,1.14803
0.001,2436,4.872,joint4,upper,1.14871
0.001,2437,4.874,joint4,upper,1.1494
0.001,2438,4.876,joint4,upper,1.15009
0.001,2439,4.878,joint4,upper,1.1508
0.001,2440,4.88,joint4,upper,1.15152
0.001,2441,4.882,joint4,upper,1.15224
0.001,2442,4.884,joint4,upper,1.15298
0.001,2443,4.886,joint4,upper,1.15372
0.001,2444,4.888,joint4,upper,1.15448
0.001,2445,4.89,joint4,upper,1.15524
0.001,2446,4.892,joint4,upper,1.15602
0.001,2447,4.894,joint4,upper,1.1568
0.001,2448,4.896,joint4,upper,1.15759
0.001,2449,4.898,joint4,upper,1.15839
0.001,2450,4.9,joint4,upper,1.1592
0.001,2451,4.902,joint4,upper,1.16002
0.001,2452,4.904,joint4,upper,1.16085
0.001,2453,4.906,joint4,upper,1.16168
0.001,2454,4.908,joint4,upper,1.16253
0.001,2455,4.91,joint4,upper,1.16338
0.001,2456,4.912,joint4,upper,1.16424
0.001,2457,4.914,joint4,upper,1.16511
0.001,2458,4.916,joint4,upper,1.16599
0.001,2459,4.918,joint4,upper,1.16687
0.001,2460,4.92,joint4,upper,1.16777
0.001,2461,4.922,joint4,upper,1.16867
0.001,2462,4.924,joint4,upper,1.16958
0.001,2463,4.926,joint4,upper,1.17049
0.001,2464,4.928,joint4,upper,1.17142
0.001,2465,4.93,joint4,upper,1.17235
0.001,2466,4.932,joint4,upper,1.17328
0.001,2467,4.934,joint4,upper,1.17423
0.001,2468,4.936,joint4,upper,1.17518
0.001,2469,4.938,joint4,upper,1.17613
0.001,2470,4.94,joint4,upper,1.1771
0.001,2471,4.942,joint4,upper,1.17807
0.001,2472,4.944,joint4,upper,1.17904
0.001,2473,4.946,joint4,upper,1.18002
0.001,2474,4.948,joint4,upper,1.18101
0.001,2475,4.95,joint4,upper,1.182
0.001,2476,4.952,joint4,upper,1.183
0.001,2477,4.954,joint4,upper,1.184
0.001,2478,4.956,joint4,upper,1.18501
0.001,2479,4.958,joint4,upper,1.18602
0.001,2480,4.96,joint4,upper,1.18704
0.001,2481,4.962,joint4,upper,1.18806
0.001,2482,4.964,joint4,upper,1.18909
0.001,2483,4.966,joint4,upper,1.19012
0.001,2484,4.968,joint4,upper,1.19116
0.001,2485,4.97,joint4,upper,1.1922
0.001,2486,4.972,joint4,upper,1.19324
0.001,2487,4.974,joint4,upper,1.19429
0.001,2488,4.976,joint4,upper,1.19534
0.001,2489,4.978,joint4,upper,1.19639
0.001,2490,4.98,joint4,upper,1.19745
0.001,2491,4.982,joint4,upper,1.1985
0.001,2492,4.984,joint4,upper,1.19957
0.001,2493,4.986,joint4,upper,1.20063
0.001,2494,4.988,joint4,upper,1.2017
0.001,2495,4.99,joint4,upper,1.20277
0.001,2496,4.992,joint4,upper,1.20384
0.001,2497,4.994,joint4,upper,1.20491
0.001,2498,4.996,joint4,upper,1.20599
0.001,2499,4.998,joint4,upper,1.20706
0.001,2500,5.0,joint4,upper,1.20814
0.001,2501,5.002,joint4,upper,1.20922
0.001,2502,5.004,joint4,upper,1.2103
0.001,2503,5.006,joint4,upper,1.21138
0.001,2504,5.008,joint4,upper,1.21246
0.001,2505,5.01,joint4,upper,1.21355
0.001,2506,5.012,joint4,upper,1.21463
0.001,2507,5.014,joint4,upper,1.21571
0.001,2508,5.016,joint4,upper,1.2168
0.001,2509,5.018,joint4,upper,1.21788
0.001,2510,5.02,joint4,upper,1.21896
0.001,2511,5.022,joint4,upper,1.22005
0.001,2512,5.024,joint4,upper,1.22113
0.001,2513,5.026,joint4,upper,1.22221
0.001,2514,5.028,joint4,upper,1.22329
0.001,2515,5.03,joint4,upper,1.22438
0.001,2516,5.032,joint4,upper,1.22546
0.001,2517,5.034,joint4,upper,1.22653
0.001,2518,5.036,joint4,upper,1.22761
0.001,2519,5.038,joint4,upper,1.22869
0.001,2520,5.04,joint4,upper,1.22976
0.001,2521,5.042,joint4,upper,1.23084
0.001,2522,5.044,joint4,upper,1.23191
0.001,2523,5.046,joint4,upper,1.23298
0.001,2524,5.048,joint4,upper,1.23405
0.001,2525,5.05,joint4,upper,1.23511
0.001,2526,5.052,joint4,upper,1.23618
0.001,2527,5.054,joint4,upper,1.23724
0.001,2528,5.056,joint4,upper,1.2383
0.001,2529,5.058,joint4,upper,1.23935
0.001,2530,5.06,joint4,upper,1.24041
0.001,2531,5.062,joint4,upper,1.24146
0.001,2532,5.064,joint4,upper,1.24251
0.001,2533,5.066,joint4,upper,1.24355
0.001,2534,5.068,joint4,upper,1.24459
0.001,2535,5.07,joint4,upper,1.24563
0.001,2536,5.072,joint4,upper,1.24667
0.001,2537,5.074,joint4,upper,1.2477
0.001,2538,5.076,joint4,upper,1.24873
0.001,2539,5.078,joint4,upper,1.24975
0.001,2540,5.08,joint4,upper,1.25077
0.001,2541,5.082,joint4,upper,1.25179
0.001,2542,5.084,joint4,upper,1.25281
0.001,2543,5.086,joint4,upper,1.25382
0.001,2544,5.088,joint4,upper,1.25482
0.001,2545,5.09,joint4,upper,1.25582
0.001,2546,5.092,joint4,upper,1.25682
0.001,2547,5.094,joint4,upper,1.25782
0.001,2548,5.096,joint4,upper,1.25881
0.001,2549,5.098,joint4,upper,1.25979
0.001,2550,5.1,joint4,upper,1.26077
0.001,2551,5.102,joint4,upper,1.26175
0.001,2552,5.104,joint4,upper,1.26272
0.001,2553,5.106,joint4,upper,1.26369
0.001,2554,5.108,joint4,upper,1.26465
0.001,2555,5.11,joint4,upper,1.26561
0.001,2556,5.112,joint4,upper,1.26657
0.001,2557,5.114,joint4,upper,1.26752
0.001,2558,5.116,joint4,upper,1.26846
0.001,2559,5.118,joint4,upper,1.2694
0.001,2560,5.12,joint4,upper,1.27034
0.001,2561,5.122,joint4,upper,1.27127
0.001,2562,5.124,joint4,upper,1.27219
0.001,2563,5.126,joint4,upper,1.27311
0.001,2564,5.128,joint4,upper,1.27403
0.001,2565,5.13,joint4,upper,1.27494
0.001,2566,5.132,joint4,upper,1.27584
0.001,2567,5.134,joint4,upper,1.27674
0.001,2568,5.136,joint4,upper,1.27764
0.001,2569,5.138,joint4,upper,1.27853
0.001,2570,5.14,joint4,upper,1.27942
0.001,2571,5.142,joint4,upper,1.2803
0.001,2572,5.144,joint4,upper,1.28117
0.001,2573,5.146,joint4,upper,1.28204
0.001,2574,5.148,joint4,upper,1.28291
0.001,2575,5.15,joint4,upper,1.28377
0.001,2576,5.152,joint4,upper,1.28462
0.001,2577,5.154,joint4,upper,1.28547
0.001,2578,5.156,joint4,upper,1.28632
0.001,2579,5.158,joint4,upper,1.28715
0.001,2580,5.16,joint4,upper,1.28799
0.001,2581,5.162,joint4,upper,1.28882
0.001,2582,5.164,joint4,upper,1.28964
0.001,2583,5.166,joint4,upper,1.29046
0.001,2584,5.168,joint4,upper,1.29128
0.001,2585,5.17,joint4,upper,1.29208
0.001,2586,5.172,joint4,upper,1.29289
0.001,2587,5.174,joint4,upper,1.29369
0.001,2588,5.176,joint4,upper,1.29448
0.001,2589,5.178,joint4,upper,1.29527
0.001,2590,5.18,joint4,upper,1.29606
0.001,2591,5.182,joint4,upper,1.29683
0.001,2592,5.184,joint4,upper,1.29761
0.001,2593,5.186,joint4,upper,1.29838
0.001,2594,5.188,joint4,upper,1.29914
0.001,2595,5.19,joint4,upper,1.2999
0.001,2596,5.192,joint4,upper,1.30066
0.001,2597,5.194,joint4,upper,1.30141
0.001,2598,5.196,joint4,upper,1.30215
0.001,2599,5.198,joint4,upper,1.30289
0.001,2600,5.2,joint4,upper,1.30363
0.001,2601,5.202,joint4,upper,1.30436
0.001,2602,5.204,joint4,upper,1.30509
0.001,2603,5.206,joint4,upper,1.3059
0.001,2604,5.208,joint4,upper,1.30679
0.001,2605,5.21,joint4,upper,1.30776
0.001,2606,5.212,joint4,upper,1.3088
0.001,2607,5.214,joint4,upper,1.30991
0.001,2608,5.216,joint4,upper,1.31127
0.001,2609,5.218,joint4,upper,1.31284
0.001,2610,5.22,joint4,upper,1.31459
0.001,2611,5.222,joint4,upper,1.3165
0.001,2612,5.224,joint4,upper,1.31856
0.001,2613,5.226,joint4,upper,1.32074
0.001,2614,5.228,joint4,upper,1.32303
0.001,2615,5.23,joint4,upper,1.32544
0.001,2616,5.232,joint4,upper,1.32795
0.001,2617,5.234,joint4,upper,1.33055
0.001,2618,5.236,joint4,upper,1.33324
0.001,2619,5.238,joint4,upper,1.33603
0.001,2620,5.24,joint4,upper,1.33891
0.001,2621,5.242,joint4,upper,1.34187
0.001,2622,5.244,joint4,upper,1.34492
0.001,2623,5.246,joint4,upper,1.34806
0.001,2624,5.248,joint4,upper,1.35128
0.001,2625,5.25,joint4,upper,1.3546
0.001,2626,5.252,joint4,upper,1.358
0.001,2627,5.254,joint4,upper,1.36149
0.001,2628,5.256,joint4,upper,1.36508
0.001,2629,5.258,joint4,upper,1.36876
0.001,2630,5.26,joint4,upper,1.37254
0.001,2631,5.262,joint4,upper,1.37641
0.001,2632,5.264,joint4,upper,1.38038
0.001,2633,5.266,joint4,upper,1.38446
0.001,2634,5.268,joint4,upper,1.38864
0.001,2635,5.27,joint4,upper,1.39292
0.001,2636,5.272,joint4,upper,1.39731
0.001,2637,5.274,joint4,upper,1.40181
0.001,2638,5.276,joint4,upper,1.40643
0.001,2639,5.278,joint4,upper,1.41117
0.001,2640,5.28,joint4,upper,1.41602
0.001,2641,5.282,joint4,upper,1.42099
0.001,2642,5.284,joint4,upper,1.42609
0.001,2643,5.286,joint4,upper,1.43132
0.001,2644,5.288,joint4,upper,1.43668
0.001,2645,5.29,joint4,upper,1.44218
0.001,2646,5.292,joint4,upper,1.44782
0.001,2647,5.294,joint4,upper,1.4536
0.001,2648,5.296,joint4,upper,1.45952
0.001,2649,5.298,joint4,upper,1.4656
0.001,2650,5.3,joint4,upper,1.47183
0.001,2651,5.302,joint4,upper,1.47822
0.001,2652,5.304,joint4,upper,1.48477
0.001,2653,5.306,joint4,upper,1.49149
0.001,2654,5.308,joint4,upper,1.49839
0.001,2655,5.31,joint4,upper,1.50546
0.001,2656,5.312,joint4,upper,1.51272
0.001,2657,5.314,joint4,upper,1.52016
0.001,2658,5.316,joint4,upper,1.5278
0.001,2659,5.318,joint4,upper,1.53564
0.001,2660,5.32,joint4,upper,1.54369
0.001,2661,5.322,joint4,upper,1.55195
0.001,2662,5.324,joint4,upper,1.56043
0.001,2663,5.326,joint4,upper,1.56913
0.001,2664,5.328,joint4,upper,1.57807
0.001,2665,5.33,joint4,upper,1.58725
0.001,2666,5.332,joint4,upper,1.59668
0.001,2667,5.334,joint4,upper,1.60637
0.001,2668,5.336,joint4,upper,1.61632
0.001,2669,5.338,joint4,upper,1.62655
0.001,2670,5.34,joint4,upper,1.63706
0.001,2671,5.342,joint4,upper,1.64787
0.001,2672,5.344,joint4,upper,1.65898
0.001,2673,5.346,joint4,upper,1.67041
0.001,2674,5.348,joint4,upper,1.68216
0.001,2675,5.35,joint4,upper,1.69425
0.001,2676,5.352,joint4,upper,1.70669
0.001,2677,5.354,joint4,upper,1.71949
0.001,2678,5.356,joint4,upper,1.73267
0.001,2679,5.358,joint4,upper,1.74625
0.001,2680,5.36,joint4,upper,1.76022
0.001,2681,5.362,joint4,upper,1.77462
0.001,2681,5.362,joint6,lower,-0.00243607
0.001,2682,5.364,joint4,upper,1.78946
0.001,2682,5.364,joint6,lower,-0.00931287
0.001,2683,5.366,joint4,upper,1.80475
0.001,2683,5.366,joint6,lower,-0.0163977
0.001,2684,5.368,joint4,upper,1.82051
0.001,2684,5.368,joint6,lower,-0.0236987
0.001,2685,5.37,joint4,upper,1.83677
0.001,2685,5.37,joint6,lower,-0.0312243
0.001,2686,5.372,joint4,upper,1.85354
0.001,2686,5.372,joint6,lower,-0.0389835
0.001,2687,5.374,joint4,upper,1.87084
0.001,2687,5.374,joint6,lower,-0.0469856
0.001,2688,5.376,joint4,upper,1.8887
0.001,2688,5.376,joint6,lower,-0.0552404
0.001,2689,5.378,joint4,upper,1.90714
0.001,2689,5.378,joint6,lower,-0.0637584
0.001,2690,5.38,joint2,upper,0.00352966
0.001,2690,5.38,joint4,upper,1.92618
0.001,2690,5.38,joint6,lower,-0.0725505
0.001,2691,5.382,joint2,upper,0.0141193
0.001,2691,5.382,joint4,upper,1.94584
0.001,2691,5.382,joint6,lower,-0.0816274
0.001,2692,5.384,joint2,upper,0.0250335
0.001,2692,5.384,joint4,upper,1.96611
0.001,2692,5.384,joint6,lower,-0.0909762
0.001,2693,5.386,joint2,upper,0.0362036
0.001,2693,5.386,joint4,upper,1.98684
0.001,2693,5.386,joint6,lower,-0.100537
0.001,2694,5.388,joint2,upper,0.0475598
0.001,2694,5.388,joint4,upper,2.00791
0.001,2694,5.388,joint6,lower,-0.110249
0.001,2695,5.39,joint2,upper,0.0590415
0.001,2695,5.39,joint4,upper,2.0292
0.001,2695,5.39,joint6,lower,-0.120059
0.001,2696,5.392,joint2,upper,0.0705975
0.001,2696,5.392,joint4,upper,2.05062
0.001,2696,5.392,joint6,lower,-0.129923
0.001,2697,5.394,joint2,upper,0.0821852
0.001,2697,5.394,joint4,upper,2.07208
0.001,2697,5.394,joint6,lower,-0.139803
0.001,2698,5.396,joint2,upper,0.0937789
0.001,2698,5.396,joint4,upper,2.09355
0.001,2698,5.396,joint6,lower,-0.149675
0.001,2699,5.398,joint2,upper,0.10533
0.001,2699,5.398,joint4,upper,2.11493
0.001,2699,5.398,joint6,lower,-0.159499
0.001,2700,5.4,joint2,upper,0.116824
0.001,2700,5.4,joint4,upper,2.13618
0.001,2700,5.4,joint6,lower,-0.16926
0.001,2701,5.402,joint2,upper,0.128253
0.001,2701,5.402,joint4,upper,2.1573
0.001,2701,5.402,joint6,lower,-0.178953
0.001,2702,5.404,joint2,upper,0.139615
0.001,2702,5.404,joint4,upper,2.17829
0.001,2702,5.404,joint6,lower,-0.188576
0.001,2703,5.406,joint2,upper,0.150904
0.001,2703,5.406,joint4,upper,2.19913
0.001,2703,5.406,joint6,lower,-0.198126
0.001,2704,5.408,joint2,upper,0.16212
0.001,2704,5.408,joint4,upper,2.21982
0.001,2704,5.408,joint6,lower,-0.207601
0.001,2705,5.41,joint2,upper,0.173258
0.001,2705,5.41,joint4,upper,2.24035
0.001,2705,5.41,joint6,lower,-0.216999
0.001,2706,5.412,joint2,upper,0.184316
0.001,2706,5.412,joint4,upper,2.26073
0.001,2706,5.412,joint6,lower,-0.226318
0.001,2707,5.414,joint2,upper,0.195291
0.001,2707,5.414,joint4,upper,2.28094
0.001,2707,5.414,joint6,lower,-0.235556
0.001,2708,5.416,joint2,upper,0.20618
0.001,2708,5.416,joint4,upper,2.30099
0.001,2708,5.416,joint6,lower,-0.244711
0.001,2709,5.418,joint2,upper,0.216982
0.001,2709,5.418,joint4,upper,2.32086
0.001,2709,5.418,joint6,lower,-0.253781
0.001,2710,5.42,joint2,upper,0.227693
0.001,2710,5.42,joint4,upper,2.34055
0.001,2710,5.42,joint6,lower,-0.262764
0.001,2711,5.422,joint2,upper,0.23831
0.001,2711,5.422,joint4,upper,2.36006
0.001,2711,5.422,joint6,lower,-0.271659
0.001,2712,5.424,joint2,upper,0.248831
0.001,2712,5.424,joint4,upper,2.37939
0.001,2712,5.424,joint6,lower,-0.280464
0.001,2713,5.426,joint2,upper,0.259255
0.001,2713,5.426,joint4,upper,2.39853
0.001,2713,5.426,joint6,lower,-0.289177
0.001,2714,5.428,joint2,upper,0.269577
0.001,2714,5.428,joint4,upper,2.41747
0.001,2714,5.428,joint6,lower,-0.297796
0.001,2715,5.43,joint2,upper,0.279796
0.001,2715,5.43,joint4,upper,2.43621
0.001,2715,5.43,joint6,lower,-0.30632
0.001,2716,5.432,joint2,upper,0.28991
0.001,2716,5.432,joint4,upper,2.45475
0.001,2716,5.432,joint6,lower,-0.314747
0.001,2717,5.434,joint2,upper,0.299916
0.001,2717,5.434,joint4,upper,2.47309
0.001,2717,5.434,joint6,lower,-0.323075
0.001,2718,5.436,joint2,upper,0.309812
0.001,2718,5.436,joint4,upper,2.49121
0.001,2718,5.436,joint6,lower,-0.331303
0.001,2719,5.438,joint2,upper,0.319596
0.001,2719,5.438,joint4,upper,2.50912
0.001,2719,5.438,joint6,lower,-0.33943
0.001,2720,5.44,joint2,upper,0.329265
0.001,2720,5.44,joint4,upper,2.52681
0.001,2720,5.44,joint6,lower,-0.347454
0.001,2721,5.442,joint2,upper,0.338818
0.001,2721,5.442,joint4,upper,2.54429
0.001,2721,5.442,joint6,lower,-0.355373
0.001,2722,5.444,joint2,upper,0.348252
0.001,2722,5.444,joint4,upper,2.56153
0.001,2722,5.444,joint6,lower,-0.363186
0.001,2723,5.446,joint2,upper,0.357566
0.001,2723,5.446,joint4,upper,2.57855
0.001,2723,5.446,joint6,lower,-0.370892
0.001,2724,5.448,joint2,upper,0.366757
0.001,2724,5.448,joint4,upper,2.59534
0.001,2724,5.448,joint6,lower,-0.378489
0.001,2725,5.45,joint2,upper,0.375823
0.001,2725,5.45,joint4,upper,2.61189
0.001,2725,5.45,joint6,lower,-0.385976
0.001,2726,5.452,joint2,upper,0.384763
0.001,2726,5.452,joint4,upper,2.62821
0.001,2726,5.452,joint6,lower,-0.393352
0.001,2727,5.454,joint2,upper,0.393574
0.001,2727,5.454,joint4,upper,2.64428
0.001,2727,5.454,joint6,lower,-0.400615
0.001,2728,5.456,joint2,upper,0.402255
0.001,2728,5.456,joint4,upper,2.66011
0.001,2728,5.456,joint6,lower,-0.407764
0.001,2729,5.458,joint2,upper,0.410804
0.001,2729,5.458,joint4,upper,2.6757
0.001,2729,5.458,joint6,lower,-0.414799
0.001,2730,5.46,joint2,upper,0.419219
0.001,2730,5.46,joint4,upper,2.69103
0.001,2730,5.46,joint6,lower,-0.421716
0.001,2731,5.462,joint2,upper,0.427498
0.001,2731,5.462,joint4,upper,2.70611
0.001,2731,5.462,joint6,lower,-0.428517
0.001,2732,5.464,joint2,upper,0.43564
0.001,2732,5.464,joint4,upper,2.72093
0.001,2732,5.464,joint6,lower,-0.435199
0.001,2733,5.466,joint2,upper,0.443644
0.001,2733,5.466,joint4,upper,2.7355
0.001,2733,5.466,joint6,lower,-0.441761
0.001,2734,5.468,joint2,upper,0.451507
0.001,2734,5.468,joint4,upper,2.7498
0.001,2734,5.468,joint6,lower,-0.448203
0.001,2735,5.47,joint2,upper,0.459227
0.001,2735,5.47,joint4,upper,2.76384
0.001,2735,5.47,joint6,lower,-0.454523
0.001,2736,5.472,joint2,upper,0.466805
0.001,2736,5.472,joint4,upper,2.77762
0.001,2736,5.472,joint6,lower,-0.46072
0.001,2737,5.474,joint2,upper,0.474237
0.001,2737,5.474,joint4,upper,2.79112
0.001,2737,5.474,joint6,lower,-0.466793
0.001,2738,5.476,joint2,upper,0.481523
0.001,2738,5.476,joint4,upper,2.80436
0.001,2738,5.476,joint6,lower,-0.472742
0.001,2739,5.478,joint2,upper,0.488661
0.001,2739,5.478,joint4,upper,2.81732
0.001,2739,5.478,joint6,lower,-0.478566
0.001,2740,5.48,joint2,upper,0.495649
0.001,2740,5.48,joint4,upper,2.83001
0.001,2740,5.48,joint6,lower,-0.484263
0.001,2741,5.482,joint2,upper,0.502487
0.001,2741,5.482,joint4,upper,2.84241
0.001,2741,5.482,joint6,lower,-0.489832
0.001,2742,5.484,joint2,upper,0.509174
0.001,2742,5.484,joint4,upper,2.85454
0.001,2742,5.484,joint6,lower,-0.495274
0.001,2743,5.486,joint2,upper,0.515707
0.001,2743,5.486,joint4,upper,2.86639
0.001,2743,5.486,joint6,lower,-0.500587
0.001,2744,5.488,joint2,upper,0.522086
0.001,2744,5.488,joint4,upper,2.87795
0.001,2744,5.488,joint6,lower,-0.50577
0.001,2745,5.49,joint2,upper,0.528309
0.001,2745,5.49,joint4,upper,2.88923
0.001,2745,5.49,joint6,lower,-0.510822
0.001,2746,5.492,joint2,upper,0.534376
0.001,2746,5.492,joint4,upper,2.90021
0.001,2746,5.492,joint6,lower,-0.515744
0.001,2747,5.494,joint2,upper,0.540286
0.001,2747,5.494,joint4,upper,2.91091
0.001,2747,5.494,joint6,lower,-0.520533
0.001,2748,5.496,joint2,upper,0.546036
0.001,2748,5.496,joint4,upper,2.92132
0.001,2748,5.496,joint6,lower,-0.52519
0.001,2749,5.498,joint2,upper,0.551627
0.001,2749,5.498,joint4,upper,2.93144
0.001,2749,5.498,joint6,lower,-0.529714
0.001,2750,5.5,joint2,upper,0.557057
0.001,2750,5.5,joint4,upper,2.94126
0.001,2750,5.5,joint6,lower,-0.534104
0.001,2751,5.502,joint2,upper,0.562326
0.001,2751,5.502,joint4,upper,2.95078
0.001,2751,5.502,joint6,lower,-0.53836
0.001,2752,5.504,joint2,upper,0.567432
0.001,2752,5.504,joint4,upper,2.96001
0.001,2752,5.504,joint6,lower,-0.542481
0.001,2753,5.506,joint2,upper,0.572375
0.001,2753,5.506,joint4,upper,2.96894
0.001,2753,5.506,joint6,lower,-0.546466
0.001,2754,5.508,joint2,upper,0.577154
0.001,2754,5.508,joint4,upper,2.97756
0.001,2754,5.508,joint6,lower,-0.550316
0.001,2755,5.51,joint2,upper,0.581768
0.001,2755,5.51,joint4,upper,2.98589
0.001,2755,5.51,joint6,lower,-0.554029
0.001,2756,5.512,joint2,upper,0.586216
0.001,2756,5.512,joint4,upper,2.99392
0.001,2756,5.512,joint6,lower,-0.557605
0.001,2757,5.514,joint2,upper,0.590497
0.001,2757,5.514,joint4,upper,3.00164
0.001,2757,5.514,joint6,lower,-0.561044
0.001,2758,5.516,joint2,upper,0.594612
0.001,2758,5.516,joint4,upper,3.00905
0.001,2758,5.516,joint6,lower,-0.564346
0.001,2759,5.518,joint2,upper,0.598559
0.001,2759,5.518,joint4,upper,3.01616
0.001,2759,5.518,joint6,lower,-0.567509
0.001,2760,5.52,joint2,upper,0.602338
0.001,2760,5.52,joint4,upper,3.02297
0.001,2760,5.52,joint6,lower,-0.570534
0.001,2761,5.522,joint2,upper,0.605948
0.001,2761,5.522,joint4,upper,3.02946
0.001,2761,5.522,joint6,lower,-0.57342
0.001,2762,5.524,joint2,upper,0.609366
0.001,2762,5.524,joint4,upper,3.03561
0.001,2762,5.524,joint6,lower,-0.576147
0.001,2763,5.526,joint2,upper,0.612638
0.001,2763,5.526,joint4,upper,3.04149
0.001,2763,5.526,joint6,lower,-0.578754
0.001,2764,5.528,joint2,upper,0.615787
0.001,2764,5.528,joint4,upper,3.04714
0.001,2764,5.528,joint6,lower,-0.581259
0.001,2765,5.53,joint2,upper,0.618274
0.001,2765,5.53,joint4,upper,3.0516
0.001,2765,5.53,joint6,lower,-0.583227
0.001,2766,5.532,joint2,upper,0.620199
0.001,2766,5.532,joint4,upper,3.05503
0.001,2766,5.532,joint6,lower,-0.58474
0.001,2767,5.534,joint2,upper,0.621629
0.001,2767,5.534,joint4,upper,3.05757
0.001,2767,5.534,joint6,lower,-0.585852
0.001,2768,5.536,joint2,upper,0.622626
0.001,2768,5.536,joint4,upper,3.05934
0.001,2768,5.536,joint6,lower,-0.586616
0.001,2769,5.538,joint2,upper,0.623253
0.001,2769,5.538,joint4,upper,3.06043
0.001,2769,5.538,joint6,lower,-0.587084
0.001,2770,5.54,joint2,upper,0.623565
0.001,2770,5.54,joint4,upper,3.06096
0.001,2770,5.54,joint6,lower,-0.587299
0.001,2771,5.542,joint2,upper,0.623611
0.001,2771,5.542,joint4,upper,3.06101
0.001,2771,5.542,joint6,lower,-0.587301
0.001,2772,5.544,joint2,upper,0.623434
0.001,2772,5.544,joint4,upper,3.06065
0.001,2772,5.544,joint6,lower,-0.587126
0.001,2773,5.546,joint2,upper,0.62307
0.001,2773,5.546,joint4,upper,3.05997
0.001,2773,5.546,joint6,lower,-0.586802
0.001,2774,5.548,joint2,upper,0.622554
0.001,2774,5.548,joint4,upper,3.05901
0.001,2774,5.548,joint6,lower,-0.586357
0.001,2775,5.55,joint2,upper,0.621915
0.001,2775,5.55,joint4,upper,3.05782
0.001,2775,5.55,joint6,lower,-0.585814
0.001,2776,5.552,joint2,upper,0.621179
0.001,2776,5.552,joint4,upper,3.05647
0.001,2776,5.552,joint6,lower,-0.585193
0.001,2777,5.554,joint2,upper,0.620366
0.001,2777,5.554,joint4,upper,3.05497
0.001,2777,5.554,joint6,lower,-0.584511
0.001,2778,5.556,joint2,upper,0.619496
0.001,2778,5.556,joint4,upper,3.05337
0.001,2778,5.556,joint6,lower,-0.583783
0.001,2779,5.558,joint2,upper,0.618587
0.001,2779,5.558,joint4,upper,3.0517
0.001,2779,5.558,joint6,lower,-0.583023
0.001,2780,5.56,joint2,upper,0.617651
0.001,2780,5.56,joint4,upper,3.04999
0.001,2780,5.56,joint6,lower,-0.582241
0.001,2781,5.562,joint2,upper,0.6167
0.001,2781,5.562,joint4,upper,3.04824
0.001,2781,5.562,joint6,lower,-0.581446
0.001,2782,5.564,joint2,upper,0.615744
0.001,2782,5.564,joint4,upper,3.04648
0.001,2782,5.564,joint6,lower,-0.580646
0.001,2783,5.566,joint2,upper,0.614793
0.001,2783,5.566,joint4,upper,3.04473
0.001,2783,5.566,joint6,lower,-0.579847
0.001,2784,5.568,joint2,upper,0.613851
0.001,2784,5.568,joint4,upper,3.043
0.001,2784,5.568,joint6,lower,-0.579056
0.001,2785,5.57,joint2,upper,0.612926
0.001,2785,5.57,joint4,upper,3.0413
0.001,2785,5.57,joint6,lower,-0.578276
0.001,2786,5.572,joint2,upper,0.612021
0.001,2786,5.572,joint4,upper,3.03963
0.001,2786,5.572,joint6,lower,-0.577511
0.001,2787,5.574,joint2,upper,0.61114
0.001,2787,5.574,joint4,upper,3.038
0.001,2787,5.574,joint6,lower,-0.576763
0.001,2788,5.576,joint2,upper,0.610286
0.001,2788,5.576,joint4,upper,3.03642
0.001,2788,5.576,joint6,lower,-0.576035
0.001,2789,5.578,joint2,upper,0.609461
0.001,2789,5.578,joint4,upper,3.03488
0.001,2789,5.578,joint6,lower,-0.575329
0.001,2790,5.58,joint2,upper,0.608666
0.001,2790,5.58,joint4,upper,3.03341
0.001,2790,5.58,joint6,lower,-0.574645
0.001,2791,5.582,joint2,upper,0.607902
0.001,2791,5.582,joint4,upper,3.03198
0.001,2791,5.582,joint6,lower,-0.573985
0.001,2792,5.584,joint2,upper,0.60717
0.001,2792,5.584,joint4,upper,3.03061
0.001,2792,5.584,joint6,lower,-0.573349
0.001,2793,5.586,joint2,upper,0.606469
0.001,2793,5.586,joint4,upper,3.0293
0.001,2793,5.586,joint6,lower,-0.572737
0.001,2794,5.588,joint2,upper,0.605801
0.001,2794,5.588,joint4,upper,3.02804
0.001,2794,5.588,joint6,lower,-0.572149
0.001,2795,5.59,joint2,upper,0.605164
0.001,2795,5.59,joint4,upper,3.02684
0.001,2795,5.59,joint6,lower,-0.571585
0.001,2796,5.592,joint2,upper,0.604559
0.001,2796,5.592,joint4,upper,3.0257
0.001,2796,5.592,joint6,lower,-0.571046
0.001,2797,5.594,joint2,upper,0.603985
0.001,2797,5.594,joint4,upper,3.02461
0.001,2797,5.594,joint6,lower,-0.57053
0.001,2798,5.596,joint2,upper,0.603442
0.001,2798,5.596,joint4,upper,3.02357
0.001,2798,5.596,joint6,lower,-0.570037
0.001,2799,5.598,joint2,upper,0.602928
0.001,2799,5.598,joint4,upper,3.02259
0.001,2799,5.598,joint6,lower,-0.569568
0.001,2800,5.6,joint2,upper,0.602445
0.001,2800,5.6,joint4,upper,3.02166
0.001,2800,5.6,joint6,lower,-0.569122
0.001,2801,5.602,joint2,upper,0.601991
0.001,2801,5.602,joint4,upper,3.02078
0.001,2801,5.602,joint6,lower,-0.568698
0.001,2802,5.604,joint2,upper,0.601583
0.001,2802,5.604,joint4,upper,3.01999
0.001,2802,5.604,joint6,lower,-0.56831
0.001,2803,5.606,joint2,upper,0.601219
0.001,2803,5.606,joint4,upper,3.01927
0.001,2803,5.606,joint6,lower,-0.567957
0.001,2804,5.608,joint2,upper,0.600896
0.001,2804,5.608,joint4,upper,3.01863
0.001,2804,5.608,joint6,lower,-0.567636
0.001,2805,5.61,joint2,upper,0.600614
0.001,2805,5.61,joint4,upper,3.01806
0.001,2805,5.61,joint6,lower,-0.567348
0.001,2806,5.612,joint2,upper,0.600373
0.001,2806,5.612,joint4,upper,3.01756
0.001,2806,5.612,joint6,lower,-0.567092
0.001,2807,5.614,joint2,upper,0.60017
0.001,2807,5.614,joint4,upper,3.01713
0.001,2807,5.614,joint6,lower,-0.566867
0.001,2808,5.616,joint2,upper,0.600005
0.001,2808,5.616,joint4,upper,3.01677
0.001,2808,5.616,joint6,lower,-0.566672
0.001,2809,5.618,joint2,upper,0.599875
0.001,2809,5.618,joint4,upper,3.01648
0.001,2809,5.618,joint6,lower,-0.566505
0.001,2810,5.62,joint2,upper,0.599779
0.001,2810,5.62,joint4,upper,3.01624
0.001,2810,5.62,joint6,lower,-0.566365
0.001,2811,5.622,joint2,upper,0.599714
0.001,2811,5.622,joint4,upper,3.01606
0.001,2811,5.622,joint6,lower,-0.566251
0.001,2812,5.624,joint2,upper,0.59968
0.001,2812,5.624,joint4,upper,3.01594
0.001,2812,5.624,joint6,lower,-0.566162
0.001,2813,5.626,joint2,upper,0.599674
0.001,2813,5.626,joint4,upper,3.01587
0.001,2813,5.626,joint6,lower,-0.566096
0.001,2814,5.628,joint2,upper,0.599695
0.001,2814,5.628,joint4,upper,3.01584
0.001,2814,5.628,joint6,lower,-0.566052
0.001,2815,5.63,joint2,upper,0.599741
0.001,2815,5.63,joint4,upper,3.01587
0.001,2815,5.63,joint6,lower,-0.566028
0.001,2816,5.632,joint2,upper,0.599811
0.001,2816,5.632,joint4,upper,3.01593
0.001,2816,5.632,joint6,lower,-0.566024
0.001,2817,5.634,joint2,upper,0.599902
0.001,2817,5.634,joint4,upper,3.01604
0.001,2817,5.634,joint6,lower,-0.566038
0.001,2818,5.636,joint2,upper,0.600013
0.001,2818,5.636,joint4,upper,3.01618
0.001,2818,5.636,joint6,lower,-0.566069
0.001,2819,5.638,joint2,upper,0.600144
0.001,2819,5.638,joint4,upper,3.01636
0.001,2819,5.638,joint6,lower,-0.566115
0.001,2820,5.64,joint2,upper,0.600292
0.001,2820,5.64,joint4,upper,3.01657
0.001,2820,5.64,joint6,lower,-0.566177
0.001,2821,5.642,joint2,upper,0.600456
0.001,2821,5.642,joint4,upper,3.01681
0.001,2821,5.642,joint6,lower,-0.566252
0.001,2822,5.644,joint2,upper,0.600636
0.001,2822,5.644,joint4,upper,3.01707
0.001,2822,5.644,joint6,lower,-0.566339
0.001,2823,5.646,joint2,upper,0.600829
0.001,2823,5.646,joint4,upper,3.01737
0.001,2823,5.646,joint6,lower,-0.566439
0.001,2824,5.648,joint2,upper,0.601034
0.001,2824,5.648,joint4,upper,3.01768
0.001,2824,5.648,joint6,lower,-0.566549
0.001,2825,5.65,joint2,upper,0.601252
0.001,2825,5.65,joint4,upper,3.01802
0.001,2825,5.65,joint6,lower,-0.566669
0.001,2826,5.652,joint2,upper,0.60148
0.001,2826,5.652,joint4,upper,3.01838
0.001,2826,5.652,joint6,lower,-0.566799
0.001,2827,5.654,joint2,upper,0.601717
0.001,2827,5.654,joint4,upper,3.01875
0.001,2827,5.654,joint6,lower,-0.566936
0.001,2828,5.656,joint2,upper,0.601964
0.001,2828,5.656,joint4,upper,3.01915
0.001,2828,5.656,joint6,lower,-0.567082
0.001,2829,5.658,joint2,upper,0.602218
0.001,2829,5.658,joint4,upper,3.01955
0.001,2829,5.658,joint6,lower,-0.567235
0.001,2830,5.66,joint2,upper,0.60248
0.001,2830,5.66,joint4,upper,3.01998
0.001,2830,5.66,joint6,lower,-0.567394
0.001,2831,5.662,joint2,upper,0.602748
0.001,2831,5.662,joint4,upper,3.02041
0.001,2831,5.662,joint6,lower,-0.567559
0.001,2832,5.664,joint2,upper,0.603022
0.001,2832,5.664,joint4,upper,3.02085
0.001,2832,5.664,joint6,lower,-0.567729
0.001,2833,5.666,joint2,upper,0.603301
0.001,2833,5.666,joint4,upper,3.02131
0.001,2833,5.666,joint6,lower,-0.567904
0.001,2834,5.668,joint2,upper,0.603585
0.001,2834,5.668,joint4,upper,3.02177
0.001,2834,5.668,joint6,lower,-0.568083
0.001,2835,5.67,joint2,upper,0.603873
0.001,2835,5.67,joint4,upper,3.02225
0.001,2835,5.67,joint6,lower,-0.568267
0.001,2836,5.672,joint2,upper,0.604165
0.001,2836,5.672,joint4,upper,3.02272
0.001,2836,5.672,joint6,lower,-0.568454
0.001,2837,5.674,joint2,upper,0.60446
0.001,2837,5.674,joint4,upper,3.02321
0.001,2837,5.674,joint6,lower,-0.568644
0.001,2838,5.676,joint2,upper,0.604758
0.001,2838,5.676,joint4,upper,3.0237
0.001,2838,5.676,joint6,lower,-0.568836
0.001,2839,5.678,joint2,upper,0.605059
0.001,2839,5.678,joint4,upper,3.0242
0.001,2839,5.678,joint6,lower,-0.569031
0.001,2840,5.68,joint2,upper,0.605361
0.001,2840,5.68,joint4,upper,3.0247
0.001,2840,5.68,joint6,lower,-0.569229
0.001,2841,5.682,joint2,upper,0.605666
0.001,2841,5.682,joint4,upper,3.0252
0.001,2841,5.682,joint6,lower,-0.569428
0.001,2842,5.684,joint2,upper,0.605972
0.001,2842,5.684,joint4,upper,3.02571
0.001,2842,5.684,joint6,lower,-0.569629
0.001,2843,5.686,joint2,upper,0.606279
0.001,2843,5.686,joint4,upper,3.02622
0.001,2843,5.686,joint6,lower,-0.569831
0.001,2844,5.688,joint2,upper,0.606587
0.001,2844,5.688,joint4,upper,3.02673
0.001,2844,5.688,joint6,lower,-0.570034
0.001,2845,5.69,joint2,upper,0.606895
0.001,2845,5.69,joint4,upper,3.02725
0.001,2845,5.69,joint6,lower,-0.570238
0.001,2846,5.692,joint2,upper,0.607201
0.001,2846,5.692,joint4,upper,3.02776
0.001,2846,5.692,joint6,lower,-0.570441
0.001,2847,5.694,joint2,upper,0.607503
0.001,2847,5.694,joint4,upper,3.02826
0.001,2847,5.694,joint6,lower,-0.570642
0.001,2848,5.696,joint2,upper,0.607802
0.001,2848,5.696,joint4,upper,3.02876
0.001,2848,5.696,joint6,lower,-0.570841
0.001,2849,5.698,joint2,upper,0.608096
0.001,2849,5.698,joint4,upper,3.02925
0.001,2849,5.698,joint6,lower,-0.571038
0.001,2850,5.7,joint2,upper,0.608388
0.001,2850,5.7,joint4,upper,3.02974
0.001,2850,5.7,joint6,lower,-0.571233
0.001,2851,5.702,joint2,upper,0.608676
0.001,2851,5.702,joint4,upper,3.03022
0.001,2851,5.702,joint6,lower,-0.571425
0.001,2852,5.704,joint2,upper,0.608962
0.001,2852,5.704,joint4,upper,3.0307
0.001,2852,5.704,joint6,lower,-0.571616
0.001,2853,5.706,joint2,upper,0.609245
0.001,2853,5.706,joint4,upper,3.03117
0.001,2853,5.706,joint6,lower,-0.571805
0.001,2854,5.708,joint2,upper,0.609526
0.001,2854,5.708,joint4,upper,3.03164
0.001,2854,5.708,joint6,lower,-0.571993
0.001,2855,5.71,joint2,upper,0.609805
0.001,2855,5.71,joint4,upper,3.0321
0.001,2855,5.71,joint6,lower,-0.57218
0.001,2856,5.712,joint2,upper,0.610083
0.001,2856,5.712,joint4,upper,3.03257
0.001,2856,5.712,joint6,lower,-0.572365
0.001,2857,5.714,joint2,upper,0.610359
0.001,2857,5.714,joint4,upper,3.03303
0.001,2857,5.714,joint6,lower,-0.57255
0.001,2858,5.716,joint2,upper,0.610634
0.001,2858,5.716,joint4,upper,3.03349
0.001,2858,5.716,joint6,lower,-0.572734
0.001,2859,5.718,joint2,upper,0.610908
0.001,2859,5.718,joint4,upper,3.03395
0.001,2859,5.718,joint6,lower,-0.572917
0.001,2860,5.72,joint2,upper,0.611181
0.001,2860,5.72,joint4,upper,3.0344
0.001,2860,5.72,joint6,lower,-0.573099
0.001,2861,5.722,joint2,upper,0.611453
0.001,2861,5.722,joint4,upper,3.03486
0.001,2861,5.722,joint6,lower,-0.57328
0.001,2862,5.724,joint2,upper,0.611724
0.001,2862,5.724,joint4,upper,3.03531
0.001,2862,5.724,joint6,lower,-0.573461
0.001,2863,5.726,joint2,upper,0.611994
0.001,2863,5.726,joint4,upper,3.03576
0.001,2863,5.726,joint6,lower,-0.573641
0.001,2864,5.728,joint2,upper,0.612263
0.001,2864,5.728,joint4,upper,3.03621
0.001,2864,5.728,joint6,lower,-0.57382
0.001,2865,5.73,joint2,upper,0.61253
0.001,2865,5.73,joint4,upper,3.03666
0.001,2865,5.73,joint6,lower,-0.573999
0.001,2866,5.732,joint2,upper,0.612797
0.001,2866,5.732,joint4,upper,3.0371
0.001,2866,5.732,joint6,lower,-0.574177
0.001,2867,5.734,joint2,upper,0.613063
0.001,2867,5.734,joint4,upper,3.03755
0.001,2867,5.734,joint6,lower,-0.574354
0.001,2868,5.736,joint2,upper,0.613328
0.001,2868,5.736,joint4,upper,3.03799
0.001,2868,5.736,joint6,lower,-0.57453
0.001,2869,5.738,joint2,upper,0.613592
0.001,2869,5.738,joint4,upper,3.03843
0.001,2869,5.738,joint6,lower,-0.574706
0.001,2870,5.74,joint2,upper,0.613854
0.001,2870,5.74,joint4,upper,3.03887
0.001,2870,5.74,joint6,lower,-0.574881
0.001,2871,5.742,joint2,upper,0.614115
0.001,2871,5.742,joint4,upper,3.0393
0.001,2871,5.742,joint6,lower,-0.575055
0.001,2872,5.744,joint2,upper,0.614376
0.001,2872,5.744,joint4,upper,3.03974
0.001,2872,5.744,joint6,lower,-0.575228
0.001,2873,5.746,joint2,upper,0.614634
0.001,2873,5.746,joint4,upper,3.04017
0.001,2873,5.746,joint6,lower,-0.575401
0.001,2874,5.748,joint2,upper,0.614892
0.001,2874,5.748,joint4,upper,3.0406
0.001,2874,5.748,joint6,lower,-0.575572
0.001,2875,5.75,joint2,upper,0.615147
0.001,2875,5.75,joint4,upper,3.04103
0.001,2875,5.75,joint6,lower,-0.575743
0.001,2876,5.752,joint2,upper,0.615402
0.001,2876,5.752,joint4,upper,3.04145
0.001,2876,5.752,joint6,lower,-0.575912
0.001,2877,5.754,joint2,upper,0.615654
0.001,2877,5.754,joint4,upper,3.04187
0.001,2877,5.754,joint6,lower,-0.57608
0.001,2878,5.756,joint2,upper,0.615905
0.001,2878,5.756,joint4,upper,3.04229
0.001,2878,5.756,joint6,lower,-0.576247
0.001,2879,5.758,joint2,upper,0.616155
0.001,2879,5.758,joint4,upper,3.04271
0.001,2879,5.758,joint6,lower,-0.576413
0.001,2880,5.76,joint2,upper,0.616402
0.001,2880,5.76,joint4,upper,3.04312
0.001,2880,5.76,joint6,lower,-0.576577
0.001,2881,5.762,joint2,upper,0.616648
0.001,2881,5.762,joint4,upper,3.04353
0.001,2881,5.762,joint6,lower,-0.576741
0.001,2882,5.764,joint2,upper,0.616891
0.001,2882,5.764,joint4,upper,3.04393
0.001,2882,5.764,joint6,lower,-0.576903
0.001,2883,5.766,joint2,upper,0.617133
0.001,2883,5.766,joint4,upper,3.04434
0.001,2883,5.766,joint6,lower,-0.577063
0.001,2884,5.768,joint2,upper,0.617373
0.001,2884,5.768,joint4,upper,3.04473
0.001,2884,5.768,joint6,lower,-0.577222
0.001,2885,5.77,joint2,upper,0.61761
0.001,2885,5.77,joint4,upper,3.04513
0.001,2885,5.77,joint6,lower,-0.57738
0.001,2886,5.772,joint2,upper,0.617846
0.001,2886,5.772,joint4,upper,3.04552
0.001,2886,5.772,joint6,lower,-0.577536
0.001,2887,5.774,joint2,upper,0.618079
0.001,2887,5.774,joint4,upper,3.04591
0.001,2887,5.774,joint6,lower,-0.577691
0.001,2888,5.776,joint2,upper,0.61831
0.001,2888,5.776,joint4,upper,3.0463
0.001,2888,5.776,joint6,lower,-0.577844
0.001,2889,5.778,joint2,upper,0.61854
0.001,2889,5.778,joint4,upper,3.04668
0.001,2889,5.778,joint6,lower,-0.577996
0.001,2890,5.78,joint2,upper,0.618766
0.001,2890,5.78,joint4,upper,3.04705
0.001,2890,5.78,joint6,lower,-0.578146
0.001,2891,5.782,joint2,upper,0.618991
0.001,2891,5.782,joint4,upper,3.04743
0.001,2891,5.782,joint6,lower,-0.578295
0.001,2892,5.784,joint2,upper,0.619214
0.001,2892,5.784,joint4,upper,3.0478
0.001,2892,5.784,joint6,lower,-0.578442
0.001,2893,5.786,joint2,upper,0.619434
0.001,2893,5.786,joint4,upper,3.04816
0.001,2893,5.786,joint6,lower,-0.578588
0.001,2894,5.788,joint2,upper,0.619652
0.001,2894,5.788,joint4,upper,3.04853
0.001,2894,5.788,joint6,lower,-0.578732
0.001,2895,5.79,joint2,upper,0.619868
0.001,2895,5.79,joint4,upper,3.04889
0.001,2895,5.79,joint6,lower,-0.578874
0.001,2896,5.792,joint2,upper,0.620082
0.001,2896,5.792,joint4,upper,3.04924
0.001,2896,5.792,joint6,lower,-0.579015
0.001,2897,5.794,joint2,upper,0.620294
0.001,2897,5.794,joint4,upper,3.04959
0.001,2897,5.794,joint6,lower,-0.579154
0.001,2898,5.796,joint2,upper,0.620503
0.001,2898,5.796,joint4,upper,3.04994
0.001,2898,5.796,joint6,lower,-0.579292
0.001,2899,5.798,joint2,upper,0.62071
0.001,2899,5.798,joint4,upper,3.05028
0.001,2899,5.798,joint6,lower,-0.579428
0.001,2900,5.8,joint2,upper,0.620915
0.001,2900,5.8,joint4,upper,3.05062
0.001,2900,5.8,joint6,lower,-0.579563
0.001,2901,5.802,joint2,upper,0.621118
0.001,2901,5.802,joint4,upper,3.05096
0.001,2901,5.802,joint6,lower,-0.579696
0.001,2902,5.804,joint2,upper,0.621318
0.001,2902,5.804,joint4,upper,3.05129
0.001,2902,5.804,joint6,lower,-0.579828
0.001,2903,5.806,joint2,upper,0.621517
0.001,2903,5.806,joint4,upper,3.05162
0.001,2903,5.806,joint6,lower,-0.579958
0.001,2904,5.808,joint2,upper,0.621713
0.001,2904,5.808,joint4,upper,3.05194
0.001,2904,5.808,joint6,lower,-0.580086
0.001,2905,5.81,joint2,upper,0.621907
0.001,2905,5.81,joint4,upper,3.05226
0.001,2905,5.81,joint6,lower,-0.580213
0.001,2906,5.812,joint2,upper,0.622099
0.001,2906,5.812,joint4,upper,3.05258
0.001,2906,5.812,joint6,lower,-0.580339
0.001,2907,5.814,joint2,upper,0.622289
0.001,2907,5.814,joint4,upper,3.05289
0.001,2907,5.814,joint6,lower,-0.580463
0.001,2908,5.816,joint2,upper,0.622477
0.001,2908,5.816,joint4,upper,3.0532
0.001,2908,5.816,joint6,lower,-0.580585
0.001,2909,5.818,joint2,upper,0.622663
0.001,2909,5.818,joint4,upper,3.05351
0.001,2909,5.818,joint6,lower,-0.580706
0.001,2910,5.82,joint2,upper,0.622847
0.001,2910,5.82,joint4,upper,3.05381
0.001,2910,5.82,joint6,lower,-0.580826
0.001,2911,5.822,joint2,upper,0.623028
0.001,2911,5.822,joint4,upper,3.05411
0.001,2911,5.822,joint6,lower,-0.580944
0.001,2912,5.824,joint2,upper,0.623208
0.001,2912,5.824,joint4,upper,3.05441
0.001,2912,5.824,joint6,lower,-0.58106
0.001,2913,5.826,joint2,upper,0.623385
0.001,2913,5.826,joint4,upper,3.0547
0.001,2913,5.826,joint6,lower,-0.581175
0.001,2914,5.828,joint2,upper,0.623561
0.001,2914,5.828,joint4,upper,3.05499
0.001,2914,5.828,joint6,lower,-0.581289
0.001,2915,5.83,joint2,upper,0.623734
0.001,2915,5.83,joint4,upper,3.05528
0.001,2915,5.83,joint6,lower,-0.581401
0.001,2916,5.832,joint2,upper,0.623906
0.001,2916,5.832,joint4,upper,3.05556
0.001,2916,5.832,joint6,lower,-0.581512
0.001,2917,5.834,joint2,upper,0.624075
0.001,2917,5.834,joint4,upper,3.05584
0.001,2917,5.834,joint6,lower,-0.581622
0.001,2918,5.836,joint2,upper,0.624243
0.001,2918,5.836,joint4,upper,3.05611
0.001,2918,5.836,joint6,lower,-0.58173
0.001,2919,5.838,joint2,upper,0.624408
0.001,2919,5.838,joint4,upper,3.05638
0.001,2919,5.838,joint6,lower,-0.581836
0.001,2920,5.84,joint2,upper,0.624575
0.001,2920,5.84,joint4,upper,3.05666
0.001,2920,5.84,joint6,lower,-0.581943
0.001,2921,5.842,joint2,upper,0.624741
0.001,2921,5.842,joint4,upper,3.05693
0.001,2921,5.842,joint6,lower,-0.582048
0.001,2922,5.844,joint2,upper,0.624904
0.001,2922,5.844,joint4,upper,3.05719
0.001,2922,5.844,joint6,lower,-0.582151
0.001,2923,5.846,joint2,upper,0.625064
0.001,2923,5.846,joint4,upper,3.05745
0.001,2923,5.846,joint6,lower,-0.582251
0.001,2924,5.848,joint2,upper,0.625221
0.001,2924,5.848,joint4,upper,3.05771
0.001,2924,5.848,joint6,lower,-0.582349
0.001,2925,5.85,joint2,upper,0.625376
0.001,2925,5.85,joint4,upper,3.05796
0.001,2925,5.85,joint6,lower,-0.582445
0.001,2926,5.852,joint2,upper,0.625527
0.001,2926,5.852,joint4,upper,3.0582
0.001,2926,5.852,joint6,lower,-0.582538
0.001,2927,5.854,joint2,upper,0.625676
0.001,2927,5.854,joint4,upper,3.05844
0.001,2927,5.854,joint6,lower,-0.582629
0.001,2928,5.856,joint2,upper,0.625821
0.001,2928,5.856,joint4,upper,3.05868
0.001,2928,5.856,joint6,lower,-0.582718
0.001,2929,5.858,joint2,upper,0.625964
0.001,2929,5.858,joint4,upper,3.05891
0.001,2929,5.858,joint6,lower,-0.582805
0.001,2930,5.86,joint2,upper,0.626104
0.001,2930,5.86,joint4,upper,3.05913
0.001,2930,5.86,joint6,lower,-0.582891
0.001,2931,5.862,joint2,upper,0.626241
0.001,2931,5.862,joint4,upper,3.05935
0.001,2931,5.862,joint6,lower,-0.582974
0.001,2932,5.864,joint2,upper,0.626376
0.001,2932,5.864,joint4,upper,3.05957
0.001,2932,5.864,joint6,lower,-0.583056
0.001,2933,5.866,joint2,upper,0.626509
0.001,2933,5.866,joint4,upper,3.05978
0.001,2933,5.866,joint6,lower,-0.583136
0.001,2934,5.868,joint2,upper,0.626639
0.001,2934,5.868,joint4,upper,3.05999
0.001,2934,5.868,joint6,lower,-0.583214
0.001,2935,5.87,joint2,upper,0.626767
0.001,2935,5.87,joint4,upper,3.06019
0.001,2935,5.87,joint6,lower,-0.583291
0.001,2936,5.872,joint2,upper,0.626893
0.001,2936,5.872,joint4,upper,3.0604
0.001,2936,5.872,joint6,lower,-0.583367
0.001,2937,5.874,joint2,upper,0.627017
0.001,2937,5.874,joint4,upper,3.06059
0.001,2937,5.874,joint6,lower,-0.583442
0.001,2938,5.876,joint2,upper,0.627138
0.001,2938,5.876,joint4,upper,3.06079
0.001,2938,5.876,joint6,lower,-0.583515
0.001,2939,5.878,joint2,upper,0.627259
0.001,2939,5.878,joint4,upper,3.06098
0.001,2939,5.878,joint6,lower,-0.583589
0.001,2940,5.88,joint2,upper,0.627379
0.001,2940,5.88,joint4,upper,3.06118
0.001,2940,5.88,joint6,lower,-0.583663
0.001,2941,5.882,joint2,upper,0.627497
0.001,2941,5.882,joint4,upper,3.06137
0.001,2941,5.882,joint6,lower,-0.583736
0.001,2942,5.884,joint2,upper,0.627613
0.001,2942,5.884,joint4,upper,3.06155
0.001,2942,5.884,joint6,lower,-0.583807
0.001,2943,5.886,joint2,upper,0.627727
0.001,2943,5.886,joint4,upper,3.06174
0.001,2943,5.886,joint6,lower,-0.583877
0.001,2944,5.888,joint2,upper,0.627838
0.001,2944,5.888,joint4,upper,3.06192
0.001,2944,5.888,joint6,lower,-0.583945
0.001,2945,5.89,joint2,upper,0.627947
0.001,2945,5.89,joint4,upper,3.06209
0.001,2945,5.89,joint6,lower,-0.584012
0.001,2946,5.892,joint2,upper,0.628054
0.001,2946,5.892,joint4,upper,3.06226
0.001,2946,5.892,joint6,lower,-0.584076
0.001,2947,5.894,joint2,upper,0.628158
0.001,2947,5.894,joint4,upper,3.06243
0.001,2947,5.894,joint6,lower,-0.584139
0.001,2948,5.896,joint2,upper,0.628259
0.001,2948,5.896,joint4,upper,3.06259
0.001,2948,5.896,joint6,lower,-0.584201
0.001,2949,5.898,joint2,upper,0.628358
0.001,2949,5.898,joint4,upper,3.06275
0.001,2949,5.898,joint6,lower,-0.584261
0.001,2950,5.9,joint2,upper,0.628457
0.001,2950,5.9,joint4,upper,3.06291
0.001,2950,5.9,joint6,lower,-0.584321
0.001,2951,5.902,joint2,upper,0.628554
0.001,2951,5.902,joint4,upper,3.06307
0.001,2951,5.902,joint6,lower,-0.584381
0.001,2952,5.904,joint2,upper,0.628648
0.001,2952,5.904,joint4,upper,3.06322
0.001,2952,5.904,joint6,lower,-0.584438
0.001,2953,5.906,joint2,upper,0.628741
0.001,2953,5.906,joint4,upper,3.06337
0.001,2953,5.906,joint6,lower,-0.584494
0.001,2954,5.908,joint2,upper,0.62883
0.001,2954,5.908,joint4,upper,3.06351
0.001,2954,5.908,joint6,lower,-0.584549
0.001,2955,5.91,joint2,upper,0.628918
0.001,2955,5.91,joint4,upper,3.06365
0.001,2955,5.91,joint6,lower,-0.584602
0.001,2956,5.912,joint2,upper,0.629003
0.001,2956,5.912,joint4,upper,3.06379
0.001,2956,5.912,joint6,lower,-0.584653
0.001,2957,5.914,joint2,upper,0.629088
0.001,2957,5.914,joint4,upper,3.06392
0.001,2957,5.914,joint6,lower,-0.584705
0.001,2958,5.916,joint2,upper,0.62917
0.001,2958,5.916,joint4,upper,3.06406
0.001,2958,5.916,joint6,lower,-0.584756
0.001,2959,5.918,joint2,upper,0.629251
0.001,2959,5.918,joint4,upper,3.06419
0.001,2959,5.918,joint6,lower,-0.584805
0.001,2960,5.92,joint2,upper,0.629329
0.001,2960,5.92,joint4,upper,3.06431
0.001,2960,5.92,joint6,lower,-0.584853
0.001,2961,5.922,joint2,upper,0.629405
0.001,2961,5.922,joint4,upper,3.06443
0.001,2961,5.922,joint6,lower,-0.584899
0.001,2962,5.924,joint2,upper,0.629478
0.001,2962,5.924,joint4,upper,3.06455
0.001,2962,5.924,joint6,lower,-0.584943
0.001,2963,5.926,joint2,upper,0.629549
0.001,2963,5.926,joint4,upper,3.06467
0.001,2963,5.926,joint6,lower,-0.584986
0.001,2964,5.928,joint2,upper,0.629618
0.001,2964,5.928,joint4,upper,3.06478
0.001,2964,5.928,joint6,lower,-0.585028
0.001,2965,5.93,joint2,upper,0.629685
0.001,2965,5.93,joint4,upper,3.06488
0.001,2965,5.93,joint6,lower,-0.585067
0.001,2966,5.932,joint2,upper,0.629749
0.001,2966,5.932,joint4,upper,3.06499
0.001,2966,5.932,joint6,lower,-0.585106
0.001,2967,5.934,joint2,upper,0.629814
0.001,2967,5.934,joint4,upper,3.06509
0.001,2967,5.934,joint6,lower,-0.585145
0.001,2968,5.936,joint2,upper,0.629876
0.001,2968,5.936,joint4,upper,3.06519
0.001,2968,5.936,joint6,lower,-0.585184
0.001,2969,5.938,joint2,upper,0.629937
0.001,2969,5.938,joint4,upper,3.06529
0.001,2969,5.938,joint6,lower,-0.585221
0.001,2970,5.94,joint2,upper,0.629995
0.001,2970,5.94,joint4,upper,3.06538
0.001,2970,5.94,joint6,lower,-0.585256
0.001,2971,5.942,joint2,upper,0.630051
0.001,2971,5.942,joint4,upper,3.06547
0.001,2971,5.942,joint6,lower,-0.58529
0.001,2972,5.944,joint2,upper,0.630105
0.001,2972,5.944,joint4,upper,3.06556
0.001,2972,5.944,joint6,lower,-0.585323
0.001,2973,5.946,joint2,upper,0.630157
0.001,2973,5.946,joint4,upper,3.06564
0.001,2973,5.946,joint6,lower,-0.585354
0.001,2974,5.948,joint2,upper,0.630207
0.001,2974,5.948,joint4,upper,3.06572
0.001,2974,5.948,joint6,lower,-0.585383
0.001,2975,5.95,joint2,upper,0.630256
0.001,2975,5.95,joint4,upper,3.0658
0.001,2975,5.95,joint6,lower,-0.585414
0.001,2976,5.952,joint2,upper,0.630304
0.001,2976,5.952,joint4,upper,3.06588
0.001,2976,5.952,joint6,lower,-0.585443
0.001,2977,5.954,joint2,upper,0.630349
0.001,2977,5.954,joint4,upper,3.06595
0.001,2977,5.954,joint6,lower,-0.585471
0.001,2978,5.956,joint2,upper,0.630392
0.001,2978,5.956,joint4,upper,3.06602
0.001,2978,5.956,joint6,lower,-0.585497
0.001,2979,5.958,joint2,upper,0.630433
0.001,2979,5.958,joint4,upper,3.06608
0.001,2979,5.958,joint6,lower,-0.585522
0.001,2980,5.96,joint2,upper,0.630472
0.001,2980,5.96,joint4,upper,3.06615
0.001,2980,5.96,joint6,lower,-0.585545
0.001,2981,5.962,joint2,upper,0.630509
0.001,2981,5.962,joint4,upper,3.0662
0.001,2981,5.962,joint6,lower,-0.585567
0.001,2982,5.964,joint2,upper,0.630543
0.001,2982,5.964,joint4,upper,3.06626
0.001,2982,5.964,joint6,lower,-0.585587
0.001,2983,5.966,joint2,upper,0.630576
0.001,2983,5.966,joint4,upper,3.06631
0.001,2983,5.966,joint6,lower,-0.585606
0.001,2984,5.968,joint2,upper,0.630608
0.001,2984,5.968,joint4,upper,3.06636
0.001,2984,5.968,joint6,lower,-0.585626
0.001,2985,5.97,joint2,upper,0.630638
0.001,2985,5.97,joint4,upper,3.06641
0.001,2985,5.97,joint6,lower,-0.585645
0.001,2986,5.972,joint2,upper,0.630666
0.001,2986,5.972,joint4,upper,3.06645
0.001,2986,5.972,joint6,lower,-0.585662
0.001,2987,5.974,joint2,upper,0.630692
0.001,2987,5.974,joint4,upper,3.0665
0.001,2987,5.974,joint6,lower,-0.585678
0.001,2988,5.976,joint2,upper,0.630716
0.001,2988,5.976,joint4,upper,3.06653
0.001,2988,5.976,joint6,lower,-0.585692
0.001,2989,5.978,joint2,upper,0.630738
0.001,2989,5.978,joint4,upper,3.06657
0.001,2989,5.978,joint6,lower,-0.585704
0.001,2990,5.98,joint2,upper,0.630758
0.001,2990,5.98,joint4,upper,3.0666
0.001,2990,5.98,joint6,lower,-0.585716
0.001,2991,5.982,joint2,upper,0.630777
0.001,2991,5.982,joint4,upper,3.06663
0.001,2991,5.982,joint6,lower,-0.585728
0.001,2992,5.984,joint2,upper,0.630794
0.001,2992,5.984,joint4,upper,3.06666
0.001,2992,5.984,joint6,lower,-0.585738
0.001,2993,5.986,joint2,upper,0.630809
0.001,2993,5.986,joint4,upper,3.06668
0.001,2993,5.986,joint6,lower,-0.585747
0.001,2994,5.988,joint2,upper,0.630822
0.001,2994,5.988,joint4,upper,3.0667
0.001,2994,5.988,joint6,lower,-0.585755
0.001,2995,5.99,joint2,upper,0.630833
0.001,2995,5.99,joint4,upper,3.06672
0.001,2995,5.99,joint6,lower,-0.585761
0.001,2996,5.992,joint2,upper,0.630841
0.001,2996,5.992,joint4,upper,3.06673
0.001,2996,5.992,joint6,lower,-0.585766
0.001,2997,5.994,joint2,upper,0.630848
0.001,2997,5.994,joint4,upper,3.06674
0.001,2997,5.994,joint6,lower,-0.585769
0.001,2998,5.996,joint2,upper,0.630853
0.001,2998,5.996,joint4,upper,3.06675
0.001,2998,5.996,joint6,lower,-0.585772
0.001,2999,5.998,joint2,upper,0.630857
0.001,2999,5.998,joint4,upper,3.06676
0.001,2999,5.998,joint6,lower,-0.585775
0.003,1860,3.72,joint4,upper,0.000730677
0.003,1861,3.722,joint4,upper,0.00182148
0.003,1862,3.724,joint4,upper,0.00291503
0.003,1863,3.726,joint4,upper,0.00401178
0.003,1864,3.728,joint4,upper,0.00511197
0.003,1865,3.73,joint4,upper,0.00621573
0.003,1866,3.732,joint4,upper,0.00732314
0.003,1867,3.734,joint4,upper,0.00843427
0.003,1868,3.736,joint4,upper,0.00954916
0.003,1869,3.738,joint4,upper,0.0106678
0.003,1870,3.74,joint4,upper,0.0117903
0.003,1871,3.742,joint4,upper,0.0129165
0.003,1872,3.744,joint4,upper,0.0140466
0.003,1873,3.746,joint4,upper,0.0151804
0.003,1874,3.748,joint4,upper,0.016318
0.003,1875,3.75,joint4,upper,0.0174593
0.003,1876,3.752,joint4,upper,0.0186045
0.003,1877,3.754,joint4,upper,0.0197533
0.003,1878,3.756,joint4,upper,0.0209059
0.003,1879,3.758,joint4,upper,0.0220622
0.003,1880,3.76,joint4,upper,0.0232223
0.003,1881,3.762,joint4,upper,0.024386
0.003,1882,3.764,joint4,upper,0.0255535
0.003,1883,3.766,joint4,upper,0.0267246
0.003,1884,3.768,joint4,upper,0.0278995
0.003,1885,3.77,joint4,upper,0.0290781
0.003,1886,3.772,joint4,upper,0.0302605
0.003,1887,3.774,joint4,upper,0.0314466
0.003,1888,3.776,joint4,upper,0.0326364
0.003,1889,3.778,joint4,upper,0.03383
0.003,1890,3.78,joint4,upper,0.0350274
0.003,1891,3.782,joint4,upper,0.0362286
0.003,1892,3.784,joint4,upper,0.0374336
0.003,1893,3.786,joint4,upper,0.0386425
0.003,1894,3.788,joint4,upper,0.0398552
0.003,1895,3.79,joint4,upper,0.0410718
0.003,1896,3.792,joint4,upper,0.0422924
0.003,1897,3.794,joint4,upper,0.0435169
0.003,1898,3.796,joint4,upper,0.0447454
0.003,1899,3.798,joint4,upper,0.0459779
0.003,1900,3.8,joint4,upper,0.0472144
0.003,1901,3.802,joint4,upper,0.048455
0.003,1902,3.804,joint4,upper,0.0496997
0.003,1903,3.806,joint4,upper,0.0509485
0.003,1904,3.808,joint4,upper,0.0522016
0.003,1905,3.81,joint4,upper,0.0534588
0.003,1906,3.812,joint4,upper,0.0547203
0.003,1907,3.814,joint4,upper,0.0559861
0.003,1908,3.816,joint4,upper,0.0572562
0.003,1909,3.818,joint4,upper,0.0585306
0.003,1910,3.82,joint4,upper,0.0598095
0.003,1911,3.822,joint4,upper,0.0610927
0.003,1912,3.824,joint4,upper,0.0623805
0.003,1913,3.826,joint4,upper,0.0636728
0.003,1914,3.828,joint4,upper,0.0649696
0.003,1915,3.83,joint4,upper,0.066271
0.003,1916,3.832,joint4,upper,0.067577
0.003,1917,3.834,joint4,upper,0.0688878
0.003,1918,3.836,joint4,upper,0.0702032
0.003,1919,3.838,joint4,upper,0.0715233
0.003,1920,3.84,joint4,upper,0.0728483
0.003,1921,3.842,joint4,upper,0.0741781
0.003,1922,3.844,joint4,upper,0.0755127
0.003,1923,3.846,joint4,upper,0.0768523
0.003,1924,3.848,joint4,upper,0.0781968
0.003,1925,3.85,joint4,upper,0.0795463
0.003,1926,3.852,joint4,upper,0.0809008
0.003,1927,3.854,joint4,upper,0.0822604
0.003,1928,3.856,joint4,upper,0.0836251
0.003,1929,3.858,joint4,upper,0.0849949
0.003,1930,3.86,joint4,upper,0.0863699
0.003,1931,3.862,joint4,upper,0.0877501
0.003,1932,3.864,joint4,upper,0.0891356
0.003,1933,3.866,joint4,upper,0.0905264
0.003,1934,3.868,joint4,upper,0.0919225
0.003,1935,3.87,joint4,upper,0.0933241
0.003,1936,3.872,joint4,upper,0.094731
0.003,1937,3.874,joint4,upper,0.0961433
0.003,1938,3.876,joint4,upper,0.0975612
0.003,1939,3.878,joint4,upper,0.0989846
0.003,1940,3.88,joint4,upper,0.100414
0.003,1941,3.882,joint4,upper,0.101848
0.003,1942,3.884,joint4,upper,0.103288
0.003,1943,3.886,joint4,upper,0.104734
0.003,1944,3.888,joint4,upper,0.106186
0.003,1945,3.89,joint4,upper,0.107643
0.003,1946,3.892,joint4,upper,0.109106
0.003,1947,3.894,joint4,upper,0.110575
0.003,1948,3.896,joint4,upper,0.11205
0.003,1949,3.898,joint4,upper,0.113531
0.003,1950,3.9,joint4,upper,0.115018
0.003,1951,3.902,joint4,upper,0.11651
0.003,1952,3.904,joint4,upper,0.118009
0.003,1953,3.906,joint4,upper,0.119514
0.003,1954,3.908,joint4,upper,0.121025
0.003,1955,3.91,joint4,upper,0.122541
0.003,1956,3.912,joint4,upper,0.124065
0.003,1957,3.914,joint4,upper,0.125594
0.003,1958,3.916,joint4,upper,0.127129
0.003,1959,3.918,joint4,upper,0.128671
0.003,1960,3.92,joint4,upper,0.130219
0.003,1961,3.922,joint4,upper,0.131774
0.003,1962,3.924,joint4,upper,0.133335
0.003,1963,3.926,joint4,upper,0.134902
0.003,1964,3.928,joint4,upper,0.136476
0.003,1965,3.93,joint4,upper,0.138056
0.003,1966,3.932,joint4,upper,0.139642
0.003,1967,3.934,joint4,upper,0.141236
0.003,1968,3.936,joint4,upper,0.142835
0.003,1969,3.938,joint4,upper,0.144442
0.003,1970,3.94,joint4,upper,0.146055
0.003,1971,3.942,joint4,upper,0.147675
0.003,1972,3.944,joint4,upper,0.149301
0.003,1973,3.946,joint4,upper,0.150935
0.003,1974,3.948,joint4,upper,0.152575
0.003,1975,3.95,joint4,upper,0.154222
0.003,1976,3.952,joint4,upper,0.155876
0.003,1977,3.954,joint4,upper,0.157536
0.003,1978,3.956,joint4,upper,0.159204
0.003,1979,3.958,joint4,upper,0.160879
0.003,1980,3.96,joint4,upper,0.162561
0.003,1981,3.962,joint4,upper,0.164249
0.003,1982,3.964,joint4,upper,0.165945
0.003,1983,3.966,joint4,upper,0.167648
0.003,1984,3.968,joint4,upper,0.169358
0.003,1985,3.97,joint4,upper,0.171076
0.003,1986,3.972,joint4,upper,0.1728
0.003,1987,3.974,joint4,upper,0.174532
0.003,1988,3.976,joint4,upper,0.176271
0.003,1989,3.978,joint4,upper,0.178018
0.003,1990,3.98,joint4,upper,0.179772
0.003,1991,3.982,joint4,upper,0.181533
0.003,1992,3.984,joint4,upper,0.183302
0.003,1993,3.986,joint4,upper,0.185078
0.003,1994,3.988,joint4,upper,0.186862
0.003,1995,3.99,joint4,upper,0.188653
0.003,1996,3.992,joint4,upper,0.190452
0.003,1997,3.994,joint4,upper,0.192258
0.003,1998,3.996,joint4,upper,0.194073
0.003,1999,3.998,joint4,upper,0.195895
0.003,2000,4.0,joint4,upper,0.197724
0.003,2001,4.002,joint4,upper,0.199562
0.003,2002,4.004,joint4,upper,0.201407
0.003,2003,4.006,joint4,upper,0.20326
0.003,2004,4.008,joint4,upper,0.205121
0.003,2005,4.01,joint4,upper,0.20699
0.003,2006,4.012,joint4,upper,0.208867
0.003,2007,4.014,joint4,upper,0.210752
0.003,2008,4.016,joint4,upper,0.212645
0.003,2009,4.018,joint4,upper,0.214546
0.003,2010,4.02,joint4,upper,0.216455
0.003,2011,4.022,joint4,upper,0.218372
0.003,2012,4.024,joint4,upper,0.220298
0.003,2013,4.026,joint4,upper,0.222232
0.003,2014,4.028,joint4,upper,0.224174
0.003,2015,4.03,joint4,upper,0.226124
0.003,2016,4.032,joint4,upper,0.228083
0.003,2017,4.034,joint4,upper,0.23005
0.003,2018,4.036,joint4,upper,0.232025
0.003,2019,4.038,joint4,upper,0.234009
0.003,2020,4.04,joint4,upper,0.236001
0.003,2021,4.042,joint4,upper,0.238002
0.003,2022,4.044,joint4,upper,0.240012
0.003,2023,4.046,joint4,upper,0.24203
0.003,2024,4.048,joint4,upper,0.244056
0.003,2025,4.05,joint4,upper,0.246092
0.003,2026,4.052,joint4,upper,0.248136
0.003,2027,4.054,joint4,upper,0.250189
0.003,2028,4.056,joint4,upper,0.252251
0.003,2029,4.058,joint4,upper,0.254321
0.003,2030,4.06,joint4,upper,0.2564
0.003,2031,4.062,joint4,upper,0.258489
0.003,2032,4.064,joint4,upper,0.260586
0.003,2033,4.066,joint4,upper,0.262692
0.003,2034,4.068,joint4,upper,0.264808
0.003,2035,4.07,joint4,upper,0.266932
0.003,2036,4.072,joint4,upper,0.269065
0.003,2037,4.074,joint4,upper,0.271208
0.003,2038,4.076,joint4,upper,0.27336
0.003,2039,4.078,joint4,upper,0.275521
0.003,2040,4.08,joint4,upper,0.277691
0.003,2041,4.082,joint4,upper,0.279871
0.003,2042,4.084,joint4,upper,0.282059
0.003,2043,4.086,joint4,upper,0.284258
0.003,2044,4.088,joint4,upper,0.286465
0.003,2045,4.09,joint4,upper,0.288682
0.003,2046,4.092,joint4,upper,0.290909
0.003,2047,4.094,joint4,upper,0.293145
0.003,2048,4.096,joint4,upper,0.295391
0.003,2049,4.098,joint4,upper,0.297646
0.003,2050,4.1,joint4,upper,0.299911
0.003,2051,4.102,joint4,upper,0.302186
0.003,2052,4.104,joint4,upper,0.30447
0.003,2053,4.106,joint4,upper,0.306764
0.003,2054,4.108,joint4,upper,0.309068
0.003,2055,4.11,joint4,upper,0.311382
0.003,2056,4.112,joint4,upper,0.313705
0.003,2057,4.114,joint4,upper,0.316039
0.003,2058,4.116,joint4,upper,0.318382
0.003,2059,4.118,joint4,upper,0.320735
0.003,2060,4.12,joint4,upper,0.323099
0.003,2061,4.122,joint4,upper,0.325472
0.003,2062,4.124,joint4,upper,0.327855
0.003,2063,4.126,joint4,upper,0.330249
0.003,2064,4.128,joint4,upper,0.332653
0.003,2065,4.13,joint4,upper,0.335067
0.003,2066,4.132,joint4,upper,0.337491
0.003,2067,4.134,joint4,upper,0.339925
0.003,2068,4.136,joint4,upper,0.34237
0.003,2069,4.138,joint4,upper,0.344825
0.003,2070,4.14,joint4,upper,0.34729
0.003,2071,4.142,joint4,upper,0.349766
0.003,2072,4.144,joint4,upper,0.352252
0.003,2073,4.146,joint4,upper,0.354749
0.003,2074,4.148,joint4,upper,0.357256
0.003,2075,4.15,joint4,upper,0.359773
0.003,2076,4.152,joint4,upper,0.362301
0.003,2077,4.154,joint4,upper,0.36484
0.003,2078,4.156,joint4,upper,0.367389
0.003,2079,4.158,joint4,upper,0.369949
0.003,2080,4.16,joint4,upper,0.37252
0.003,2081,4.162,joint4,upper,0.375101
0.003,2082,4.164,joint4,upper,0.377693
0.003,2083,4.166,joint4,upper,0.380296
0.003,2084,4.168,joint4,upper,0.38291
0.003,2085,4.17,joint4,upper,0.385534
0.003,2086,4.172,joint4,upper,0.388169
0.003,2087,4.174,joint4,upper,0.390815
0.003,2088,4.176,joint4,upper,0.393472
0.003,2089,4.178,joint4,upper,0.39614
0.003,2090,4.18,joint4,upper,0.398819
0.003,2091,4.182,joint4,upper,0.401509
0.003,2092,4.184,joint4,upper,0.404209
0.003,2093,4.186,joint4,upper,0.406921
0.003,2094,4.188,joint4,upper,0.409644
0.003,2095,4.19,joint4,upper,0.412377
0.003,2096,4.192,joint4,upper,0.415122
0.003,2097,4.194,joint4,upper,0.417878
0.003,2098,4.196,joint4,upper,0.420645
0.003,2099,4.198,joint4,upper,0.423423
0.003,2100,4.2,joint4,upper,0.426212
0.003,2101,4.202,joint4,upper,0.429012
0.003,2102,4.204,joint4,upper,0.431823
0.003,2103,4.206,joint4,upper,0.434646
0.003,2104,4.208,joint4,upper,0.43748
0.003,2105,4.21,joint4,upper,0.440324
0.003,2106,4.212,joint4,upper,0.44318
0.003,2107,4.214,joint4,upper,0.446048
0.003,2108,4.216,joint4,upper,0.448926
0.003,2109,4.218,joint4,upper,0.451816
0.003,2110,4.22,joint4,upper,0.454716
0.003,2111,4.222,joint4,upper,0.457628
0.003,2112,4.224,joint4,upper,0.460552
0.003,2113,4.226,joint4,upper,0.463486
0.003,2114,4.228,joint4,upper,0.466431
0.003,2115,4.23,joint4,upper,0.469388
0.003,2116,4.232,joint4,upper,0.472356
0.003,2117,4.234,joint4,upper,0.475335
0.003,2118,4.236,joint4,upper,0.478326
0.003,2119,4.238,joint4,upper,0.481327
0.003,2120,4.24,joint4,upper,0.48434
0.003,2121,4.242,joint4,upper,0.487363
0.003,2122,4.244,joint4,upper,0.490398
0.003,2123,4.246,joint4,upper,0.493444
0.003,2124,4.248,joint4,upper,0.496501
0.003,2125,4.25,joint4,upper,0.499569
0.003,2126,4.252,joint4,upper,0.502648
0.003,2127,4.254,joint4,upper,0.505738
0.003,2128,4.256,joint4,upper,0.508839
0.003,2129,4.258,joint4,upper,0.511952
0.003,2130,4.26,joint4,upper,0.515075
0.003,2131,4.262,joint4,upper,0.518208
0.003,2132,4.264,joint4,upper,0.521353
0.003,2133,4.266,joint4,upper,0.524509
0.003,2134,4.268,joint4,upper,0.527675
0.003,2135,4.27,joint4,upper,0.530852
0.003,2136,4.272,joint4,upper,0.53404
0.003,2137,4.274,joint4,upper,0.537238
0.003,2138,4.276,joint4,upper,0.540447
0.003,2139,4.278,joint4,upper,0.543667
0.003,2140,4.28,joint4,upper,0.546897
0.003,2141,4.282,joint4,upper,0.550138
0.003,2142,4.284,joint4,upper,0.553389
0.003,2143,4.286,joint4,upper,0.55665
0.003,2144,4.288,joint4,upper,0.559921
0.003,2145,4.29,joint4,upper,0.563203
0.003,2146,4.292,joint4,upper,0.566495
0.003,2147,4.294,joint4,upper,0.569796
0.003,2148,4.296,joint4,upper,0.573108
0.003,2149,4.298,joint4,upper,0.57643
0.003,2150,4.3,joint4,upper,0.579761
0.003,2151,4.302,joint4,upper,0.583102
0.003,2152,4.304,joint4,upper,0.586453
0.003,2153,4.306,joint4,upper,0.589813
0.003,2154,4.308,joint4,upper,0.593183
0.003,2155,4.31,joint4,upper,0.596562
0.003,2156,4.312,joint4,upper,0.59995
0.003,2157,4.314,joint4,upper,0.603347
0.003,2158,4.316,joint4,upper,0.606754
0.003,2159,4.318,joint4,upper,0.610169
0.003,2160,4.32,joint4,upper,0.613593
0.003,2161,4.322,joint4,upper,0.617026
0.003,2162,4.324,joint4,upper,0.620467
0.003,2163,4.326,joint4,upper,0.623917
0.003,2164,4.328,joint4,upper,0.627374
0.003,2165,4.33,joint4,upper,0.63084
0.003,2166,4.332,joint4,upper,0.634314
0.003,2167,4.334,joint4,upper,0.637796
0.003,2168,4.336,joint4,upper,0.641286
0.003,2169,4.338,joint4,upper,0.644783
0.003,2170,4.34,joint4,upper,0.648287
0.003,2171,4.342,joint4,upper,0.651799
0.003,2172,4.344,joint4,upper,0.655318
0.003,2173,4.346,joint4,upper,0.658844
0.003,2174,4.348,joint4,upper,0.662376
0.003,2175,4.35,joint4,upper,0.665915
0.003,2176,4.352,joint4,upper,0.66946
0.003,2177,4.354,joint4,upper,0.673012
0.003,2178,4.356,joint4,upper,0.676569
0.003,2179,4.358,joint4,upper,0.680132
0.003,2180,4.36,joint4,upper,0.683701
0.003,2181,4.362,joint4,upper,0.687275
0.003,2182,4.364,joint4,upper,0.690855
0.003,2183,4.366,joint4,upper,0.694439
0.003,2184,4.368,joint4,upper,0.698028
0.003,2185,4.37,joint4,upper,0.701621
0.003,2186,4.372,joint4,upper,0.705219
0.003,2187,4.374,joint4,upper,0.708821
0.003,2188,4.376,joint4,upper,0.712426
0.003,2189,4.378,joint4,upper,0.716036
0.003,2190,4.38,joint4,upper,0.719648
0.003,2191,4.382,joint4,upper,0.723264
0.003,2192,4.384,joint4,upper,0.726882
0.003,2193,4.386,joint4,upper,0.730503
0.003,2194,4.388,joint4,upper,0.734126
0.003,2195,4.39,joint4,upper,0.737751
0.003,2196,4.392,joint4,upper,0.741378
0.003,2197,4.394,joint4,upper,0.745006
0.003,2198,4.396,joint4,upper,0.748635
0.003,2199,4.398,joint4,upper,0.752265
0.003,2200,4.4,joint4,upper,0.755896
0.003,2201,4.402,joint4,upper,0.759527
0.003,2202,4.404,joint4,upper,0.763158
0.003,2203,4.406,joint4,upper,0.766788
0.003,2204,4.408,joint4,upper,0.770418
0.003,2205,4.41,joint4,upper,0.774047
0.003,2206,4.412,joint4,upper,0.777674
0.003,2207,4.414,joint4,upper,0.7813
0.003,2208,4.416,joint4,upper,0.784924
0.003,2209,4.418,joint4,upper,0.788545
0.003,2210,4.42,joint4,upper,0.792163
0.003,2211,4.422,joint4,upper,0.795779
0.003,2212,4.424,joint4,upper,0.799391
0.003,2213,4.426,joint4,upper,0.802999
0.003,2214,4.428,joint4,upper,0.806604
0.003,2215,4.43,joint4,upper,0.810203
0.003,2216,4.432,joint4,upper,0.813798
0.003,2217,4.434,joint4,upper,0.817388
0.003,2218,4.436,joint4,upper,0.820972
0.003,2219,4.438,joint4,upper,0.824549
0.003,2220,4.44,joint4,upper,0.828121
0.003,2221,4.442,joint4,upper,0.831686
0.003,2222,4.444,joint4,upper,0.835243
0.003,2223,4.446,joint4,upper,0.838793
0.003,2224,4.448,joint4,upper,0.842335
0.003,2225,4.45,joint4,upper,0.845868
0.003,2226,4.452,joint4,upper,0.849393
0.003,2227,4.454,joint4,upper,0.852908
0.003,2228,4.456,joint4,upper,0.856414
0.003,2229,4.458,joint4,upper,0.85991
0.003,2230,4.46,joint4,upper,0.863395
0.003,2231,4.462,joint4,upper,0.866869
0.003,2232,4.464,joint4,upper,0.870332
0.003,2233,4.466,joint4,upper,0.873784
0.003,2234,4.468,joint4,upper,0.877223
0.003,2235,4.47,joint4,upper,0.880649
0.003,2236,4.472,joint4,upper,0.884063
0.003,2237,4.474,joint4,upper,0.887463
0.003,2238,4.476,joint4,upper,0.890849
0.003,2239,4.478,joint4,upper,0.894221
0.003,2240,4.48,joint4,upper,0.897578
0.003,2241,4.482,joint4,upper,0.900919
0.003,2242,4.484,joint4,upper,0.904246
0.003,2243,4.486,joint4,upper,0.907556
0.003,2244,4.488,joint4,upper,0.910849
0.003,2245,4.49,joint4,upper,0.914126
0.003,2246,4.492,joint4,upper,0.917385
0.003,2247,4.494,joint4,upper,0.920627
0.003,2248,4.496,joint4,upper,0.92385
0.003,2249,4.498,joint4,upper,0.927055
0.003,2250,4.5,joint4,upper,0.930241
0.003,2251,4.502,joint4,upper,0.933407
0.003,2252,4.504,joint4,upper,0.936553
0.003,2253,4.506,joint4,upper,0.939679
0.003,2254,4.508,joint4,upper,0.942784
0.003,2255,4.51,joint4,upper,0.945868
0.003,2256,4.512,joint4,upper,0.948931
0.003,2257,4.514,joint4,upper,0.951971
0.003,2258,4.516,joint4,upper,0.954989
0.003,2259,4.518,joint4,upper,0.957984
0.003,2260,4.52,joint4,upper,0.960957
0.003,2261,4.522,joint4,upper,0.963905
0.003,2262,4.524,joint4,upper,0.96683
0.003,2263,4.526,joint4,upper,0.96973
0.003,2264,4.528,joint4,upper,0.972606
0.003,2265,4.53,joint4,upper,0.975457
0.003,2266,4.532,joint4,upper,0.978282
0.003,2267,4.534,joint4,upper,0.981082
0.003,2268,4.536,joint4,upper,0.983856
0.003,2269,4.538,joint4,upper,0.986603
0.003,2270,4.54,joint4,upper,0.989323
0.003,2271,4.542,joint4,upper,0.992017
0.003,2272,4.544,joint4,upper,0.994683
0.003,2273,4.546,joint4,upper,0.997321
0.003,2274,4.548,joint4,upper,0.999932
0.003,2275,4.55,joint4,upper,1.00251
0.003,2276,4.552,joint4,upper,1.00507
0.003,2277,4.554,joint4,upper,1.00759
0.003,2278,4.556,joint4,upper,1.01009
0.003,2279,4.558,joint4,upper,1.01256
0.003,2280,4.56,joint4,upper,1.01499
0.003,2281,4.562,joint4,upper,1.0174
0.003,2282,4.564,joint4,upper,1.01978
0.003,2283,4.566,joint4,upper,1.02213
0.003,2284,4.568,joint4,upper,1.02444
0.003,2285,4.57,joint4,upper,1.02673
0.003,2286,4.572,joint4,upper,1.02899
0.003,2287,4.574,joint4,upper,1.03121
0.003,2288,4.576,joint4,upper,1.0334
0.003,2289,4.578,joint4,upper,1.03557
0.003,2290,4.58,joint4,upper,1.0377
0.003,2291,4.582,joint4,upper,1.0398
0.003,2292,4.584,joint4,upper,1.04187
0.003,2293,4.586,joint4,upper,1.04391
0.003,2294,4.588,joint4,upper,1.04591
0.003,2295,4.59,joint4,upper,1.04789
0.003,2296,4.592,joint4,upper,1.04983
0.003,2297,4.594,joint4,upper,1.05174
0.003,2298,4.596,joint4,upper,1.05362
0.003,2299,4.598,joint4,upper,1.05547
0.003,2300,4.6,joint4,upper,1.05729
0.003,2301,4.602,joint4,upper,1.05907
0.003,2302,4.604,joint4,upper,1.06083
0.003,2303,4.606,joint4,upper,1.06255
0.003,2304,4.608,joint4,upper,1.06424
0.003,2305,4.61,joint4,upper,1.0659
0.003,2306,4.612,joint4,upper,1.06753
0.003,2307,4.614,joint4,upper,1.06912
0.003,2308,4.616,joint4,upper,1.07069
0.003,2309,4.618,joint4,upper,1.07222
0.003,2310,4.62,joint4,upper,1.07373
0.003,2311,4.622,joint4,upper,1.0752
0.003,2312,4.624,joint4,upper,1.07664
0.003,2313,4.626,joint4,upper,1.07806
0.003,2314,4.628,joint4,upper,1.07944
0.003,2315,4.63,joint4,upper,1.0808
0.003,2316,4.632,joint4,upper,1.08212
0.003,2317,4.634,joint4,upper,1.08341
0.003,2318,4.636,joint4,upper,1.08468
0.003,2319,4.638,joint4,upper,1.08592
0.003,2320,4.64,joint4,upper,1.08713
0.003,2321,4.642,joint4,upper,1.08831
0.003,2322,4.644,joint4,upper,1.08946
0.003,2323,4.646,joint4,upper,1.09058
0.003,2324,4.648,joint4,upper,1.09168
0.003,2325,4.65,joint4,upper,1.09275
0.003,2326,4.652,joint4,upper,1.0938
0.003,2327,4.654,joint4,upper,1.09482
0.003,2328,4.656,joint4,upper,1.09581
0.003,2329,4.658,joint4,upper,1.09678
0.003,2330,4.66,joint4,upper,1.09772
0.003,2331,4.662,joint4,upper,1.09864
0.003,2332,4.664,joint4,upper,1.09953
0.003,2333,4.666,joint4,upper,1.1004
0.003,2334,4.668,joint4,upper,1.10125
0.003,2335,4.67,joint4,upper,1.10207
0.003,2336,4.672,joint4,upper,1.10287
0.003,2337,4.674,joint4,upper,1.10365
0.003,2338,4.676,joint4,upper,1.10441
0.003,2339,4.678,joint4,upper,1.10515
0.003,2340,4.68,joint4,upper,1.10586
0.003,2341,4.682,joint4,upper,1.10656
0.003,2342,4.684,joint4,upper,1.10723
0.003,2343,4.686,joint4,upper,1.10789
0.003,2344,4.688,joint4,upper,1.10853
0.003,2345,4.69,joint4,upper,1.10915
0.003,2346,4.692,joint4,upper,1.10975
0.003,2347,4.694,joint4,upper,1.11034
0.003,2348,4.696,joint4,upper,1.11091
0.003,2349,4.698,joint4,upper,1.11146
0.003,2350,4.7,joint4,upper,1.11199
0.003,2351,4.702,joint4,upper,1.11252
0.003,2352,4.704,joint4,upper,1.11302
0.003,2353,4.706,joint4,upper,1.11352
0.003,2354,4.708,joint4,upper,1.11399
0.003,2355,4.71,joint4,upper,1.11446
0.003,2356,4.712,joint4,upper,1.11491
0.003,2357,4.714,joint4,upper,1.11536
0.003,2358,4.716,joint4,upper,1.11579
0.003,2359,4.718,joint4,upper,1.1162
0.003,2360,4.72,joint4,upper,1.11661
0.003,2361,4.722,joint4,upper,1.11701
0.003,2362,4.724,joint4,upper,1.1174
0.003,2363,4.726,joint4,upper,1.11778
0.003,2364,4.728,joint4,upper,1.11815
0.003,2365,4.73,joint4,upper,1.11851
0.003,2366,4.732,joint4,upper,1.11887
0.003,2367,4.734,joint4,upper,1.11922
0.003,2368,4.736,joint4,upper,1.11956
0.003,2369,4.738,joint4,upper,1.1199
0.003,2370,4.74,joint4,upper,1.12023
0.003,2371,4.742,joint4,upper,1.12055
0.003,2372,4.744,joint4,upper,1.12087
0.003,2373,4.746,joint4,upper,1.12119
0.003,2374,4.748,joint4,upper,1.1215
0.003,2375,4.75,joint4,upper,1.12181
0.003,2376,4.752,joint4,upper,1.12212
0.003,2377,4.754,joint4,upper,1.12243
0.003,2378,4.756,joint4,upper,1.12273
0.003,2379,4.758,joint4,upper,1.12303
0.003,2380,4.76,joint4,upper,1.12333
0.003,2381,4.762,joint4,upper,1.12363
0.003,2382,4.764,joint4,upper,1.12393
0.003,2383,4.766,joint4,upper,1.12423
0.003,2384,4.768,joint4,upper,1.12453
0.003,2385,4.77,joint4,upper,1.12483
0.003,2386,4.772,joint4,upper,1.12513
0.003,2387,4.774,joint4,upper,1.12544
0.003,2388,4.776,joint4,upper,1.12575
0.003,2389,4.778,joint4,upper,1.12606
0.003,2390,4.78,joint4,upper,1.12637
0.003,2391,4.782,joint4,upper,1.12668
0.003,2392,4.784,joint4,upper,1.127
0.003,2393,4.786,joint4,upper,1.12732
0.003,2394,4.788,joint4,upper,1.12765
0.003,2395,4.79,joint4,upper,1.12798
0.003,2396,4.792,joint4,upper,1.12832
0.003,2397,4.794,joint4,upper,1.12866
0.003,2398,4.796,joint4,upper,1.129
0.003,2399,4.798,joint4,upper,1.12936
0.003,2400,4.8,joint4,upper,1.12971
0.003,2401,4.802,joint4,upper,1.13008
0.003,2402,4.804,joint4,upper,1.13045
0.003,2403,4.806,joint4,upper,1.13082
0.003,2404,4.808,joint4,upper,1.13121
0.003,2405,4.81,joint4,upper,1.1316
0.003,2406,4.812,joint4,upper,1.13199
0.003,2407,4.814,joint4,upper,1.1324
0.003,2408,4.816,joint4,upper,1.13281
0.003,2409,4.818,joint4,upper,1.13323
0.003,2410,4.82,joint4,upper,1.13366
0.003,2411,4.822,joint4,upper,1.13409
0.003,2412,4.824,joint4,upper,1.13454
0.003,2413,4.826,joint4,upper,1.13499
0.003,2414,4.828,joint4,upper,1.13545
0.003,2415,4.83,joint4,upper,1.13592
0.003,2416,4.832,joint4,upper,1.1364
0.003,2417,4.834,joint4,upper,1.13689
0.003,2418,4.836,joint4,upper,1.13739
0.003,2419,4.838,joint4,upper,1.13789
0.003,2420,4.84,joint4,upper,1.13841
0.003,2421,4.842,joint4,upper,1.13893
0.003,2422,4.844,joint4,upper,1.13947
0.003,2423,4.846,joint4,upper,1.14001
0.003,2424,4.848,joint4,upper,1.14056
0.003,2425,4.85,joint4,upper,1.14113
0.003,2426,4.852,joint4,upper,1.1417
0.003,2427,4.854,joint4,upper,1.14228
0.003,2428,4.856,joint4,upper,1.14287
0.003,2429,4.858,joint4,upper,1.14347
0.003,2430,4.86,joint4,upper,1.14408
0.003,2431,4.862,joint4,upper,1.1447
0.003,2432,4.864,joint4,upper,1.14534
0.003,2433,4.866,joint4,upper,1.14598
0.003,2434,4.868,joint4,upper,1.14663
0.003,2435,4.87,joint4,upper,1.14729
0.003,2436,4.872,joint4,upper,1.14795
0.003,2437,4.874,joint4,upper,1.14863
0.003,2438,4.876,joint4,upper,1.14932
0.003,2439,4.878,joint4,upper,1.15002
0.003,2440,4.88,joint4,upper,1.15073
0.003,2441,4.882,joint4,upper,1.15145
0.003,2442,4.884,joint4,upper,1.15217
0.003,2443,4.886,joint4,upper,1.15291
0.003,2444,4.888,joint4,upper,1.15366
0.003,2445,4.89,joint4,upper,1.15441
0.003,2446,4.892,joint4,upper,1.15518
0.003,2447,4.894,joint4,upper,1.15595
0.003,2448,4.896,joint4,upper,1.15673
0.003,2449,4.898,joint4,upper,1.15752
0.003,2450,4.9,joint4,upper,1.15832
0.003,2451,4.902,joint4,upper,1.15913
0.003,2452,4.904,joint4,upper,1.15995
0.003,2453,4.906,joint4,upper,1.16078
0.003,2454,4.908,joint4,upper,1.16161
0.003,2455,4.91,joint4,upper,1.16246
0.003,2456,4.912,joint4,upper,1.16331
0.003,2457,4.914,joint4,upper,1.16417
0.003,2458,4.916,joint4,upper,1.16504
0.003,2459,4.918,joint4,upper,1.16591
0.003,2460,4.92,joint4,upper,1.16679
0.003,2461,4.922,joint4,upper,1.16769
0.003,2462,4.924,joint4,upper,1.16858
0.003,2463,4.926,joint4,upper,1.16949
0.003,2464,4.928,joint4,upper,1.1704
0.003,2465,4.93,joint4,upper,1.17132
0.003,2466,4.932,joint4,upper,1.17225
0.003,2467,4.934,joint4,upper,1.17318
0.003,2468,4.936,joint4,upper,1.17413
0.003,2469,4.938,joint4,upper,1.17507
0.003,2470,4.94,joint4,upper,1.17603
0.003,2471,4.942,joint4,upper,1.17699
0.003,2472,4.944,joint4,upper,1.17795
0.003,2473,4.946,joint4,upper,1.17892
0.003,2474,4.948,joint4,upper,1.1799
0.003,2475,4.95,joint4,upper,1.18089
0.003,2476,4.952,joint4,upper,1.18187
0.003,2477,4.954,joint4,upper,1.18287
0.003,2478,4.956,joint4,upper,1.18387
0.003,2479,4.958,joint4,upper,1.18487
0.003,2480,4.96,joint4,upper,1.18588
0.003,2481,4.962,joint4,upper,1.18689
0.003,2482,4.964,joint4,upper,1.18791
0.003,2483,4.966,joint4,upper,1.18893
0.003,2484,4.968,joint4,upper,1.18996
0.003,2485,4.97,joint4,upper,1.19099
0.003,2486,4.972,joint4,upper,1.19203
0.003,2487,4.974,joint4,upper,1.19306
0.003,2488,4.976,joint4,upper,1.19411
0.003,2489,4.978,joint4,upper,1.19515
0.003,2490,4.98,joint4,upper,1.1962
0.003,2491,4.982,joint4,upper,1.19725
0.003,2492,4.984,joint4,upper,1.1983
0.003,2493,4.986,joint4,upper,1.19936
0.003,2494,4.988,joint4,upper,1.20042
0.003,2495,4.99,joint4,upper,1.20148
0.003,2496,4.992,joint4,upper,1.20255
0.003,2497,4.994,joint4,upper,1.20361
0.003,2498,4.996,joint4,upper,1.20468
0.003,2499,4.998,joint4,upper,1.20575
0.003,2500,5.0,joint4,upper,1.20682
0.003,2501,5.002,joint4,upper,1.20789
0.003,2502,5.004,joint4,upper,1.20897
0.003,2503,5.006,joint4,upper,1.21004
0.003,2504,5.008,joint4,upper,1.21112
0.003,2505,5.01,joint4,upper,1.21219
0.003,2506,5.012,joint4,upper,1.21327
0.003,2507,5.014,joint4,upper,1.21435
0.003,2508,5.016,joint4,upper,1.21543
0.003,2509,5.018,joint4,upper,1.21651
0.003,2510,5.02,joint4,upper,1.21758
0.003,2511,5.022,joint4,upper,1.21866
0.003,2512,5.024,joint4,upper,1.21974
0.003,2513,5.026,joint4,upper,1.22082
0.003,2514,5.028,joint4,upper,1.2219
0.003,2515,5.03,joint4,upper,1.22297
0.003,2516,5.032,joint4,upper,1.22405
0.003,2517,5.034,joint4,upper,1.22512
0.003,2518,5.036,joint4,upper,1.2262
0.003,2519,5.038,joint4,upper,1.22727
0.003,2520,5.04,joint4,upper,1.22834
0.003,2521,5.042,joint4,upper,1.22941
0.003,2522,5.044,joint4,upper,1.23048
0.003,2523,5.046,joint4,upper,1.23154
0.003,2524,5.048,joint4,upper,1.23261
0.003,2525,5.05,joint4,upper,1.23367
0.003,2526,5.052,joint4,upper,1.23473
0.003,2527,5.054,joint4,upper,1.23579
0.003,2528,5.056,joint4,upper,1.23685
0.003,2529,5.058,joint4,upper,1.2379
0.003,2530,5.06,joint4,upper,1.23895
0.003,2531,5.062,joint4,upper,1.24
0.003,2532,5.064,joint4,upper,1.24104
0.003,2533,5.066,joint4,upper,1.24209
0.003,2534,5.068,joint4,upper,1.24313
0.003,2535,5.07,joint4,upper,1.24416
0.003,2536,5.072,joint4,upper,1.2452
0.003,2537,5.074,joint4,upper,1.24623
0.003,2538,5.076,joint4,upper,1.24726
0.003,2539,5.078,joint4,upper,1.24828
0.003,2540,5.08,joint4,upper,1.2493
0.003,2541,5.082,joint4,upper,1.25032
0.003,2542,5.084,joint4,upper,1.25133
0.003,2543,5.086,joint4,upper,1.25234
0.003,2544,5.088,joint4,upper,1.25335
0.003,2545,5.09,joint4,upper,1.25435
0.003,2546,5.092,joint4,upper,1.25535
0.003,2547,5.094,joint4,upper,1.25634
0.003,2548,5.096,joint4,upper,1.25733
0.003,2549,5.098,joint4,upper,1.25831
0.003,2550,5.1,joint4,upper,1.2593
0.003,2551,5.102,joint4,upper,1.26027
0.003,2552,5.104,joint4,upper,1.26125
0.003,2553,5.106,joint4,upper,1.26221
0.003,2554,5.108,joint4,upper,1.26318
0.003,2555,5.11,joint4,upper,1.26414
0.003,2556,5.112,joint4,upper,1.26509
0.003,2557,5.114,joint4,upper,1.26604
0.003,2558,5.116,joint4,upper,1.26699
0.003,2559,5.118,joint4,upper,1.26793
0.003,2560,5.12,joint4,upper,1.26887
0.003,2561,5.122,joint4,upper,1.2698
0.003,2562,5.124,joint4,upper,1.27072
0.003,2563,5.126,joint4,upper,1.27165
0.003,2564,5.128,joint4,upper,1.27256
0.003,2565,5.13,joint4,upper,1.27347
0.003,2566,5.132,joint4,upper,1.27438
0.003,2567,5.134,joint4,upper,1.27528
0.003,2568,5.136,joint4,upper,1.27618
0.003,2569,5.138,joint4,upper,1.27707
0.003,2570,5.14,joint4,upper,1.27796
0.003,2571,5.142,joint4,upper,1.27884
0.003,2572,5.144,joint4,upper,1.27972
0.003,2573,5.146,joint4,upper,1.28059
0.003,2574,5.148,joint4,upper,1.28146
0.003,2575,5.15,joint4,upper,1.28232
0.003,2576,5.152,joint4,upper,1.28318
0.003,2577,5.154,joint4,upper,1.28403
0.003,2578,5.156,joint4,upper,1.28488
0.003,2579,5.158,joint4,upper,1.28572
0.003,2580,5.16,joint4,upper,1.28656
0.003,2581,5.162,joint4,upper,1.28739
0.003,2582,5.164,joint4,upper,1.28822
0.003,2583,5.166,joint4,upper,1.28904
0.003,2584,5.168,joint4,upper,1.28986
0.003,2585,5.17,joint4,upper,1.29067
0.003,2586,5.172,joint4,upper,1.29148
0.003,2587,5.174,joint4,upper,1.29228
0.003,2588,5.176,joint4,upper,1.29308
0.003,2589,5.178,joint4,upper,1.29387
0.003,2590,5.18,joint4,upper,1.29466
0.003,2591,5.182,joint4,upper,1.29544
0.003,2592,5.184,joint4,upper,1.29622
0.003,2593,5.186,joint4,upper,1.29699
0.003,2594,5.188,joint4,upper,1.29776
0.003,2595,5.19,joint4,upper,1.29852
0.003,2596,5.192,joint4,upper,1.29928
0.003,2597,5.194,joint4,upper,1.30003
0.003,2598,5.196,joint4,upper,1.30078
0.003,2599,5.198,joint4,upper,1.30152
0.003,2600,5.2,joint4,upper,1.30226
0.003,2601,5.202,joint4,upper,1.303
0.003,2602,5.204,joint4,upper,1.30373
0.003,2603,5.206,joint4,upper,1.30445
0.003,2604,5.208,joint4,upper,1.30517
0.003,2605,5.21,joint4,upper,1.30598
0.003,2606,5.212,joint4,upper,1.30687
0.003,2607,5.214,joint4,upper,1.30784
0.003,2608,5.216,joint4,upper,1.30888
0.003,2609,5.218,joint4,upper,1.30999
0.003,2610,5.22,joint4,upper,1.31134
0.003,2611,5.222,joint4,upper,1.3129
0.003,2612,5.224,joint4,upper,1.31465
0.003,2613,5.226,joint4,upper,1.31655
0.003,2614,5.228,joint4,upper,1.3186
0.003,2615,5.23,joint4,upper,1.32077
0.003,2616,5.232,joint4,upper,1.32305
0.003,2617,5.234,joint4,upper,1.32544
0.003,2618,5.236,joint4,upper,1.32794
0.003,2619,5.238,joint4,upper,1.33053
0.003,2620,5.24,joint4,upper,1.33321
0.003,2621,5.242,joint4,upper,1.33598
0.003,2622,5.244,joint4,upper,1.33884
0.003,2623,5.246,joint4,upper,1.34178
0.003,2624,5.248,joint4,upper,1.34482
0.003,2625,5.25,joint4,upper,1.34794
0.003,2626,5.252,joint4,upper,1.35114
0.003,2627,5.254,joint4,upper,1.35444
0.003,2628,5.256,joint4,upper,1.35782
0.003,2629,5.258,joint4,upper,1.36129
0.003,2630,5.26,joint4,upper,1.36485
0.003,2631,5.262,joint4,upper,1.36851
0.003,2632,5.264,joint4,upper,1.37226
0.003,2633,5.266,joint4,upper,1.37611
0.003,2634,5.268,joint4,upper,1.38005
0.003,2635,5.27,joint4,upper,1.3841
0.003,2636,5.272,joint4,upper,1.38825
0.003,2637,5.274,joint4,upper,1.3925
0.003,2638,5.276,joint4,upper,1.39686
0.003,2639,5.278,joint4,upper,1.40133
0.003,2640,5.28,joint4,upper,1.40591
0.003,2641,5.282,joint4,upper,1.41061
0.003,2642,5.284,joint4,upper,1.41543
0.003,2643,5.286,joint4,upper,1.42036
0.003,2644,5.288,joint4,upper,1.42542
0.003,2645,5.29,joint4,upper,1.43061
0.003,2646,5.292,joint4,upper,1.43593
0.003,2647,5.294,joint4,upper,1.44138
0.003,2648,5.296,joint4,upper,1.44697
0.003,2649,5.298,joint4,upper,1.4527
0.003,2650,5.3,joint4,upper,1.45857
0.003,2651,5.302,joint4,upper,1.4646
0.003,2652,5.304,joint4,upper,1.47078
0.003,2653,5.306,joint4,upper,1.47711
0.003,2654,5.308,joint4,upper,1.4836
0.003,2655,5.31,joint4,upper,1.49027
0.003,2656,5.312,joint4,upper,1.4971
0.003,2657,5.314,joint4,upper,1.50411
0.003,2658,5.316,joint4,upper,1.51129
0.003,2659,5.318,joint4,upper,1.51867
0.003,2660,5.32,joint4,upper,1.52624
0.003,2661,5.322,joint4,upper,1.534
0.003,2662,5.324,joint4,upper,1.54197
0.003,2663,5.326,joint4,upper,1.55015
0.003,2664,5.328,joint4,upper,1.55854
0.003,2665,5.33,joint4,upper,1.56716
0.003,2666,5.332,joint4,upper,1.57601
0.003,2667,5.334,joint4,upper,1.58509
0.003,2668,5.336,joint4,upper,1.59442
0.003,2669,5.338,joint4,upper,1.60401
0.003,2670,5.34,joint4,upper,1.61386
0.003,2671,5.342,joint4,upper,1.62397
0.003,2672,5.344,joint4,upper,1.63437
0.003,2673,5.346,joint4,upper,1.64506
0.003,2674,5.348,joint4,upper,1.65604
0.003,2675,5.35,joint4,upper,1.66734
0.003,2676,5.352,joint4,upper,1.67896
0.003,2677,5.354,joint4,upper,1.69091
0.003,2678,5.356,joint4,upper,1.7032
0.003,2679,5.358,joint4,upper,1.71585
0.003,2680,5.36,joint4,upper,1.72887
0.003,2681,5.362,joint4,upper,1.74228
0.003,2682,5.364,joint4,upper,1.75608
0.003,2683,5.366,joint4,upper,1.7703
0.003,2683,5.366,joint6,lower,-0.000439175
0.003,2684,5.368,joint4,upper,1.78495
0.003,2684,5.368,joint6,lower,-0.00722922
0.003,2685,5.37,joint4,upper,1.80004
0.003,2685,5.37,joint6,lower,-0.0142236
0.003,2686,5.372,joint4,upper,1.8156
0.003,2686,5.372,joint6,lower,-0.0214301
0.003,2687,5.374,joint4,upper,1.83164
0.003,2687,5.374,joint6,lower,-0.0288572
0.003,2688,5.376,joint4,upper,1.84818
0.003,2688,5.376,joint6,lower,-0.0365134
0.003,2689,5.378,joint4,upper,1.86525
0.003,2689,5.378,joint6,lower,-0.044408
0.003,2690,5.38,joint4,upper,1.88286
0.003,2690,5.38,joint6,lower,-0.0525505
0.003,2691,5.382,joint4,upper,1.90104
0.003,2691,5.382,joint6,lower,-0.060951
0.003,2692,5.384,joint2,upper,0.000127688
0.003,2692,5.384,joint4,upper,1.91982
0.003,2692,5.384,joint6,lower,-0.0696204
0.003,2693,5.386,joint2,upper,0.0105669
0.003,2693,5.386,joint4,upper,1.9392
0.003,2693,5.386,joint6,lower,-0.0785696
0.003,2694,5.388,joint2,upper,0.0213498
0.003,2694,5.388,joint4,upper,1.95922
0.003,2694,5.388,joint6,lower,-0.0878074
0.003,2695,5.39,joint2,upper,0.0324096
0.003,2695,5.39,joint4,upper,1.97975
0.003,2695,5.39,joint6,lower,-0.0972758
0.003,2696,5.392,joint2,upper,0.0436742
0.003,2696,5.392,joint4,upper,2.00065
0.003,2696,5.392,joint6,lower,-0.106912
0.003,2697,5.394,joint2,upper,0.0550802
0.003,2697,5.394,joint4,upper,2.02181
0.003,2697,5.394,joint6,lower,-0.11666
0.003,2698,5.396,joint2,upper,0.0665737
0.003,2698,5.396,joint4,upper,2.04311
0.003,2698,5.396,joint6,lower,-0.126473
0.003,2699,5.398,joint2,upper,0.0781101
0.003,2699,5.398,joint4,upper,2.06449
0.003,2699,5.398,joint6,lower,-0.136312
0.003,2700,5.4,joint2,upper,0.0896616
0.003,2700,5.4,joint4,upper,2.08588
0.003,2700,5.4,joint6,lower,-0.146152
0.003,2701,5.402,joint2,upper,0.101173
0.003,2701,5.402,joint4,upper,2.10718
0.003,2701,5.402,joint6,lower,-0.155946
0.003,2702,5.404,joint2,upper,0.112628
0.003,2702,5.404,joint4,upper,2.12837
0.003,2702,5.404,joint6,lower,-0.165678
0.003,2703,5.406,joint2,upper,0.124019
0.003,2703,5.406,joint4,upper,2.14942
0.003,2703,5.406,joint6,lower,-0.175342
0.003,2704,5.408,joint2,upper,0.135343
0.003,2704,5.408,joint4,upper,2.17034
0.003,2704,5.408,joint6,lower,-0.184937
0.003,2705,5.41,joint2,upper,0.146595
0.003,2705,5.41,joint4,upper,2.19111
0.003,2705,5.41,joint6,lower,-0.194458
0.003,2706,5.412,joint2,upper,0.157772
0.003,2706,5.412,joint4,upper,2.21174
0.003,2706,5.412,joint6,lower,-0.203905
0.003,2707,5.414,joint2,upper,0.168873
0.003,2707,5.414,joint4,upper,2.23221
0.003,2707,5.414,joint6,lower,-0.213276
0.003,2708,5.416,joint2,upper,0.179895
0.003,2708,5.416,joint4,upper,2.25252
0.003,2708,5.416,joint6,lower,-0.222567
0.003,2709,5.418,joint2,upper,0.190834
0.003,2709,5.418,joint4,upper,2.27267
0.003,2709,5.418,joint6,lower,-0.231778
0.003,2710,5.42,joint2,upper,0.201687
0.003,2710,5.42,joint4,upper,2.29265
0.003,2710,5.42,joint6,lower,-0.240906
0.003,2711,5.422,joint2,upper,0.212453
0.003,2711,5.422,joint4,upper,2.31246
0.003,2711,5.422,joint6,lower,-0.24995
0.003,2712,5.424,joint2,upper,0.223129
0.003,2712,5.424,joint4,upper,2.3321
0.003,2712,5.424,joint6,lower,-0.258907
0.003,2713,5.426,joint2,upper,0.233711
0.003,2713,5.426,joint4,upper,2.35155
0.003,2713,5.426,joint6,lower,-0.267777
0.003,2714,5.428,joint2,upper,0.244198
0.003,2714,5.428,joint4,upper,2.37081
0.003,2714,5.428,joint6,lower,-0.276556
0.003,2715,5.43,joint2,upper,0.254588
0.003,2715,5.43,joint4,upper,2.38989
0.003,2715,5.43,joint6,lower,-0.285244
0.003,2716,5.432,joint2,upper,0.264877
0.003,2716,5.432,joint4,upper,2.40877
0.003,2716,5.432,joint6,lower,-0.293839
0.003,2717,5.434,joint2,upper,0.275063
0.003,2717,5.434,joint4,upper,2.42746
0.003,2717,5.434,joint6,lower,-0.302339
0.003,2718,5.436,joint2,upper,0.285144
0.003,2718,5.436,joint4,upper,2.44594
0.003,2718,5.436,joint6,lower,-0.310742
0.003,2719,5.438,joint2,upper,0.295118
0.003,2719,5.438,joint4,upper,2.46422
0.003,2719,5.438,joint6,lower,-0.319048
0.003,2720,5.44,joint2,upper,0.304983
0.003,2720,5.44,joint4,upper,2.48229
0.003,2720,5.44,joint6,lower,-0.327253
0.003,2721,5.442,joint2,upper,0.314735
0.003,2721,5.442,joint4,upper,2.50015
0.003,2721,5.442,joint6,lower,-0.335358
0.003,2722,5.444,joint2,upper,0.324374
0.003,2722,5.444,joint4,upper,2.51779
0.003,2722,5.444,joint6,lower,-0.343359
0.003,2723,5.446,joint2,upper,0.333897
0.003,2723,5.446,joint4,upper,2.53521
0.003,2723,5.446,joint6,lower,-0.351257
0.003,2724,5.448,joint2,upper,0.343301
0.003,2724,5.448,joint4,upper,2.5524
0.003,2724,5.448,joint6,lower,-0.359049
0.003,2725,5.45,joint2,upper,0.352585
0.003,2725,5.45,joint4,upper,2.56937
0.003,2725,5.45,joint6,lower,-0.366734
0.003,2726,5.452,joint2,upper,0.361747
0.003,2726,5.452,joint4,upper,2.58611
0.003,2726,5.452,joint6,lower,-0.37431
0.003,2727,5.454,joint2,upper,0.370785
0.003,2727,5.454,joint4,upper,2.60262
0.003,2727,5.454,joint6,lower,-0.381777
0.003,2728,5.456,joint2,upper,0.379697
0.003,2728,5.456,joint4,upper,2.61888
0.003,2728,5.456,joint6,lower,-0.389133
0.003,2729,5.458,joint2,upper,0.38848
0.003,2729,5.458,joint4,upper,2.63491
0.003,2729,5.458,joint6,lower,-0.396377
0.003,2730,5.46,joint2,upper,0.397134
0.003,2730,5.46,joint4,upper,2.65069
0.003,2730,5.46,joint6,lower,-0.403507
0.003,2731,5.462,joint2,upper,0.405656
0.003,2731,5.462,joint4,upper,2.66623
0.003,2731,5.462,joint6,lower,-0.410522
0.003,2732,5.464,joint2,upper,0.414045
0.003,2732,5.464,joint4,upper,2.68152
0.003,2732,5.464,joint6,lower,-0.417422
0.003,2733,5.466,joint2,upper,0.422299
0.003,2733,5.466,joint4,upper,2.69656
0.003,2733,5.466,joint6,lower,-0.424205
0.003,2734,5.468,joint2,upper,0.430415
0.003,2734,5.468,joint4,upper,2.71134
0.003,2734,5.468,joint6,lower,-0.430869
0.003,2735,5.47,joint2,upper,0.438394
0.003,2735,5.47,joint4,upper,2.72586
0.003,2735,5.47,joint6,lower,-0.437414
0.003,2736,5.472,joint2,upper,0.446232
0.003,2736,5.472,joint4,upper,2.74012
0.003,2736,5.472,joint6,lower,-0.443839
0.003,2737,5.474,joint2,upper,0.453929
0.003,2737,5.474,joint4,upper,2.75412
0.003,2737,5.474,joint6,lower,-0.450143
0.003,2738,5.476,joint2,upper,0.461482
0.003,2738,5.476,joint4,upper,2.76786
0.003,2738,5.476,joint6,lower,-0.456324
0.003,2739,5.478,joint2,upper,0.468891
0.003,2739,5.478,joint4,upper,2.78132
0.003,2739,5.478,joint6,lower,-0.462382
0.003,2740,5.48,joint2,upper,0.476154
0.003,2740,5.48,joint4,upper,2.79452
0.003,2740,5.48,joint6,lower,-0.468315
0.003,2741,5.482,joint2,upper,0.48327
0.003,2741,5.482,joint4,upper,2.80744
0.003,2741,5.482,joint6,lower,-0.474124
0.003,2742,5.484,joint2,upper,0.490236
0.003,2742,5.484,joint4,upper,2.82009
0.003,2742,5.484,joint6,lower,-0.479806
0.003,2743,5.486,joint2,upper,0.497053
0.003,2743,5.486,joint4,upper,2.83246
0.003,2743,5.486,joint6,lower,-0.485362
0.003,2744,5.488,joint2,upper,0.503718
0.003,2744,5.488,joint4,upper,2.84456
0.003,2744,5.488,joint6,lower,-0.490789
0.003,2745,5.49,joint2,upper,0.51023
0.003,2745,5.49,joint4,upper,2.85637
0.003,2745,5.49,joint6,lower,-0.496089
0.003,2746,5.492,joint2,upper,0.516588
0.003,2746,5.492,joint4,upper,2.8679
0.003,2746,5.492,joint6,lower,-0.501258
0.003,2747,5.494,joint2,upper,0.522792
0.003,2747,5.494,joint4,upper,2.87914
0.003,2747,5.494,joint6,lower,-0.506298
0.003,2748,5.496,joint2,upper,0.528839
0.003,2748,5.496,joint4,upper,2.89009
0.003,2748,5.496,joint6,lower,-0.511207
0.003,2749,5.498,joint2,upper,0.534729
0.003,2749,5.498,joint4,upper,2.90076
0.003,2749,5.498,joint6,lower,-0.515985
0.003,2750,5.5,joint2,upper,0.540461
0.003,2750,5.5,joint4,upper,2.91114
0.003,2750,5.5,joint6,lower,-0.52063
0.003,2751,5.502,joint2,upper,0.546034
0.003,2751,5.502,joint4,upper,2.92122
0.003,2751,5.502,joint6,lower,-0.525142
0.003,2752,5.504,joint2,upper,0.551446
0.003,2752,5.504,joint4,upper,2.93101
0.003,2752,5.504,joint6,lower,-0.529522
0.003,2753,5.506,joint2,upper,0.556697
0.003,2753,5.506,joint4,upper,2.94051
0.003,2753,5.506,joint6,lower,-0.533767
0.003,2754,5.508,joint2,upper,0.561786
0.003,2754,5.508,joint4,upper,2.94971
0.003,2754,5.508,joint6,lower,-0.537877
0.003,2755,5.51,joint2,upper,0.566712
0.003,2755,5.51,joint4,upper,2.95861
0.003,2755,5.51,joint6,lower,-0.541853
0.003,2756,5.512,joint2,upper,0.571474
0.003,2756,5.512,joint4,upper,2.96721
0.003,2756,5.512,joint6,lower,-0.545693
0.003,2757,5.514,joint2,upper,0.576071
0.003,2757,5.514,joint4,upper,2.97551
0.003,2757,5.514,joint6,lower,-0.549396
0.003,2758,5.516,joint2,upper,0.580504
0.003,2758,5.516,joint4,upper,2.98351
0.003,2758,5.516,joint6,lower,-0.552964
0.003,2759,5.518,joint2,upper,0.58477
0.003,2759,5.518,joint4,upper,2.99121
0.003,2759,5.518,joint6,lower,-0.556394
0.003,2760,5.52,joint2,upper,0.58887
0.003,2760,5.52,joint4,upper,2.9986
0.003,2760,5.52,joint6,lower,-0.559687
0.003,2761,5.522,joint2,upper,0.592802
0.003,2761,5.522,joint4,upper,3.00569
0.003,2761,5.522,joint6,lower,-0.562842
0.003,2762,5.524,joint2,upper,0.596567
0.003,2762,5.524,joint4,upper,3.01247
0.003,2762,5.524,joint6,lower,-0.56586
0.003,2763,5.526,joint2,upper,0.600163
0.003,2763,5.526,joint4,upper,3.01895
0.003,2763,5.526,joint6,lower,-0.568738
0.003,2764,5.528,joint2,upper,0.603566
0.003,2764,5.528,joint4,upper,3.02507
0.003,2764,5.528,joint6,lower,-0.571457
0.003,2765,5.53,joint2,upper,0.606829
0.003,2765,5.53,joint4,upper,3.03093
0.003,2765,5.53,joint6,lower,-0.57406
0.003,2766,5.532,joint2,upper,0.609971
0.003,2766,5.532,joint4,upper,3.03658
0.003,2766,5.532,joint6,lower,-0.576564
0.003,2767,5.534,joint2,upper,0.613008
0.003,2767,5.534,joint4,upper,3.04203
0.003,2767,5.534,joint6,lower,-0.578982
0.003,2768,5.536,joint2,upper,0.615399
0.003,2768,5.536,joint4,upper,3.04632
0.003,2768,5.536,joint6,lower,-0.580875
0.003,2769,5.538,joint2,upper,0.617242
0.003,2769,5.538,joint4,upper,3.04961
0.003,2769,5.538,joint6,lower,-0.582324
0.003,2770,5.54,joint2,upper,0.618601
0.003,2770,5.54,joint4,upper,3.05203
0.003,2770,5.54,joint6,lower,-0.583382
0.003,2771,5.542,joint2,upper,0.61954
0.003,2771,5.542,joint4,upper,3.05369
0.003,2771,5.542,joint6,lower,-0.584101
0.003,2772,5.544,joint2,upper,0.620119
0.003,2772,5.544,joint4,upper,3.0547
0.003,2772,5.544,joint6,lower,-0.584532
0.003,2773,5.546,joint2,upper,0.620391
0.003,2773,5.546,joint4,upper,3.05515
0.003,2773,5.546,joint6,lower,-0.584718
0.003,2774,5.548,joint2,upper,0.620405
0.003,2774,5.548,joint4,upper,3.05515
0.003,2774,5.548,joint6,lower,-0.584697
0.003,2775,5.55,joint2,upper,0.620201
0.003,2775,5.55,joint4,upper,3.05475
0.003,2775,5.55,joint6,lower,-0.584503
0.003,2776,5.552,joint2,upper,0.619817
0.003,2776,5.552,joint4,upper,3.05403
0.003,2776,5.552,joint6,lower,-0.584165
0.003,2777,5.554,joint2,upper,0.619285
0.003,2777,5.554,joint4,upper,3.05304
0.003,2777,5.554,joint6,lower,-0.583709
0.003,2778,5.556,joint2,upper,0.618633
0.003,2778,5.556,joint4,upper,3.05184
0.003,2778,5.556,joint6,lower,-0.583158
0.003,2779,5.558,joint2,upper,0.617887
0.003,2779,5.558,joint4,upper,3.05046
0.003,2779,5.558,joint6,lower,-0.582532
0.003,2780,5.56,joint2,upper,0.617066
0.003,2780,5.56,joint4,upper,3.04896
0.003,2780,5.56,joint6,lower,-0.581846
0.003,2781,5.562,joint2,upper,0.616191
0.003,2781,5.562,joint4,upper,3.04735
0.003,2781,5.562,joint6,lower,-0.581116
0.003,2782,5.564,joint2,upper,0.615276
0.003,2782,5.564,joint4,upper,3.04567
0.003,2782,5.564,joint6,lower,-0.580355
0.003,2783,5.566,joint2,upper,0.614336
0.003,2783,5.566,joint4,upper,3.04395
0.003,2783,5.566,joint6,lower,-0.579572
0.003,2784,5.568,joint2,upper,0.613382
0.003,2784,5.568,joint4,upper,3.0422
0.003,2784,5.568,joint6,lower,-0.578777
0.003,2785,5.57,joint2,upper,0.612424
0.003,2785,5.57,joint4,upper,3.04045
0.003,2785,5.57,joint6,lower,-0.577978
0.003,2786,5.572,joint2,upper,0.611469
0.003,2786,5.572,joint4,upper,3.03869
0.003,2786,5.572,joint6,lower,-0.577181
0.003,2787,5.574,joint2,upper,0.610526
0.003,2787,5.574,joint4,upper,3.03696
0.003,2787,5.574,joint6,lower,-0.576391
0.003,2788,5.576,joint2,upper,0.609598
0.003,2788,5.576,joint4,upper,3.03525
0.003,2788,5.576,joint6,lower,-0.575612
0.003,2789,5.578,joint2,upper,0.608691
0.003,2789,5.578,joint4,upper,3.03358
0.003,2789,5.578,joint6,lower,-0.574848
0.003,2790,5.58,joint2,upper,0.607808
0.003,2790,5.58,joint4,upper,3.03195
0.003,2790,5.58,joint6,lower,-0.574102
0.003,2791,5.582,joint2,upper,0.606951
0.003,2791,5.582,joint4,upper,3.03037
0.003,2791,5.582,joint6,lower,-0.573376
0.003,2792,5.584,joint2,upper,0.606124
0.003,2792,5.584,joint4,upper,3.02884
0.003,2792,5.584,joint6,lower,-0.572671
0.003,2793,5.586,joint2,upper,0.605326
0.003,2793,5.586,joint4,upper,3.02736
0.003,2793,5.586,joint6,lower,-0.571989
0.003,2794,5.588,joint2,upper,0.60456
0.003,2794,5.588,joint4,upper,3.02593
0.003,2794,5.588,joint6,lower,-0.571331
0.003,2795,5.59,joint2,upper,0.603825
0.003,2795,5.59,joint4,upper,3.02457
0.003,2795,5.59,joint6,lower,-0.570696
0.003,2796,5.592,joint2,upper,0.603122
0.003,2796,5.592,joint4,upper,3.02325
0.003,2796,5.592,joint6,lower,-0.570085
0.003,2797,5.594,joint2,upper,0.602451
0.003,2797,5.594,joint4,upper,3.02199
0.003,2797,5.594,joint6,lower,-0.569499
0.003,2798,5.596,joint2,upper,0.601812
0.003,2798,5.596,joint4,upper,3.02079
0.003,2798,5.596,joint6,lower,-0.568937
0.003,2799,5.598,joint2,upper,0.601204
0.003,2799,5.598,joint4,upper,3.01965
0.003,2799,5.598,joint6,lower,-0.568399
0.003,2800,5.6,joint2,upper,0.600627
0.003,2800,5.6,joint4,upper,3.01856
0.003,2800,5.6,joint6,lower,-0.567884
0.003,2801,5.602,joint2,upper,0.600081
0.003,2801,5.602,joint4,upper,3.01752
0.003,2801,5.602,joint6,lower,-0.567393
0.003,2802,5.604,joint2,upper,0.599566
0.003,2802,5.604,joint4,upper,3.01654
0.003,2802,5.604,joint6,lower,-0.566926
0.003,2803,5.606,joint2,upper,0.599081
0.003,2803,5.606,joint4,upper,3.01561
0.003,2803,5.606,joint6,lower,-0.566482
0.003,2804,5.608,joint2,upper,0.598626
0.003,2804,5.608,joint4,upper,3.01473
0.003,2804,5.608,joint6,lower,-0.566061
0.003,2805,5.61,joint2,upper,0.598216
0.003,2805,5.61,joint4,upper,3.01394
0.003,2805,5.61,joint6,lower,-0.565675
0.003,2806,5.612,joint2,upper,0.59785
0.003,2806,5.612,joint4,upper,3.01322
0.003,2806,5.612,joint6,lower,-0.565323
0.003,2807,5.614,joint2,upper,0.597526
0.003,2807,5.614,joint4,upper,3.01258
0.003,2807,5.614,joint6,lower,-0.565005
0.003,2808,5.616,joint2,upper,0.597242
0.003,2808,5.616,joint4,upper,3.01201
0.003,2808,5.616,joint6,lower,-0.564719
0.003,2809,5.618,joint2,upper,0.596999
0.003,2809,5.618,joint4,upper,3.01151
0.003,2809,5.618,joint6,lower,-0.564464
0.003,2810,5.62,joint2,upper,0.596795
0.003,2810,5.62,joint4,upper,3.01108
0.003,2810,5.62,joint6,lower,-0.564241
0.003,2811,5.622,joint2,upper,0.596627
0.003,2811,5.622,joint4,upper,3.01072
0.003,2811,5.622,joint6,lower,-0.564047
0.003,2812,5.624,joint2,upper,0.596495
0.003,2812,5.624,joint4,upper,3.01042
0.003,2812,5.624,joint6,lower,-0.563882
0.003,2813,5.626,joint2,upper,0.596396
0.003,2813,5.626,joint4,upper,3.01018
0.003,2813,5.626,joint6,lower,-0.563743
0.003,2814,5.628,joint2,upper,0.596329
0.003,2814,5.628,joint4,upper,3.01001
0.003,2814,5.628,joint6,lower,-0.56363
0.003,2815,5.63,joint2,upper,0.596292
0.003,2815,5.63,joint4,upper,3.00988
0.003,2815,5.63,joint6,lower,-0.563541
0.003,2816,5.632,joint2,upper,0.596283
0.003,2816,5.632,joint4,upper,3.0098
0.003,2816,5.632,joint6,lower,-0.563476
0.003,2817,5.634,joint2,upper,0.5963
0.003,2817,5.634,joint4,upper,3.00978
0.003,2817,5.634,joint6,lower,-0.563432
0.003,2818,5.636,joint2,upper,0.596342
0.003,2818,5.636,joint4,upper,3.0098
0.003,2818,5.636,joint6,lower,-0.563408
0.003,2819,5.638,joint2,upper,0.596408
0.003,2819,5.638,joint4,upper,3.00986
0.003,2819,5.638,joint6,lower,-0.563403
0.003,2820,5.64,joint2,upper,0.596495
0.003,2820,5.64,joint4,upper,3.00996
0.003,2820,5.64,joint6,lower,-0.563416
0.003,2821,5.642,joint2,upper,0.596602
0.003,2821,5.642,joint4,upper,3.0101
0.003,2821,5.642,joint6,lower,-0.563446
0.003,2822,5.644,joint2,upper,0.596728
0.003,2822,5.644,joint4,upper,3.01027
0.003,2822,5.644,joint6,lower,-0.563492
0.003,2823,5.646,joint2,upper,0.596871
0.003,2823,5.646,joint4,upper,3.01047
0.003,2823,5.646,joint6,lower,-0.563552
0.003,2824,5.648,joint2,upper,0.59703
0.003,2824,5.648,joint4,upper,3.0107
0.003,2824,5.648,joint6,lower,-0.563625
0.003,2825,5.65,joint2,upper,0.597203
0.003,2825,5.65,joint4,upper,3.01096
0.003,2825,5.65,joint6,lower,-0.563711
0.003,2826,5.652,joint2,upper,0.597391
0.003,2826,5.652,joint4,upper,3.01125
0.003,2826,5.652,joint6,lower,-0.563809
0.003,2827,5.654,joint2,upper,0.597591
0.003,2827,5.654,joint4,upper,3.01156
0.003,2827,5.654,joint6,lower,-0.563917
0.003,2828,5.656,joint2,upper,0.597802
0.003,2828,5.656,joint4,upper,3.01188
0.003,2828,5.656,joint6,lower,-0.564035
0.003,2829,5.658,joint2,upper,0.598023
0.003,2829,5.658,joint4,upper,3.01223
0.003,2829,5.658,joint6,lower,-0.564161
0.003,2830,5.66,joint2,upper,0.598255
0.003,2830,5.66,joint4,upper,3.0126
0.003,2830,5.66,joint6,lower,-0.564297
0.003,2831,5.662,joint2,upper,0.598495
0.003,2831,5.662,joint4,upper,3.01298
0.003,2831,5.662,joint6,lower,-0.564439
0.003,2832,5.664,joint2,upper,0.598742
0.003,2832,5.664,joint4,upper,3.01338
0.003,2832,5.664,joint6,lower,-0.564589
0.003,2833,5.666,joint2,upper,0.598997
0.003,2833,5.666,joint4,upper,3.01379
0.003,2833,5.666,joint6,lower,-0.564745
0.003,2834,5.668,joint2,upper,0.599259
0.003,2834,5.668,joint4,upper,3.01422
0.003,2834,5.668,joint6,lower,-0.564907
0.003,2835,5.67,joint2,upper,0.599526
0.003,2835,5.67,joint4,upper,3.01465
0.003,2835,5.67,joint6,lower,-0.565074
0.003,2836,5.672,joint2,upper,0.599798
0.003,2836,5.672,joint4,upper,3.0151
0.003,2836,5.672,joint6,lower,-0.565246
0.003,2837,5.674,joint2,upper,0.600075
0.003,2837,5.674,joint4,upper,3.01555
0.003,2837,5.674,joint6,lower,-0.565422
0.003,2838,5.676,joint2,upper,0.600356
0.003,2838,5.676,joint4,upper,3.01601
0.003,2838,5.676,joint6,lower,-0.565602
0.003,2839,5.678,joint2,upper,0.600641
0.003,2839,5.678,joint4,upper,3.01648
0.003,2839,5.678,joint6,lower,-0.565785
0.003,2840,5.68,joint2,upper,0.600929
0.003,2840,5.68,joint4,upper,3.01696
0.003,2840,5.68,joint6,lower,-0.565972
0.003,2841,5.682,joint2,upper,0.60122
0.003,2841,5.682,joint4,upper,3.01744
0.003,2841,5.682,joint6,lower,-0.566161
0.003,2842,5.684,joint2,upper,0.601514
0.003,2842,5.684,joint4,upper,3.01792
0.003,2842,5.684,joint6,lower,-0.566352
0.003,2843,5.686,joint2,upper,0.601809
0.003,2843,5.686,joint4,upper,3.01841
0.003,2843,5.686,joint6,lower,-0.566546
0.003,2844,5.688,joint2,upper,0.602106
0.003,2844,5.688,joint4,upper,3.0189
0.003,2844,5.688,joint6,lower,-0.566742
0.003,2845,5.69,joint2,upper,0.602405
0.003,2845,5.69,joint4,upper,3.0194
0.003,2845,5.69,joint6,lower,-0.566939
0.003,2846,5.692,joint2,upper,0.602705
0.003,2846,5.692,joint4,upper,3.0199
0.003,2846,5.692,joint6,lower,-0.567137
0.003,2847,5.694,joint2,upper,0.603006
0.003,2847,5.694,joint4,upper,3.0204
0.003,2847,5.694,joint6,lower,-0.567337
0.003,2848,5.696,joint2,upper,0.603308
0.003,2848,5.696,joint4,upper,3.0209
0.003,2848,5.696,joint6,lower,-0.567537
0.003,2849,5.698,joint2,upper,0.60361
0.003,2849,5.698,joint4,upper,3.02141
0.003,2849,5.698,joint6,lower,-0.567739
0.003,2850,5.7,joint2,upper,0.603913
0.003,2850,5.7,joint4,upper,3.02191
0.003,2850,5.7,joint6,lower,-0.567941
0.003,2851,5.702,joint2,upper,0.604212
0.003,2851,5.702,joint4,upper,3.02241
0.003,2851,5.702,joint6,lower,-0.568141
0.003,2852,5.704,joint2,upper,0.604507
0.003,2852,5.704,joint4,upper,3.02291
0.003,2852,5.704,joint6,lower,-0.568338
0.003,2853,5.706,joint2,upper,0.604797
0.003,2853,5.706,joint4,upper,3.02339
0.003,2853,5.706,joint6,lower,-0.568533
0.003,2854,5.708,joint2,upper,0.605083
0.003,2854,5.708,joint4,upper,3.02387
0.003,2854,5.708,joint6,lower,-0.568725
0.003,2855,5.71,joint2,upper,0.605366
0.003,2855,5.71,joint4,upper,3.02435
0.003,2855,5.71,joint6,lower,-0.568915
0.003,2856,5.712,joint2,upper,0.605645
0.003,2856,5.712,joint4,upper,3.02481
0.003,2856,5.712,joint6,lower,-0.569102
0.003,2857,5.714,joint2,upper,0.605921
0.003,2857,5.714,joint4,upper,3.02528
0.003,2857,5.714,joint6,lower,-0.569287
0.003,2858,5.716,joint2,upper,0.606195
0.003,2858,5.716,joint4,upper,3.02573
0.003,2858,5.716,joint6,lower,-0.569471
0.003,2859,5.718,joint2,upper,0.606466
0.003,2859,5.718,joint4,upper,3.02619
0.003,2859,5.718,joint6,lower,-0.569653
0.003,2860,5.72,joint2,upper,0.606735
0.003,2860,5.72,joint4,upper,3.02664
0.003,2860,5.72,joint6,lower,-0.569833
0.003,2861,5.722,joint2,upper,0.607003
0.003,2861,5.722,joint4,upper,3.02709
0.003,2861,5.722,joint6,lower,-0.570012
0.003,2862,5.724,joint2,upper,0.607269
0.003,2862,5.724,joint4,upper,3.02753
0.003,2862,5.724,joint6,lower,-0.57019
0.003,2863,5.726,joint2,upper,0.607534
0.003,2863,5.726,joint4,upper,3.02797
0.003,2863,5.726,joint6,lower,-0.570367
0.003,2864,5.728,joint2,upper,0.607797
0.003,2864,5.728,joint4,upper,3.02841
0.003,2864,5.728,joint6,lower,-0.570544
0.003,2865,5.73,joint2,upper,0.608059
0.003,2865,5.73,joint4,upper,3.02885
0.003,2865,5.73,joint6,lower,-0.570719
0.003,2866,5.732,joint2,upper,0.608321
0.003,2866,5.732,joint4,upper,3.02929
0.003,2866,5.732,joint6,lower,-0.570894
0.003,2867,5.734,joint2,upper,0.608581
0.003,2867,5.734,joint4,upper,3.02972
0.003,2867,5.734,joint6,lower,-0.571067
0.003,2868,5.736,joint2,upper,0.60884
0.003,2868,5.736,joint4,upper,3.03016
0.003,2868,5.736,joint6,lower,-0.57124
0.003,2869,5.738,joint2,upper,0.609098
0.003,2869,5.738,joint4,upper,3.03059
0.003,2869,5.738,joint6,lower,-0.571413
0.003,2870,5.74,joint2,upper,0.609355
0.003,2870,5.74,joint4,upper,3.03102
0.003,2870,5.74,joint6,lower,-0.571584
0.003,2871,5.742,joint2,upper,0.609612
0.003,2871,5.742,joint4,upper,3.03145
0.003,2871,5.742,joint6,lower,-0.571755
0.003,2872,5.744,joint2,upper,0.609867
0.003,2872,5.744,joint4,upper,3.03187
0.003,2872,5.744,joint6,lower,-0.571925
0.003,2873,5.746,joint2,upper,0.610121
0.003,2873,5.746,joint4,upper,3.0323
0.003,2873,5.746,joint6,lower,-0.572094
0.003,2874,5.748,joint2,upper,0.610374
0.003,2874,5.748,joint4,upper,3.03272
0.003,2874,5.748,joint6,lower,-0.572263
0.003,2875,5.75,joint2,upper,0.610626
0.003,2875,5.75,joint4,upper,3.03314
0.003,2875,5.75,joint6,lower,-0.572431
0.003,2876,5.752,joint2,upper,0.610876
0.003,2876,5.752,joint4,upper,3.03356
0.003,2876,5.752,joint6,lower,-0.572598
0.003,2877,5.754,joint2,upper,0.611126
0.003,2877,5.754,joint4,upper,3.03397
0.003,2877,5.754,joint6,lower,-0.572764
0.003,2878,5.756,joint2,upper,0.611374
0.003,2878,5.756,joint4,upper,3.03439
0.003,2878,5.756,joint6,lower,-0.572929
0.003,2879,5.758,joint2,upper,0.611621
0.003,2879,5.758,joint4,upper,3.0348
0.003,2879,5.758,joint6,lower,-0.573093
0.003,2880,5.76,joint2,upper,0.611866
0.003,2880,5.76,joint4,upper,3.03521
0.003,2880,5.76,joint6,lower,-0.573256
0.003,2881,5.762,joint2,upper,0.61211
0.003,2881,5.762,joint4,upper,3.03562
0.003,2881,5.762,joint6,lower,-0.573418
0.003,2882,5.764,joint2,upper,0.612352
0.003,2882,5.764,joint4,upper,3.03602
0.003,2882,5.764,joint6,lower,-0.57358
0.003,2883,5.766,joint2,upper,0.612592
0.003,2883,5.766,joint4,upper,3.03642
0.003,2883,5.766,joint6,lower,-0.573739
0.003,2884,5.768,joint2,upper,0.612831
0.003,2884,5.768,joint4,upper,3.03682
0.003,2884,5.768,joint6,lower,-0.573898
0.003,2885,5.77,joint2,upper,0.613068
0.003,2885,5.77,joint4,upper,3.03721
0.003,2885,5.77,joint6,lower,-0.574056
0.003,2886,5.772,joint2,upper,0.613303
0.003,2886,5.772,joint4,upper,3.03761
0.003,2886,5.772,joint6,lower,-0.574212
0.003,2887,5.774,joint2,upper,0.613536
0.003,2887,5.774,joint4,upper,3.03799
0.003,2887,5.774,joint6,lower,-0.574367
0.003,2888,5.776,joint2,upper,0.613768
0.003,2888,5.776,joint4,upper,3.03838
0.003,2888,5.776,joint6,lower,-0.57452
0.003,2889,5.778,joint2,upper,0.613997
0.003,2889,5.778,joint4,upper,3.03876
0.003,2889,5.778,joint6,lower,-0.574672
0.003,2890,5.78,joint2,upper,0.614224
0.003,2890,5.78,joint4,upper,3.03914
0.003,2890,5.78,joint6,lower,-0.574823
0.003,2891,5.782,joint2,upper,0.614449
0.003,2891,5.782,joint4,upper,3.03952
0.003,2891,5.782,joint6,lower,-0.574972
0.003,2892,5.784,joint2,upper,0.614673
0.003,2892,5.784,joint4,upper,3.03989
0.003,2892,5.784,joint6,lower,-0.57512
0.003,2893,5.786,joint2,upper,0.614894
0.003,2893,5.786,joint4,upper,3.04025
0.003,2893,5.786,joint6,lower,-0.575266
0.003,2894,5.788,joint2,upper,0.615112
0.003,2894,5.788,joint4,upper,3.04062
0.003,2894,5.788,joint6,lower,-0.575411
0.003,2895,5.79,joint2,upper,0.615329
0.003,2895,5.79,joint4,upper,3.04098
0.003,2895,5.79,joint6,lower,-0.575554
0.003,2896,5.792,joint2,upper,0.615544
0.003,2896,5.792,joint4,upper,3.04134
0.003,2896,5.792,joint6,lower,-0.575696
0.003,2897,5.794,joint2,upper,0.615756
0.003,2897,5.794,joint4,upper,3.04169
0.003,2897,5.794,joint6,lower,-0.575836
0.003,2898,5.796,joint2,upper,0.615966
0.003,2898,5.796,joint4,upper,3.04204
0.003,2898,5.796,joint6,lower,-0.575975
0.003,2899,5.798,joint2,upper,0.616174
0.003,2899,5.798,joint4,upper,3.04238
0.003,2899,5.798,joint6,lower,-0.576112
0.003,2900,5.8,joint2,upper,0.61638
0.003,2900,5.8,joint4,upper,3.04272
0.003,2900,5.8,joint6,lower,-0.576248
0.003,2901,5.802,joint2,upper,0.616583
0.003,2901,5.802,joint4,upper,3.04306
0.003,2901,5.802,joint6,lower,-0.576382
0.003,2902,5.804,joint2,upper,0.616785
0.003,2902,5.804,joint4,upper,3.0434
0.003,2902,5.804,joint6,lower,-0.576515
0.003,2903,5.806,joint2,upper,0.616984
0.003,2903,5.806,joint4,upper,3.04373
0.003,2903,5.806,joint6,lower,-0.576646
0.003,2904,5.808,joint2,upper,0.617181
0.003,2904,5.808,joint4,upper,3.04405
0.003,2904,5.808,joint6,lower,-0.576775
0.003,2905,5.81,joint2,upper,0.617376
0.003,2905,5.81,joint4,upper,3.04438
0.003,2905,5.81,joint6,lower,-0.576903
0.003,2906,5.812,joint2,upper,0.617569
0.003,2906,5.812,joint4,upper,3.0447
0.003,2906,5.812,joint6,lower,-0.577029
0.003,2907,5.814,joint2,upper,0.617759
0.003,2907,5.814,joint4,upper,3.04501
0.003,2907,5.814,joint6,lower,-0.577154
0.003,2908,5.816,joint2,upper,0.617948
0.003,2908,5.816,joint4,upper,3.04532
0.003,2908,5.816,joint6,lower,-0.577277
0.003,2909,5.818,joint2,upper,0.618134
0.003,2909,5.818,joint4,upper,3.04563
0.003,2909,5.818,joint6,lower,-0.577399
0.003,2910,5.82,joint2,upper,0.618318
0.003,2910,5.82,joint4,upper,3.04593
0.003,2910,5.82,joint6,lower,-0.57752
0.003,2911,5.822,joint2,upper,0.6185
0.003,2911,5.822,joint4,upper,3.04624
0.003,2911,5.822,joint6,lower,-0.577638
0.003,2912,5.824,joint2,upper,0.61868
0.003,2912,5.824,joint4,upper,3.04653
0.003,2912,5.824,joint6,lower,-0.577756
0.003,2913,5.826,joint2,upper,0.618858
0.003,2913,5.826,joint4,upper,3.04683
0.003,2913,5.826,joint6,lower,-0.577872
0.003,2914,5.828,joint2,upper,0.619034
0.003,2914,5.828,joint4,upper,3.04712
0.003,2914,5.828,joint6,lower,-0.577986
0.003,2915,5.83,joint2,upper,0.619208
0.003,2915,5.83,joint4,upper,3.0474
0.003,2915,5.83,joint6,lower,-0.578099
0.003,2916,5.832,joint2,upper,0.61938
0.003,2916,5.832,joint4,upper,3.04769
0.003,2916,5.832,joint6,lower,-0.578211
0.003,2917,5.834,joint2,upper,0.61955
0.003,2917,5.834,joint4,upper,3.04797
0.003,2917,5.834,joint6,lower,-0.578321
0.003,2918,5.836,joint2,upper,0.619717
0.003,2918,5.836,joint4,upper,3.04824
0.003,2918,5.836,joint6,lower,-0.578429
0.003,2919,5.838,joint2,upper,0.619883
0.003,2919,5.838,joint4,upper,3.04851
0.003,2919,5.838,joint6,lower,-0.578537
0.003,2920,5.84,joint2,upper,0.620047
0.003,2920,5.84,joint4,upper,3.04878
0.003,2920,5.84,joint6,lower,-0.578642
0.003,2921,5.842,joint2,upper,0.620209
0.003,2921,5.842,joint4,upper,3.04905
0.003,2921,5.842,joint6,lower,-0.578747
0.003,2922,5.844,joint2,upper,0.620368
0.003,2922,5.844,joint4,upper,3.04931
0.003,2922,5.844,joint6,lower,-0.57885
0.003,2923,5.846,joint2,upper,0.620526
0.003,2923,5.846,joint4,upper,3.04957
0.003,2923,5.846,joint6,lower,-0.578951
0.003,2924,5.848,joint2,upper,0.620682
0.003,2924,5.848,joint4,upper,3.04983
0.003,2924,5.848,joint6,lower,-0.579051
0.003,2925,5.85,joint2,upper,0.620836
0.003,2925,5.85,joint4,upper,3.05008
0.003,2925,5.85,joint6,lower,-0.57915
0.003,2926,5.852,joint2,upper,0.620991
0.003,2926,5.852,joint4,upper,3.05033
0.003,2926,5.852,joint6,lower,-0.579249
0.003,2927,5.854,joint2,upper,0.621144
0.003,2927,5.854,joint4,upper,3.05058
0.003,2927,5.854,joint6,lower,-0.579346
0.003,2928,5.856,joint2,upper,0.621295
0.003,2928,5.856,joint4,upper,3.05083
0.003,2928,5.856,joint6,lower,-0.579441
0.003,2929,5.858,joint2,upper,0.621443
0.003,2929,5.858,joint4,upper,3.05107
0.003,2929,5.858,joint6,lower,-0.579533
0.003,2930,5.86,joint2,upper,0.621588
0.003,2930,5.86,joint4,upper,3.0513
0.003,2930,5.86,joint6,lower,-0.579622
0.003,2931,5.862,joint2,upper,0.621729
0.003,2931,5.862,joint4,upper,3.05153
0.003,2931,5.862,joint6,lower,-0.57971
0.003,2932,5.864,joint2,upper,0.621868
0.003,2932,5.864,joint4,upper,3.05175
0.003,2932,5.864,joint6,lower,-0.579794
0.003,2933,5.866,joint2,upper,0.622004
0.003,2933,5.866,joint4,upper,3.05197
0.003,2933,5.866,joint6,lower,-0.579877
0.003,2934,5.868,joint2,upper,0.622136
0.003,2934,5.868,joint4,upper,3.05218
0.003,2934,5.868,joint6,lower,-0.579957
0.003,2935,5.87,joint2,upper,0.622266
0.003,2935,5.87,joint4,upper,3.05239
0.003,2935,5.87,joint6,lower,-0.580036
0.003,2936,5.872,joint2,upper,0.622393
0.003,2936,5.872,joint4,upper,3.0526
0.003,2936,5.872,joint6,lower,-0.580112
0.003,2937,5.874,joint2,upper,0.622518
0.003,2937,5.874,joint4,upper,3.05279
0.003,2937,5.874,joint6,lower,-0.580187
0.003,2938,5.876,joint2,upper,0.62264
0.003,2938,5.876,joint4,upper,3.05299
0.003,2938,5.876,joint6,lower,-0.58026
0.003,2939,5.878,joint2,upper,0.622759
0.003,2939,5.878,joint4,upper,3.05318
0.003,2939,5.878,joint6,lower,-0.580332
0.003,2940,5.88,joint2,upper,0.622877
0.003,2940,5.88,joint4,upper,3.05337
0.003,2940,5.88,joint6,lower,-0.580402
0.003,2941,5.882,joint2,upper,0.622992
0.003,2941,5.882,joint4,upper,3.05355
0.003,2941,5.882,joint6,lower,-0.58047
0.003,2942,5.884,joint2,upper,0.623105
0.003,2942,5.884,joint4,upper,3.05373
0.003,2942,5.884,joint6,lower,-0.580537
0.003,2943,5.886,joint2,upper,0.623215
0.003,2943,5.886,joint4,upper,3.05391
0.003,2943,5.886,joint6,lower,-0.580603
0.003,2944,5.888,joint2,upper,0.623324
0.003,2944,5.888,joint4,upper,3.05408
0.003,2944,5.888,joint6,lower,-0.580668
0.003,2945,5.89,joint2,upper,0.623431
0.003,2945,5.89,joint4,upper,3.05425
0.003,2945,5.89,joint6,lower,-0.580731
0.003,2946,5.892,joint2,upper,0.623535
0.003,2946,5.892,joint4,upper,3.05442
0.003,2946,5.892,joint6,lower,-0.580793
0.003,2947,5.894,joint2,upper,0.623638
0.003,2947,5.894,joint4,upper,3.05458
0.003,2947,5.894,joint6,lower,-0.580854
0.003,2948,5.896,joint2,upper,0.623739
0.003,2948,5.896,joint4,upper,3.05474
0.003,2948,5.896,joint6,lower,-0.580914
0.003,2949,5.898,joint2,upper,0.623838
0.003,2949,5.898,joint4,upper,3.0549
0.003,2949,5.898,joint6,lower,-0.580973
0.003,2950,5.9,joint2,upper,0.623934
0.003,2950,5.9,joint4,upper,3.05505
0.003,2950,5.9,joint6,lower,-0.58103
0.003,2951,5.902,joint2,upper,0.624029
0.003,2951,5.902,joint4,upper,3.0552
0.003,2951,5.902,joint6,lower,-0.581087
0.003,2952,5.904,joint2,upper,0.624122
0.003,2952,5.904,joint4,upper,3.05535
0.003,2952,5.904,joint6,lower,-0.581142
0.003,2953,5.906,joint2,upper,0.624213
0.003,2953,5.906,joint4,upper,3.0555
0.003,2953,5.906,joint6,lower,-0.581196
0.003,2954,5.908,joint2,upper,0.624303
0.003,2954,5.908,joint4,upper,3.05564
0.003,2954,5.908,joint6,lower,-0.581249
0.003,2955,5.91,joint2,upper,0.62439
0.003,2955,5.91,joint4,upper,3.05578
0.003,2955,5.91,joint6,lower,-0.581301
0.003,2956,5.912,joint2,upper,0.624475
0.003,2956,5.912,joint4,upper,3.05591
0.003,2956,5.912,joint6,lower,-0.581352
0.003,2957,5.914,joint2,upper,0.624559
0.003,2957,5.914,joint4,upper,3.05605
0.003,2957,5.914,joint6,lower,-0.581401
0.003,2958,5.916,joint2,upper,0.62464
0.003,2958,5.916,joint4,upper,3.05618
0.003,2958,5.916,joint6,lower,-0.58145
0.003,2959,5.918,joint2,upper,0.62472
0.003,2959,5.918,joint4,upper,3.0563
0.003,2959,5.918,joint6,lower,-0.581497
0.003,2960,5.92,joint2,upper,0.624797
0.003,2960,5.92,joint4,upper,3.05643
0.003,2960,5.92,joint6,lower,-0.581543
0.003,2961,5.922,joint2,upper,0.624873
0.003,2961,5.922,joint4,upper,3.05655
0.003,2961,5.922,joint6,lower,-0.581588
0.003,2962,5.924,joint2,upper,0.624947
0.003,2962,5.924,joint4,upper,3.05666
0.003,2962,5.924,joint6,lower,-0.581632
0.003,2963,5.926,joint2,upper,0.625019
0.003,2963,5.926,joint4,upper,3.05678
0.003,2963,5.926,joint6,lower,-0.581675
0.003,2964,5.928,joint2,upper,0.625089
0.003,2964,5.928,joint4,upper,3.05689
0.003,2964,5.928,joint6,lower,-0.581717
0.003,2965,5.93,joint2,upper,0.625157
0.003,2965,5.93,joint4,upper,3.057
0.003,2965,5.93,joint6,lower,-0.581757
0.003,2966,5.932,joint2,upper,0.625223
0.003,2966,5.932,joint4,upper,3.0571
0.003,2966,5.932,joint6,lower,-0.581797
0.003,2967,5.934,joint2,upper,0.625287
0.003,2967,5.934,joint4,upper,3.05721
0.003,2967,5.934,joint6,lower,-0.581835
0.003,2968,5.936,joint2,upper,0.625349
0.003,2968,5.936,joint4,upper,3.0573
0.003,2968,5.936,joint6,lower,-0.581872
0.003,2969,5.938,joint2,upper,0.625409
0.003,2969,5.938,joint4,upper,3.0574
0.003,2969,5.938,joint6,lower,-0.581908
0.003,2970,5.94,joint2,upper,0.625467
0.003,2970,5.94,joint4,upper,3.05749
0.003,2970,5.94,joint6,lower,-0.581943
0.003,2971,5.942,joint2,upper,0.625526
0.003,2971,5.942,joint4,upper,3.05759
0.003,2971,5.942,joint6,lower,-0.581979
0.003,2972,5.944,joint2,upper,0.625582
0.003,2972,5.944,joint4,upper,3.05768
0.003,2972,5.944,joint6,lower,-0.582014
0.003,2973,5.946,joint2,upper,0.625637
0.003,2973,5.946,joint4,upper,3.05777
0.003,2973,5.946,joint6,lower,-0.582047
0.003,2974,5.948,joint2,upper,0.625689
0.003,2974,5.948,joint4,upper,3.05785
0.003,2974,5.948,joint6,lower,-0.582079
0.003,2975,5.95,joint2,upper,0.625739
0.003,2975,5.95,joint4,upper,3.05793
0.003,2975,5.95,joint6,lower,-0.58211
0.003,2976,5.952,joint2,upper,0.625787
0.003,2976,5.952,joint4,upper,3.05801
0.003,2976,5.952,joint6,lower,-0.582139
0.003,2977,5.954,joint2,upper,0.625832
0.003,2977,5.954,joint4,upper,3.05808
0.003,2977,5.954,joint6,lower,-0.582166
0.003,2978,5.956,joint2,upper,0.625875
0.003,2978,5.956,joint4,upper,3.05815
0.003,2978,5.956,joint6,lower,-0.582192
0.003,2979,5.958,joint2,upper,0.625916
0.003,2979,5.958,joint4,upper,3.05821
0.003,2979,5.958,joint6,lower,-0.582216
0.003,2980,5.96,joint2,upper,0.625954
0.003,2980,5.96,joint4,upper,3.05827
0.003,2980,5.96,joint6,lower,-0.582239
0.003,2981,5.962,joint2,upper,0.62599
0.003,2981,5.962,joint4,upper,3.05833
0.003,2981,5.962,joint6,lower,-0.58226
0.003,2982,5.964,joint2,upper,0.626025
0.003,2982,5.964,joint4,upper,3.05839
0.003,2982,5.964,joint6,lower,-0.58228
0.003,2983,5.966,joint2,upper,0.626057
0.003,2983,5.966,joint4,upper,3.05844
0.003,2983,5.966,joint6,lower,-0.582299
0.003,2984,5.968,joint2,upper,0.626087
0.003,2984,5.968,joint4,upper,3.05848
0.003,2984,5.968,joint6,lower,-0.582316
0.003,2985,5.97,joint2,upper,0.626115
0.003,2985,5.97,joint4,upper,3.05853
0.003,2985,5.97,joint6,lower,-0.582333
0.003,2986,5.972,joint2,upper,0.626141
0.003,2986,5.972,joint4,upper,3.05857
0.003,2986,5.972,joint6,lower,-0.582348
0.003,2987,5.974,joint2,upper,0.626165
0.003,2987,5.974,joint4,upper,3.05861
0.003,2987,5.974,joint6,lower,-0.582361
0.003,2988,5.976,joint2,upper,0.626187
0.003,2988,5.976,joint4,upper,3.05864
0.003,2988,5.976,joint6,lower,-0.582374
0.003,2989,5.978,joint2,upper,0.626207
0.003,2989,5.978,joint4,upper,3.05867
0.003,2989,5.978,joint6,lower,-0.582386
0.003,2990,5.98,joint2,upper,0.626225
0.003,2990,5.98,joint4,upper,3.0587
0.003,2990,5.98,joint6,lower,-0.582396
0.003,2991,5.982,joint2,upper,0.626242
0.003,2991,5.982,joint4,upper,3.05873
0.003,2991,5.982,joint6,lower,-0.582405
0.003,2992,5.984,joint2,upper,0.626257
0.003,2992,5.984,joint4,upper,3.05875
0.003,2992,5.984,joint6,lower,-0.582413
0.003,2993,5.986,joint2,upper,0.626269
0.003,2993,5.986,joint4,upper,3.05877
0.003,2993,5.986,joint6,lower,-0.58242
0.003,2994,5.988,joint2,upper,0.62628
0.003,2994,5.988,joint4,upper,3.05878
0.003,2994,5.988,joint6,lower,-0.582426
0.003,2995,5.99,joint2,upper,0.62629
0.003,2995,5.99,joint4,upper,3.0588
0.003,2995,5.99,joint6,lower,-0.582431
0.003,2996,5.992,joint2,upper,0.626297
0.003,2996,5.992,joint4,upper,3.05881
0.003,2996,5.992,joint6,lower,-0.582434
0.003,2997,5.994,joint2,upper,0.626302
0.003,2997,5.994,joint4,upper,3.05882
0.003,2997,5.994,joint6,lower,-0.582437
0.003,2998,5.996,joint2,upper,0.626306
0.003,2998,5.996,joint4,upper,3.05882
0.003,2998,5.996,joint6,lower,-0.582438
0.003,2999,5.998,joint2,upper,0.626308
0.003,2999,5.998,joint4,upper,3.05882
0.003,2999,5.998,joint6,lower,-0.582438
0.005,1860,3.72,joint4,upper,0.000466935
0.005,1861,3.722,joint4,upper,0.00155784
0.005,1862,3.724,joint4,upper,0.0026512
0.005,1863,3.726,joint4,upper,0.00374759
0.005,1864,3.728,joint4,upper,0.00484728
0.005,1865,3.73,joint4,upper,0.00595042
0.005,1866,3.732,joint4,upper,0.00705709
0.005,1867,3.734,joint4,upper,0.00816737
0.005,1868,3.736,joint4,upper,0.00928131
0.005,1869,3.738,joint4,upper,0.0103989
0.005,1870,3.74,joint4,upper,0.0115203
0.005,1871,3.742,joint4,upper,0.0126453
0.005,1872,3.744,joint4,upper,0.013774
0.005,1873,3.746,joint4,upper,0.0149065
0.005,1874,3.748,joint4,upper,0.0160426
0.005,1875,3.75,joint4,upper,0.0171824
0.005,1876,3.752,joint4,upper,0.0183259
0.005,1877,3.754,joint4,upper,0.0194731
0.005,1878,3.756,joint4,upper,0.0206239
0.005,1879,3.758,joint4,upper,0.0217784
0.005,1880,3.76,joint4,upper,0.0229365
0.005,1881,3.762,joint4,upper,0.0240983
0.005,1882,3.764,joint4,upper,0.0252637
0.005,1883,3.766,joint4,upper,0.0264328
0.005,1884,3.768,joint4,upper,0.0276055
0.005,1885,3.77,joint4,upper,0.0287819
0.005,1886,3.772,joint4,upper,0.0299619
0.005,1887,3.774,joint4,upper,0.0311456
0.005,1888,3.776,joint4,upper,0.032333
0.005,1889,3.778,joint4,upper,0.033524
0.005,1890,3.78,joint4,upper,0.0347188
0.005,1891,3.782,joint4,upper,0.0359174
0.005,1892,3.784,joint4,upper,0.0371197
0.005,1893,3.786,joint4,upper,0.0383257
0.005,1894,3.788,joint4,upper,0.0395356
0.005,1895,3.79,joint4,upper,0.0407493
0.005,1896,3.792,joint4,upper,0.0419669
0.005,1897,3.794,joint4,upper,0.0431883
0.005,1898,3.796,joint4,upper,0.0444137
0.005,1899,3.798,joint4,upper,0.045643
0.005,1900,3.8,joint4,upper,0.0468762
0.005,1901,3.802,joint4,upper,0.0481135
0.005,1902,3.804,joint4,upper,0.0493548
0.005,1903,3.806,joint4,upper,0.0506002
0.005,1904,3.808,joint4,upper,0.0518498
0.005,1905,3.81,joint4,upper,0.0531034
0.005,1906,3.812,joint4,upper,0.0543613
0.005,1907,3.814,joint4,upper,0.0556233
0.005,1908,3.816,joint4,upper,0.0568896
0.005,1909,3.818,joint4,upper,0.0581603
0.005,1910,3.82,joint4,upper,0.0594352
0.005,1911,3.822,joint4,upper,0.0607145
0.005,1912,3.824,joint4,upper,0.0619983
0.005,1913,3.826,joint4,upper,0.0632864
0.005,1914,3.828,joint4,upper,0.0645791
0.005,1915,3.83,joint4,upper,0.0658763
0.005,1916,3.832,joint4,upper,0.067178
0.005,1917,3.834,joint4,upper,0.0684844
0.005,1918,3.836,joint4,upper,0.0697954
0.005,1919,3.838,joint4,upper,0.0711111
0.005,1920,3.84,joint4,upper,0.0724315
0.005,1921,3.842,joint4,upper,0.0737567
0.005,1922,3.844,joint4,upper,0.0750867
0.005,1923,3.846,joint4,upper,0.0764215
0.005,1924,3.848,joint4,upper,0.0777613
0.005,1925,3.85,joint4,upper,0.0791059
0.005,1926,3.852,joint4,upper,0.0804555
0.005,1927,3.854,joint4,upper,0.0818101
0.005,1928,3.856,joint4,upper,0.0831697
0.005,1929,3.858,joint4,upper,0.0845344
0.005,1930,3.86,joint4,upper,0.0859043
0.005,1931,3.862,joint4,upper,0.0872793
0.005,1932,3.864,joint4,upper,0.0886595
0.005,1933,3.866,joint4,upper,0.0900449
0.005,1934,3.868,joint4,upper,0.0914356
0.005,1935,3.87,joint4,upper,0.0928316
0.005,1936,3.872,joint4,upper,0.094233
0.005,1937,3.874,joint4,upper,0.0956397
0.005,1938,3.876,joint4,upper,0.0970519
0.005,1939,3.878,joint4,upper,0.0984695
0.005,1940,3.88,joint4,upper,0.0998927
0.005,1941,3.882,joint4,upper,0.101321
0.005,1942,3.884,joint4,upper,0.102756
0.005,1943,3.886,joint4,upper,0.104195
0.005,1944,3.888,joint4,upper,0.105641
0.005,1945,3.89,joint4,upper,0.107092
0.005,1946,3.892,joint4,upper,0.108549
0.005,1947,3.894,joint4,upper,0.110012
0.005,1948,3.896,joint4,upper,0.11148
0.005,1949,3.898,joint4,upper,0.112955
0.005,1950,3.9,joint4,upper,0.114435
0.005,1951,3.902,joint4,upper,0.115921
0.005,1952,3.904,joint4,upper,0.117413
0.005,1953,3.906,joint4,upper,0.118911
0.005,1954,3.908,joint4,upper,0.120415
0.005,1955,3.91,joint4,upper,0.121925
0.005,1956,3.912,joint4,upper,0.123442
0.005,1957,3.914,joint4,upper,0.124964
0.005,1958,3.916,joint4,upper,0.126492
0.005,1959,3.918,joint4,upper,0.128027
0.005,1960,3.92,joint4,upper,0.129568
0.005,1961,3.922,joint4,upper,0.131115
0.005,1962,3.924,joint4,upper,0.132669
0.005,1963,3.926,joint4,upper,0.134229
0.005,1964,3.928,joint4,upper,0.135795
0.005,1965,3.93,joint4,upper,0.137367
0.005,1966,3.932,joint4,upper,0.138947
0.005,1967,3.934,joint4,upper,0.140532
0.005,1968,3.936,joint4,upper,0.142124
0.005,1969,3.938,joint4,upper,0.143723
0.005,1970,3.94,joint4,upper,0.145328
0.005,1971,3.942,joint4,upper,0.14694
0.005,1972,3.944,joint4,upper,0.148558
0.005,1973,3.946,joint4,upper,0.150184
0.005,1974,3.948,joint4,upper,0.151816
0.005,1975,3.95,joint4,upper,0.153454
0.005,1976,3.952,joint4,upper,0.1551
0.005,1977,3.954,joint4,upper,0.156752
0.005,1978,3.956,joint4,upper,0.158411
0.005,1979,3.958,joint4,upper,0.160077
0.005,1980,3.96,joint4,upper,0.16175
0.005,1981,3.962,joint4,upper,0.16343
0.005,1982,3.964,joint4,upper,0.165118
0.005,1983,3.966,joint4,upper,0.166812
0.005,1984,3.968,joint4,upper,0.168513
0.005,1985,3.97,joint4,upper,0.170221
0.005,1986,3.972,joint4,upper,0.171936
0.005,1987,3.974,joint4,upper,0.173659
0.005,1988,3.976,joint4,upper,0.175389
0.005,1989,3.978,joint4,upper,0.177126
0.005,1990,3.98,joint4,upper,0.17887
0.005,1991,3.982,joint4,upper,0.180622
0.005,1992,3.984,joint4,upper,0.182381
0.005,1993,3.986,joint4,upper,0.184148
0.005,1994,3.988,joint4,upper,0.185922
0.005,1995,3.99,joint4,upper,0.187703
0.005,1996,3.992,joint4,upper,0.189492
0.005,1997,3.994,joint4,upper,0.191288
0.005,1998,3.996,joint4,upper,0.193092
0.005,1999,3.998,joint4,upper,0.194904
0.005,2000,4.0,joint4,upper,0.196723
0.005,2001,4.002,joint4,upper,0.19855
0.005,2002,4.004,joint4,upper,0.200385
0.005,2003,4.006,joint4,upper,0.202228
0.005,2004,4.008,joint4,upper,0.204078
0.005,2005,4.01,joint4,upper,0.205936
0.005,2006,4.012,joint4,upper,0.207802
0.005,2007,4.014,joint4,upper,0.209676
0.005,2008,4.016,joint4,upper,0.211558
0.005,2009,4.018,joint4,upper,0.213448
0.005,2010,4.02,joint4,upper,0.215345
0.005,2011,4.022,joint4,upper,0.217251
0.005,2012,4.024,joint4,upper,0.219165
0.005,2013,4.026,joint4,upper,0.221087
0.005,2014,4.028,joint4,upper,0.223018
0.005,2015,4.03,joint4,upper,0.224956
0.005,2016,4.032,joint4,upper,0.226903
0.005,2017,4.034,joint4,upper,0.228858
0.005,2018,4.036,joint4,upper,0.230821
0.005,2019,4.038,joint4,upper,0.232793
0.005,2020,4.04,joint4,upper,0.234773
0.005,2021,4.042,joint4,upper,0.236761
0.005,2022,4.044,joint4,upper,0.238758
0.005,2023,4.046,joint4,upper,0.240764
0.005,2024,4.048,joint4,upper,0.242778
0.005,2025,4.05,joint4,upper,0.2448
0.005,2026,4.052,joint4,upper,0.246831
0.005,2027,4.054,joint4,upper,0.248871
0.005,2028,4.056,joint4,upper,0.25092
0.005,2029,4.058,joint4,upper,0.252977
0.005,2030,4.06,joint4,upper,0.255043
0.005,2031,4.062,joint4,upper,0.257117
0.005,2032,4.064,joint4,upper,0.259201
0.005,2033,4.066,joint4,upper,0.261294
0.005,2034,4.068,joint4,upper,0.263395
0.005,2035,4.07,joint4,upper,0.265505
0.005,2036,4.072,joint4,upper,0.267625
0.005,2037,4.074,joint4,upper,0.269753
0.005,2038,4.076,joint4,upper,0.27189
0.005,2039,4.078,joint4,upper,0.274037
0.005,2040,4.08,joint4,upper,0.276192
0.005,2041,4.082,joint4,upper,0.278357
0.005,2042,4.084,joint4,upper,0.280531
0.005,2043,4.086,joint4,upper,0.282715
0.005,2044,4.088,joint4,upper,0.284907
0.005,2045,4.09,joint4,upper,0.287109
0.005,2046,4.092,joint4,upper,0.28932
0.005,2047,4.094,joint4,upper,0.291541
0.005,2048,4.096,joint4,upper,0.293771
0.005,2049,4.098,joint4,upper,0.29601
0.005,2050,4.1,joint4,upper,0.298259
0.005,2051,4.102,joint4,upper,0.300518
0.005,2052,4.104,joint4,upper,0.302786
0.005,2053,4.106,joint4,upper,0.305064
0.005,2054,4.108,joint4,upper,0.307351
0.005,2055,4.11,joint4,upper,0.309649
0.005,2056,4.112,joint4,upper,0.311955
0.005,2057,4.114,joint4,upper,0.314272
0.005,2058,4.116,joint4,upper,0.316598
0.005,2059,4.118,joint4,upper,0.318935
0.005,2060,4.12,joint4,upper,0.321281
0.005,2061,4.122,joint4,upper,0.323637
0.005,2062,4.124,joint4,upper,0.326003
0.005,2063,4.126,joint4,upper,0.328379
0.005,2064,4.128,joint4,upper,0.330765
0.005,2065,4.13,joint4,upper,0.333161
0.005,2066,4.132,joint4,upper,0.335567
0.005,2067,4.134,joint4,upper,0.337983
0.005,2068,4.136,joint4,upper,0.340409
0.005,2069,4.138,joint4,upper,0.342846
0.005,2070,4.14,joint4,upper,0.345292
0.005,2071,4.142,joint4,upper,0.347749
0.005,2072,4.144,joint4,upper,0.350216
0.005,2073,4.146,joint4,upper,0.352694
0.005,2074,4.148,joint4,upper,0.355182
0.005,2075,4.15,joint4,upper,0.35768
0.005,2076,4.152,joint4,upper,0.360188
0.005,2077,4.154,joint4,upper,0.362707
0.005,2078,4.156,joint4,upper,0.365237
0.005,2079,4.158,joint4,upper,0.367777
0.005,2080,4.16,joint4,upper,0.370327
0.005,2081,4.162,joint4,upper,0.372888
0.005,2082,4.164,joint4,upper,0.37546
0.005,2083,4.166,joint4,upper,0.378042
0.005,2084,4.168,joint4,upper,0.380635
0.005,2085,4.17,joint4,upper,0.383238
0.005,2086,4.172,joint4,upper,0.385852
0.005,2087,4.174,joint4,upper,0.388477
0.005,2088,4.176,joint4,upper,0.391113
0.005,2089,4.178,joint4,upper,0.393759
0.005,2090,4.18,joint4,upper,0.396416
0.005,2091,4.182,joint4,upper,0.399084
0.005,2092,4.184,joint4,upper,0.401762
0.005,2093,4.186,joint4,upper,0.404452
0.005,2094,4.188,joint4,upper,0.407152
0.005,2095,4.19,joint4,upper,0.409863
0.005,2096,4.192,joint4,upper,0.412585
0.005,2097,4.194,joint4,upper,0.415318
0.005,2098,4.196,joint4,upper,0.418062
0.005,2099,4.198,joint4,upper,0.420817
0.005,2100,4.2,joint4,upper,0.423583
0.005,2101,4.202,joint4,upper,0.426359
0.005,2102,4.204,joint4,upper,0.429147
0.005,2103,4.206,joint4,upper,0.431946
0.005,2104,4.208,joint4,upper,0.434756
0.005,2105,4.21,joint4,upper,0.437576
0.005,2106,4.212,joint4,upper,0.440408
0.005,2107,4.214,joint4,upper,0.443251
0.005,2108,4.216,joint4,upper,0.446104
0.005,2109,4.218,joint4,upper,0.448969
0.005,2110,4.22,joint4,upper,0.451845
0.005,2111,4.222,joint4,upper,0.454732
0.005,2112,4.224,joint4,upper,0.45763
0.005,2113,4.226,joint4,upper,0.460539
0.005,2114,4.228,joint4,upper,0.463459
0.005,2115,4.23,joint4,upper,0.46639
0.005,2116,4.232,joint4,upper,0.469332
0.005,2117,4.234,joint4,upper,0.472285
0.005,2118,4.236,joint4,upper,0.475249
0.005,2119,4.238,joint4,upper,0.478224
0.005,2120,4.24,joint4,upper,0.48121
0.005,2121,4.242,joint4,upper,0.484207
0.005,2122,4.244,joint4,upper,0.487215
0.005,2123,4.246,joint4,upper,0.490234
0.005,2124,4.248,joint4,upper,0.493263
0.005,2125,4.25,joint4,upper,0.496304
0.005,2126,4.252,joint4,upper,0.499356
0.005,2127,4.254,joint4,upper,0.502418
0.005,2128,4.256,joint4,upper,0.505492
0.005,2129,4.258,joint4,upper,0.508576
0.005,2130,4.26,joint4,upper,0.511671
0.005,2131,4.262,joint4,upper,0.514777
0.005,2132,4.264,joint4,upper,0.517893
0.005,2133,4.266,joint4,upper,0.52102
0.005,2134,4.268,joint4,upper,0.524158
0.005,2135,4.27,joint4,upper,0.527306
0.005,2136,4.272,joint4,upper,0.530465
0.005,2137,4.274,joint4,upper,0.533635
0.005,2138,4.276,joint4,upper,0.536814
0.005,2139,4.278,joint4,upper,0.540005
0.005,2140,4.28,joint4,upper,0.543205
0.005,2141,4.282,joint4,upper,0.546416
0.005,2142,4.284,joint4,upper,0.549638
0.005,2143,4.286,joint4,upper,0.552869
0.005,2144,4.288,joint4,upper,0.556111
0.005,2145,4.29,joint4,upper,0.559362
0.005,2146,4.292,joint4,upper,0.562624
0.005,2147,4.294,joint4,upper,0.565896
0.005,2148,4.296,joint4,upper,0.569177
0.005,2149,4.298,joint4,upper,0.572468
0.005,2150,4.3,joint4,upper,0.575769
0.005,2151,4.302,joint4,upper,0.57908
0.005,2152,4.304,joint4,upper,0.5824
0.005,2153,4.306,joint4,upper,0.585729
0.005,2154,4.308,joint4,upper,0.589068
0.005,2155,4.31,joint4,upper,0.592416
0.005,2156,4.312,joint4,upper,0.595774
0.005,2157,4.314,joint4,upper,0.59914
0.005,2158,4.316,joint4,upper,0.602515
0.005,2159,4.318,joint4,upper,0.605899
0.005,2160,4.32,joint4,upper,0.609292
0.005,2161,4.322,joint4,upper,0.612694
0.005,2162,4.324,joint4,upper,0.616103
0.005,2163,4.326,joint4,upper,0.619522
0.005,2164,4.328,joint4,upper,0.622948
0.005,2165,4.33,joint4,upper,0.626383
0.005,2166,4.332,joint4,upper,0.629826
0.005,2167,4.334,joint4,upper,0.633276
0.005,2168,4.336,joint4,upper,0.636734
0.005,2169,4.338,joint4,upper,0.6402
0.005,2170,4.34,joint4,upper,0.643673
0.005,2171,4.342,joint4,upper,0.647153
0.005,2172,4.344,joint4,upper,0.650641
0.005,2173,4.346,joint4,upper,0.654135
0.005,2174,4.348,joint4,upper,0.657636
0.005,2175,4.35,joint4,upper,0.661143
0.005,2176,4.352,joint4,upper,0.664657
0.005,2177,4.354,joint4,upper,0.668178
0.005,2178,4.356,joint4,upper,0.671704
0.005,2179,4.358,joint4,upper,0.675236
0.005,2180,4.36,joint4,upper,0.678774
0.005,2181,4.362,joint4,upper,0.682317
0.005,2182,4.364,joint4,upper,0.685866
0.005,2183,4.366,joint4,upper,0.689419
0.005,2184,4.368,joint4,upper,0.692978
0.005,2185,4.37,joint4,upper,0.696541
0.005,2186,4.372,joint4,upper,0.700108
0.005,2187,4.374,joint4,upper,0.703679
0.005,2188,4.376,joint4,upper,0.707255
0.005,2189,4.378,joint4,upper,0.710834
0.005,2190,4.38,joint4,upper,0.714417
0.005,2191,4.382,joint4,upper,0.718003
0.005,2192,4.384,joint4,upper,0.721592
0.005,2193,4.386,joint4,upper,0.725183
0.005,2194,4.388,joint4,upper,0.728777
0.005,2195,4.39,joint4,upper,0.732373
0.005,2196,4.392,joint4,upper,0.735972
0.005,2197,4.394,joint4,upper,0.739572
0.005,2198,4.396,joint4,upper,0.743173
0.005,2199,4.398,joint4,upper,0.746775
0.005,2200,4.4,joint4,upper,0.750378
0.005,2201,4.402,joint4,upper,0.753982
0.005,2202,4.404,joint4,upper,0.757586
0.005,2203,4.406,joint4,upper,0.761189
0.005,2204,4.408,joint4,upper,0.764793
0.005,2205,4.41,joint4,upper,0.768395
0.005,2206,4.412,joint4,upper,0.771997
0.005,2207,4.414,joint4,upper,0.775597
0.005,2208,4.416,joint4,upper,0.779196
0.005,2209,4.418,joint4,upper,0.782793
0.005,2210,4.42,joint4,upper,0.786387
0.005,2211,4.422,joint4,upper,0.789979
0.005,2212,4.424,joint4,upper,0.793567
0.005,2213,4.426,joint4,upper,0.797153
0.005,2214,4.428,joint4,upper,0.800734
0.005,2215,4.43,joint4,upper,0.804312
0.005,2216,4.432,joint4,upper,0.807885
0.005,2217,4.434,joint4,upper,0.811453
0.005,2218,4.436,joint4,upper,0.815017
0.005,2219,4.438,joint4,upper,0.818574
0.005,2220,4.44,joint4,upper,0.822126
0.005,2221,4.442,joint4,upper,0.825672
0.005,2222,4.444,joint4,upper,0.82921
0.005,2223,4.446,joint4,upper,0.832742
0.005,2224,4.448,joint4,upper,0.836267
0.005,2225,4.45,joint4,upper,0.839783
0.005,2226,4.452,joint4,upper,0.843291
0.005,2227,4.454,joint4,upper,0.846791
0.005,2228,4.456,joint4,upper,0.850282
0.005,2229,4.458,joint4,upper,0.853763
0.005,2230,4.46,joint4,upper,0.857234
0.005,2231,4.462,joint4,upper,0.860696
0.005,2232,4.464,joint4,upper,0.864146
0.005,2233,4.466,joint4,upper,0.867586
0.005,2234,4.468,joint4,upper,0.871014
0.005,2235,4.47,joint4,upper,0.87443
0.005,2236,4.472,joint4,upper,0.877833
0.005,2237,4.474,joint4,upper,0.881224
0.005,2238,4.476,joint4,upper,0.884602
0.005,2239,4.478,joint4,upper,0.887967
0.005,2240,4.48,joint4,upper,0.891317
0.005,2241,4.482,joint4,upper,0.894653
0.005,2242,4.484,joint4,upper,0.897974
0.005,2243,4.486,joint4,upper,0.90128
0.005,2244,4.488,joint4,upper,0.90457
0.005,2245,4.49,joint4,upper,0.907844
0.005,2246,4.492,joint4,upper,0.911101
0.005,2247,4.494,joint4,upper,0.914342
0.005,2248,4.496,joint4,upper,0.917565
0.005,2249,4.498,joint4,upper,0.92077
0.005,2250,4.5,joint4,upper,0.923957
0.005,2251,4.502,joint4,upper,0.927126
0.005,2252,4.504,joint4,upper,0.930275
0.005,2253,4.506,joint4,upper,0.933405
0.005,2254,4.508,joint4,upper,0.936515
0.005,2255,4.51,joint4,upper,0.939605
0.005,2256,4.512,joint4,upper,0.942675
0.005,2257,4.514,joint4,upper,0.945723
0.005,2258,4.516,joint4,upper,0.94875
0.005,2259,4.518,joint4,upper,0.951755
0.005,2260,4.52,joint4,upper,0.954737
0.005,2261,4.522,joint4,upper,0.957698
0.005,2262,4.524,joint4,upper,0.960635
0.005,2263,4.526,joint4,upper,0.963548
0.005,2264,4.528,joint4,upper,0.966439
0.005,2265,4.53,joint4,upper,0.969305
0.005,2266,4.532,joint4,upper,0.972146
0.005,2267,4.534,joint4,upper,0.974963
0.005,2268,4.536,joint4,upper,0.977755
0.005,2269,4.538,joint4,upper,0.980521
0.005,2270,4.54,joint4,upper,0.983261
0.005,2271,4.542,joint4,upper,0.985976
0.005,2272,4.544,joint4,upper,0.988664
0.005,2273,4.546,joint4,upper,0.991325
0.005,2274,4.548,joint4,upper,0.993959
0.005,2275,4.55,joint4,upper,0.996566
0.005,2276,4.552,joint4,upper,0.999145
0.005,2277,4.554,joint4,upper,1.0017
0.005,2278,4.556,joint4,upper,1.00422
0.005,2279,4.558,joint4,upper,1.00672
0.005,2280,4.56,joint4,upper,1.00918
0.005,2281,4.562,joint4,upper,1.01162
0.005,2282,4.564,joint4,upper,1.01403
0.005,2283,4.566,joint4,upper,1.01641
0.005,2284,4.568,joint4,upper,1.01876
0.005,2285,4.57,joint4,upper,1.02108
0.005,2286,4.572,joint4,upper,1.02337
0.005,2287,4.574,joint4,upper,1.02563
0.005,2288,4.576,joint4,upper,1.02786
0.005,2289,4.578,joint4,upper,1.03006
0.005,2290,4.58,joint4,upper,1.03223
0.005,2291,4.582,joint4,upper,1.03437
0.005,2292,4.584,joint4,upper,1.03648
0.005,2293,4.586,joint4,upper,1.03855
0.005,2294,4.588,joint4,upper,1.0406
0.005,2295,4.59,joint4,upper,1.04262
0.005,2296,4.592,joint4,upper,1.0446
0.005,2297,4.594,joint4,upper,1.04656
0.005,2298,4.596,joint4,upper,1.04848
0.005,2299,4.598,joint4,upper,1.05037
0.005,2300,4.6,joint4,upper,1.05223
0.005,2301,4.602,joint4,upper,1.05406
0.005,2302,4.604,joint4,upper,1.05586
0.005,2303,4.606,joint4,upper,1.05763
0.005,2304,4.608,joint4,upper,1.05937
0.005,2305,4.61,joint4,upper,1.06108
0.005,2306,4.612,joint4,upper,1.06275
0.005,2307,4.614,joint4,upper,1.0644
0.005,2308,4.616,joint4,upper,1.06601
0.005,2309,4.618,joint4,upper,1.0676
0.005,2310,4.62,joint4,upper,1.06915
0.005,2311,4.622,joint4,upper,1.07068
0.005,2312,4.624,joint4,upper,1.07217
0.005,2313,4.626,joint4,upper,1.07363
0.005,2314,4.628,joint4,upper,1.07507
0.005,2315,4.63,joint4,upper,1.07647
0.005,2316,4.632,joint4,upper,1.07785
0.005,2317,4.634,joint4,upper,1.0792
0.005,2318,4.636,joint4,upper,1.08051
0.005,2319,4.638,joint4,upper,1.0818
0.005,2320,4.64,joint4,upper,1.08306
0.005,2321,4.642,joint4,upper,1.0843
0.005,2322,4.644,joint4,upper,1.0855
0.005,2323,4.646,joint4,upper,1.08668
0.005,2324,4.648,joint4,upper,1.08783
0.005,2325,4.65,joint4,upper,1.08896
0.005,2326,4.652,joint4,upper,1.09005
0.005,2327,4.654,joint4,upper,1.09112
0.005,2328,4.656,joint4,upper,1.09217
0.005,2329,4.658,joint4,upper,1.09319
0.005,2330,4.66,joint4,upper,1.09418
0.005,2331,4.662,joint4,upper,1.09515
0.005,2332,4.664,joint4,upper,1.0961
0.005,2333,4.666,joint4,upper,1.09702
0.005,2334,4.668,joint4,upper,1.09792
0.005,2335,4.67,joint4,upper,1.0988
0.005,2336,4.672,joint4,upper,1.09965
0.005,2337,4.674,joint4,upper,1.10048
0.005,2338,4.676,joint4,upper,1.10129
0.005,2339,4.678,joint4,upper,1.10207
0.005,2340,4.68,joint4,upper,1.10284
0.005,2341,4.682,joint4,upper,1.10359
0.005,2342,4.684,joint4,upper,1.10431
0.005,2343,4.686,joint4,upper,1.10502
0.005,2344,4.688,joint4,upper,1.1057
0.005,2345,4.69,joint4,upper,1.10637
0.005,2346,4.692,joint4,upper,1.10702
0.005,2347,4.694,joint4,upper,1.10765
0.005,2348,4.696,joint4,upper,1.10827
0.005,2349,4.698,joint4,upper,1.10887
0.005,2350,4.7,joint4,upper,1.10945
0.005,2351,4.702,joint4,upper,1.11001
0.005,2352,4.704,joint4,upper,1.11056
0.005,2353,4.706,joint4,upper,1.1111
0.005,2354,4.708,joint4,upper,1.11162
0.005,2355,4.71,joint4,upper,1.11213
0.005,2356,4.712,joint4,upper,1.11263
0.005,2357,4.714,joint4,upper,1.11311
0.005,2358,4.716,joint4,upper,1.11358
0.005,2359,4.718,joint4,upper,1.11404
0.005,2360,4.72,joint4,upper,1.11448
0.005,2361,4.722,joint4,upper,1.11492
0.005,2362,4.724,joint4,upper,1.11534
0.005,2363,4.726,joint4,upper,1.11576
0.005,2364,4.728,joint4,upper,1.11617
0.005,2365,4.73,joint4,upper,1.11656
0.005,2366,4.732,joint4,upper,1.11695
0.005,2367,4.734,joint4,upper,1.11733
0.005,2368,4.736,joint4,upper,1.11771
0.005,2369,4.738,joint4,upper,1.11808
0.005,2370,4.74,joint4,upper,1.11844
0.005,2371,4.742,joint4,upper,1.11879
0.005,2372,4.744,joint4,upper,1.11914
0.005,2373,4.746,joint4,upper,1.11949
0.005,2374,4.748,joint4,upper,1.11983
0.005,2375,4.75,joint4,upper,1.12016
0.005,2376,4.752,joint4,upper,1.1205
0.005,2377,4.754,joint4,upper,1.12083
0.005,2378,4.756,joint4,upper,1.12115
0.005,2379,4.758,joint4,upper,1.12148
0.005,2380,4.76,joint4,upper,1.1218
0.005,2381,4.762,joint4,upper,1.12212
0.005,2382,4.764,joint4,upper,1.12244
0.005,2383,4.766,joint4,upper,1.12276
0.005,2384,4.768,joint4,upper,1.12308
0.005,2385,4.77,joint4,upper,1.1234
0.005,2386,4.772,joint4,upper,1.12372
0.005,2387,4.774,joint4,upper,1.12404
0.005,2388,4.776,joint4,upper,1.12436
0.005,2389,4.778,joint4,upper,1.12468
0.005,2390,4.78,joint4,upper,1.12501
0.005,2391,4.782,joint4,upper,1.12533
0.005,2392,4.784,joint4,upper,1.12566
0.005,2393,4.786,joint4,upper,1.126
0.005,2394,4.788,joint4,upper,1.12633
0.005,2395,4.79,joint4,upper,1.12667
0.005,2396,4.792,joint4,upper,1.12702
0.005,2397,4.794,joint4,upper,1.12737
0.005,2398,4.796,joint4,upper,1.12772
0.005,2399,4.798,joint4,upper,1.12808
0.005,2400,4.8,joint4,upper,1.12844
0.005,2401,4.802,joint4,upper,1.12881
0.005,2402,4.804,joint4,upper,1.12918
0.005,2403,4.806,joint4,upper,1.12956
0.005,2404,4.808,joint4,upper,1.12995
0.005,2405,4.81,joint4,upper,1.13034
0.005,2406,4.812,joint4,upper,1.13074
0.005,2407,4.814,joint4,upper,1.13114
0.005,2408,4.816,joint4,upper,1.13155
0.005,2409,4.818,joint4,upper,1.13197
0.005,2410,4.82,joint4,upper,1.1324
0.005,2411,4.822,joint4,upper,1.13283
0.005,2412,4.824,joint4,upper,1.13327
0.005,2413,4.826,joint4,upper,1.13372
0.005,2414,4.828,joint4,upper,1.13418
0.005,2415,4.83,joint4,upper,1.13464
0.005,2416,4.832,joint4,upper,1.13512
0.005,2417,4.834,joint4,upper,1.1356
0.005,2418,4.836,joint4,upper,1.13609
0.005,2419,4.838,joint4,upper,1.13659
0.005,2420,4.84,joint4,upper,1.13709
0.005,2421,4.842,joint4,upper,1.13761
0.005,2422,4.844,joint4,upper,1.13813
0.005,2423,4.846,joint4,upper,1.13867
0.005,2424,4.848,joint4,upper,1.13921
0.005,2425,4.85,joint4,upper,1.13976
0.005,2426,4.852,joint4,upper,1.14032
0.005,2427,4.854,joint4,upper,1.1409
0.005,2428,4.856,joint4,upper,1.14148
0.005,2429,4.858,joint4,upper,1.14206
0.005,2430,4.86,joint4,upper,1.14266
0.005,2431,4.862,joint4,upper,1.14327
0.005,2432,4.864,joint4,upper,1.14389
0.005,2433,4.866,joint4,upper,1.14451
0.005,2434,4.868,joint4,upper,1.14515
0.005,2435,4.87,joint4,upper,1.1458
0.005,2436,4.872,joint4,upper,1.14645
0.005,2437,4.874,joint4,upper,1.14711
0.005,2438,4.876,joint4,upper,1.14779
0.005,2439,4.878,joint4,upper,1.14847
0.005,2440,4.88,joint4,upper,1.14916
0.005,2441,4.882,joint4,upper,1.14986
0.005,2442,4.884,joint4,upper,1.15057
0.005,2443,4.886,joint4,upper,1.15129
0.005,2444,4.888,joint4,upper,1.15202
0.005,2445,4.89,joint4,upper,1.15276
0.005,2446,4.892,joint4,upper,1.15351
0.005,2447,4.894,joint4,upper,1.15426
0.005,2448,4.896,joint4,upper,1.15503
0.005,2449,4.898,joint4,upper,1.1558
0.005,2450,4.9,joint4,upper,1.15658
0.005,2451,4.902,joint4,upper,1.15738
0.005,2452,4.904,joint4,upper,1.15818
0.005,2453,4.906,joint4,upper,1.15898
0.005,2454,4.908,joint4,upper,1.1598
0.005,2455,4.91,joint4,upper,1.16062
0.005,2456,4.912,joint4,upper,1.16146
0.005,2457,4.914,joint4,upper,1.1623
0.005,2458,4.916,joint4,upper,1.16315
0.005,2459,4.918,joint4,upper,1.164
0.005,2460,4.92,joint4,upper,1.16487
0.005,2461,4.922,joint4,upper,1.16574
0.005,2462,4.924,joint4,upper,1.16662
0.005,2463,4.926,joint4,upper,1.16751
0.005,2464,4.928,joint4,upper,1.1684
0.005,2465,4.93,joint4,upper,1.1693
0.005,2466,4.932,joint4,upper,1.17021
0.005,2467,4.934,joint4,upper,1.17113
0.005,2468,4.936,joint4,upper,1.17205
0.005,2469,4.938,joint4,upper,1.17298
0.005,2470,4.94,joint4,upper,1.17391
0.005,2471,4.942,joint4,upper,1.17485
0.005,2472,4.944,joint4,upper,1.1758
0.005,2473,4.946,joint4,upper,1.17676
0.005,2474,4.948,joint4,upper,1.17771
0.005,2475,4.95,joint4,upper,1.17868
0.005,2476,4.952,joint4,upper,1.17965
0.005,2477,4.954,joint4,upper,1.18063
0.005,2478,4.956,joint4,upper,1.18161
0.005,2479,4.958,joint4,upper,1.18259
0.005,2480,4.96,joint4,upper,1.18359
0.005,2481,4.962,joint4,upper,1.18458
0.005,2482,4.964,joint4,upper,1.18558
0.005,2483,4.966,joint4,upper,1.18659
0.005,2484,4.968,joint4,upper,1.1876
0.005,2485,4.97,joint4,upper,1.18861
0.005,2486,4.972,joint4,upper,1.18963
0.005,2487,4.974,joint4,upper,1.19065
0.005,2488,4.976,joint4,upper,1.19168
0.005,2489,4.978,joint4,upper,1.1927
0.005,2490,4.98,joint4,upper,1.19374
0.005,2491,4.982,joint4,upper,1.19477
0.005,2492,4.984,joint4,upper,1.19581
0.005,2493,4.986,joint4,upper,1.19685
0.005,2494,4.988,joint4,upper,1.1979
0.005,2495,4.99,joint4,upper,1.19894
0.005,2496,4.992,joint4,upper,1.19999
0.005,2497,4.994,joint4,upper,1.20104
0.005,2498,4.996,joint4,upper,1.2021
0.005,2499,4.998,joint4,upper,1.20315
0.005,2500,5.0,joint4,upper,1.20421
0.005,2501,5.002,joint4,upper,1.20527
0.005,2502,5.004,joint4,upper,1.20633
0.005,2503,5.006,joint4,upper,1.20739
0.005,2504,5.008,joint4,upper,1.20846
0.005,2505,5.01,joint4,upper,1.20952
0.005,2506,5.012,joint4,upper,1.21059
0.005,2507,5.014,joint4,upper,1.21165
0.005,2508,5.016,joint4,upper,1.21272
0.005,2509,5.018,joint4,upper,1.21379
0.005,2510,5.02,joint4,upper,1.21485
0.005,2511,5.022,joint4,upper,1.21592
0.005,2512,5.024,joint4,upper,1.21699
0.005,2513,5.026,joint4,upper,1.21806
0.005,2514,5.028,joint4,upper,1.21912
0.005,2515,5.03,joint4,upper,1.22019
0.005,2516,5.032,joint4,upper,1.22126
0.005,2517,5.034,joint4,upper,1.22232
0.005,2518,5.036,joint4,upper,1.22339
0.005,2519,5.038,joint4,upper,1.22445
0.005,2520,5.04,joint4,upper,1.22551
0.005,2521,5.042,joint4,upper,1.22658
0.005,2522,5.044,joint4,upper,1.22764
0.005,2523,5.046,joint4,upper,1.2287
0.005,2524,5.048,joint4,upper,1.22975
0.005,2525,5.05,joint4,upper,1.23081
0.005,2526,5.052,joint4,upper,1.23186
0.005,2527,5.054,joint4,upper,1.23292
0.005,2528,5.056,joint4,upper,1.23397
0.005,2529,5.058,joint4,upper,1.23501
0.005,2530,5.06,joint4,upper,1.23606
0.005,2531,5.062,joint4,upper,1.2371
0.005,2532,5.064,joint4,upper,1.23814
0.005,2533,5.066,joint4,upper,1.23918
0.005,2534,5.068,joint4,upper,1.24022
0.005,2535,5.07,joint4,upper,1.24125
0.005,2536,5.072,joint4,upper,1.24228
0.005,2537,5.074,joint4,upper,1.24331
0.005,2538,5.076,joint4,upper,1.24433
0.005,2539,5.078,joint4,upper,1.24535
0.005,2540,5.08,joint4,upper,1.24637
0.005,2541,5.082,joint4,upper,1.24739
0.005,2542,5.084,joint4,upper,1.2484
0.005,2543,5.086,joint4,upper,1.2494
0.005,2544,5.088,joint4,upper,1.25041
0.005,2545,5.09,joint4,upper,1.25141
0.005,2546,5.092,joint4,upper,1.25241
0.005,2547,5.094,joint4,upper,1.2534
0.005,2548,5.096,joint4,upper,1.25439
0.005,2549,5.098,joint4,upper,1.25537
0.005,2550,5.1,joint4,upper,1.25635
0.005,2551,5.102,joint4,upper,1.25733
0.005,2552,5.104,joint4,upper,1.2583
0.005,2553,5.106,joint4,upper,1.25927
0.005,2554,5.108,joint4,upper,1.26024
0.005,2555,5.11,joint4,upper,1.2612
0.005,2556,5.112,joint4,upper,1.26215
0.005,2557,5.114,joint4,upper,1.26311
0.005,2558,5.116,joint4,upper,1.26405
0.005,2559,5.118,joint4,upper,1.265
0.005,2560,5.12,joint4,upper,1.26593
0.005,2561,5.122,joint4,upper,1.26687
0.005,2562,5.124,joint4,upper,1.2678
0.005,2563,5.126,joint4,upper,1.26872
0.005,2564,5.128,joint4,upper,1.26964
0.005,2565,5.13,joint4,upper,1.27056
0.005,2566,5.132,joint4,upper,1.27147
0.005,2567,5.134,joint4,upper,1.27237
0.005,2568,5.136,joint4,upper,1.27327
0.005,2569,5.138,joint4,upper,1.27417
0.005,2570,5.14,joint4,upper,1.27506
0.005,2571,5.142,joint4,upper,1.27595
0.005,2572,5.144,joint4,upper,1.27683
0.005,2573,5.146,joint4,upper,1.27771
0.005,2574,5.148,joint4,upper,1.27858
0.005,2575,5.15,joint4,upper,1.27944
0.005,2576,5.152,joint4,upper,1.28031
0.005,2577,5.154,joint4,upper,1.28116
0.005,2578,5.156,joint4,upper,1.28201
0.005,2579,5.158,joint4,upper,1.28286
0.005,2580,5.16,joint4,upper,1.2837
0.005,2581,5.162,joint4,upper,1.28454
0.005,2582,5.164,joint4,upper,1.28537
0.005,2583,5.166,joint4,upper,1.2862
0.005,2584,5.168,joint4,upper,1.28702
0.005,2585,5.17,joint4,upper,1.28784
0.005,2586,5.172,joint4,upper,1.28865
0.005,2587,5.174,joint4,upper,1.28946
0.005,2588,5.176,joint4,upper,1.29026
0.005,2589,5.178,joint4,upper,1.29106
0.005,2590,5.18,joint4,upper,1.29186
0.005,2591,5.182,joint4,upper,1.29264
0.005,2592,5.184,joint4,upper,1.29343
0.005,2593,5.186,joint4,upper,1.29421
0.005,2594,5.188,joint4,upper,1.29498
0.005,2595,5.19,joint4,upper,1.29575
0.005,2596,5.192,joint4,upper,1.29651
0.005,2597,5.194,joint4,upper,1.29727
0.005,2598,5.196,joint4,upper,1.29803
0.005,2599,5.198,joint4,upper,1.29878
0.005,2600,5.2,joint4,upper,1.29952
0.005,2601,5.202,joint4,upper,1.30027
0.005,2602,5.204,joint4,upper,1.301
0.005,2603,5.206,joint4,upper,1.30173
0.005,2604,5.208,joint4,upper,1.30246
0.005,2605,5.21,joint4,upper,1.30318
0.005,2606,5.212,joint4,upper,1.3039
0.005,2607,5.214,joint4,upper,1.30462
0.005,2608,5.216,joint4,upper,1.30541
0.005,2609,5.218,joint4,upper,1.30629
0.005,2610,5.22,joint4,upper,1.30724
0.005,2611,5.222,joint4,upper,1.30826
0.005,2612,5.224,joint4,upper,1.30935
0.005,2613,5.226,joint4,upper,1.31068
0.005,2614,5.228,joint4,upper,1.31221
0.005,2615,5.23,joint4,upper,1.31393
0.005,2616,5.232,joint4,upper,1.31579
0.005,2617,5.234,joint4,upper,1.3178
0.005,2618,5.236,joint4,upper,1.31993
0.005,2619,5.238,joint4,upper,1.32217
0.005,2620,5.24,joint4,upper,1.32451
0.005,2621,5.242,joint4,upper,1.32696
0.005,2622,5.244,joint4,upper,1.3295
0.005,2623,5.246,joint4,upper,1.33212
0.005,2624,5.248,joint4,upper,1.33484
0.005,2625,5.25,joint4,upper,1.33764
0.005,2626,5.252,joint4,upper,1.34053
0.005,2627,5.254,joint4,upper,1.3435
0.005,2628,5.256,joint4,upper,1.34656
0.005,2629,5.258,joint4,upper,1.3497
0.005,2630,5.26,joint4,upper,1.35292
0.005,2631,5.262,joint4,upper,1.35624
0.005,2632,5.264,joint4,upper,1.35964
0.005,2633,5.266,joint4,upper,1.36313
0.005,2634,5.268,joint4,upper,1.36671
0.005,2635,5.27,joint4,upper,1.37038
0.005,2636,5.272,joint4,upper,1.37415
0.005,2637,5.274,joint4,upper,1.37801
0.005,2638,5.276,joint4,upper,1.38197
0.005,2639,5.278,joint4,upper,1.38603
0.005,2640,5.28,joint4,upper,1.39019
0.005,2641,5.282,joint4,upper,1.39446
0.005,2642,5.284,joint4,upper,1.39883
0.005,2643,5.286,joint4,upper,1.40332
0.005,2644,5.288,joint4,upper,1.40791
0.005,2645,5.29,joint4,upper,1.41262
0.005,2646,5.292,joint4,upper,1.41745
0.005,2647,5.294,joint4,upper,1.4224
0.005,2648,5.296,joint4,upper,1.42747
0.005,2649,5.298,joint4,upper,1.43266
0.005,2650,5.3,joint4,upper,1.43799
0.005,2651,5.302,joint4,upper,1.44345
0.005,2652,5.304,joint4,upper,1.44905
0.005,2653,5.306,joint4,upper,1.45479
0.005,2654,5.308,joint4,upper,1.46067
0.005,2655,5.31,joint4,upper,1.4667
0.005,2656,5.312,joint4,upper,1.47288
0.005,2657,5.314,joint4,upper,1.47922
0.005,2658,5.316,joint4,upper,1.48572
0.005,2659,5.318,joint4,upper,1.49238
0.005,2660,5.32,joint4,upper,1.49922
0.005,2661,5.322,joint4,upper,1.50623
0.005,2662,5.324,joint4,upper,1.51342
0.005,2663,5.326,joint4,upper,1.52079
0.005,2664,5.328,joint4,upper,1.52836
0.005,2665,5.33,joint4,upper,1.53612
0.005,2666,5.332,joint4,upper,1.54409
0.005,2667,5.334,joint4,upper,1.55226
0.005,2668,5.336,joint4,upper,1.56065
0.005,2669,5.338,joint4,upper,1.56926
0.005,2670,5.34,joint4,upper,1.5781
0.005,2671,5.342,joint4,upper,1.58718
0.005,2672,5.344,joint4,upper,1.5965
0.005,2673,5.346,joint4,upper,1.60607
0.005,2674,5.348,joint4,upper,1.61591
0.005,2675,5.35,joint4,upper,1.62601
0.005,2676,5.352,joint4,upper,1.63639
0.005,2677,5.354,joint4,upper,1.64706
0.005,2678,5.356,joint4,upper,1.65803
0.005,2679,5.358,joint4,upper,1.6693
0.005,2680,5.36,joint4,upper,1.68089
0.005,2681,5.362,joint4,upper,1.69282
0.005,2682,5.364,joint4,upper,1.70508
0.005,2683,5.366,joint4,upper,1.7177
0.005,2684,5.368,joint4,upper,1.73069
0.005,2685,5.37,joint4,upper,1.74406
0.005,2686,5.372,joint4,upper,1.75782
0.005,2687,5.374,joint4,upper,1.772
0.005,2687,5.374,joint6,lower,-0.00118359
0.005,2688,5.376,joint4,upper,1.7866
0.005,2688,5.376,joint6,lower,-0.00795246
0.005,2689,5.378,joint4,upper,1.80165
0.005,2689,5.378,joint6,lower,-0.0149241
0.005,2690,5.38,joint4,upper,1.81716
0.005,2690,5.38,joint6,lower,-0.0221064
0.005,2691,5.382,joint4,upper,1.83314
0.005,2691,5.382,joint6,lower,-0.0295074
0.005,2692,5.384,joint4,upper,1.84963
0.005,2692,5.384,joint6,lower,-0.0371359
0.005,2693,5.386,joint4,upper,1.86664
0.005,2693,5.386,joint6,lower,-0.0450008
0.005,2694,5.388,joint4,upper,1.88418
0.005,2694,5.388,joint6,lower,-0.0531116
0.005,2695,5.39,joint4,upper,1.90229
0.005,2695,5.39,joint6,lower,-0.0614785
0.005,2696,5.392,joint2,upper,0.000864319
0.005,2696,5.392,joint4,upper,1.92099
0.005,2696,5.392,joint6,lower,-0.0701119
0.005,2697,5.394,joint2,upper,0.0112612
0.005,2697,5.394,joint4,upper,1.94029
0.005,2697,5.394,joint6,lower,-0.0790226
0.005,2698,5.396,joint2,upper,0.0219924
0.005,2698,5.396,joint4,upper,1.96021
0.005,2698,5.396,joint6,lower,-0.0882138
0.005,2699,5.398,joint2,upper,0.0329913
0.005,2699,5.398,joint4,upper,1.98063
0.005,2699,5.398,joint6,lower,-0.0976277
0.005,2700,5.4,joint2,upper,0.0441873
0.005,2700,5.4,joint4,upper,2.00139
0.005,2700,5.4,joint6,lower,-0.107202
0.005,2701,5.402,joint2,upper,0.055518
0.005,2701,5.402,joint4,upper,2.02241
0.005,2701,5.402,joint6,lower,-0.116884
0.005,2702,5.404,joint2,upper,0.066931
0.005,2702,5.404,joint4,upper,2.04356
0.005,2702,5.404,joint6,lower,-0.126626
0.005,2703,5.406,joint2,upper,0.0783825
0.005,2703,5.406,joint4,upper,2.06477
0.005,2703,5.406,joint6,lower,-0.13639
0.005,2704,5.408,joint2,upper,0.0898456
0.005,2704,5.408,joint4,upper,2.086
0.005,2704,5.408,joint6,lower,-0.146152
0.005,2705,5.41,joint2,upper,0.101268
0.005,2705,5.41,joint4,upper,2.10713
0.005,2705,5.41,joint6,lower,-0.155867
0.005,2706,5.412,joint2,upper,0.112632
0.005,2706,5.412,joint4,upper,2.12815
0.005,2706,5.412,joint6,lower,-0.165519
0.005,2707,5.414,joint2,upper,0.123932
0.005,2707,5.414,joint4,upper,2.14903
0.005,2707,5.414,joint6,lower,-0.175104
0.005,2708,5.416,joint2,upper,0.135164
0.005,2708,5.416,joint4,upper,2.16978
0.005,2708,5.416,joint6,lower,-0.184619
0.005,2709,5.418,joint2,upper,0.146324
0.005,2709,5.418,joint4,upper,2.19038
0.005,2709,5.418,joint6,lower,-0.19406
0.005,2710,5.42,joint2,upper,0.157409
0.005,2710,5.42,joint4,upper,2.21083
0.005,2710,5.42,joint6,lower,-0.203427
0.005,2711,5.422,joint2,upper,0.168418
0.005,2711,5.422,joint4,upper,2.23113
0.005,2711,5.422,joint6,lower,-0.212717
0.005,2712,5.424,joint2,upper,0.179346
0.005,2712,5.424,joint4,upper,2.25127
0.005,2712,5.424,joint6,lower,-0.221928
0.005,2713,5.426,joint2,upper,0.190191
0.005,2713,5.426,joint4,upper,2.27124
0.005,2713,5.426,joint6,lower,-0.231058
0.005,2714,5.428,joint2,upper,0.200951
0.005,2714,5.428,joint4,upper,2.29105
0.005,2714,5.428,joint6,lower,-0.240105
0.005,2715,5.43,joint2,upper,0.211623
0.005,2715,5.43,joint4,upper,2.31068
0.005,2715,5.43,joint6,lower,-0.249068
0.005,2716,5.432,joint2,upper,0.222205
0.005,2716,5.432,joint4,upper,2.33014
0.005,2716,5.432,joint6,lower,-0.257944
0.005,2717,5.434,joint2,upper,0.232693
0.005,2717,5.434,joint4,upper,2.34941
0.005,2717,5.434,joint6,lower,-0.266732
0.005,2718,5.436,joint2,upper,0.243085
0.005,2718,5.436,joint4,upper,2.3685
0.005,2718,5.436,joint6,lower,-0.275431
0.005,2719,5.438,joint2,upper,0.25338
0.005,2719,5.438,joint4,upper,2.3874
0.005,2719,5.438,joint6,lower,-0.284037
0.005,2720,5.44,joint2,upper,0.263574
0.005,2720,5.44,joint4,upper,2.40611
0.005,2720,5.44,joint6,lower,-0.292551
0.005,2721,5.442,joint2,upper,0.273665
0.005,2721,5.442,joint4,upper,2.42462
0.005,2721,5.442,joint6,lower,-0.30097
0.005,2722,5.444,joint2,upper,0.283651
0.005,2722,5.444,joint4,upper,2.44292
0.005,2722,5.444,joint6,lower,-0.309292
0.005,2723,5.446,joint2,upper,0.29353
0.005,2723,5.446,joint4,upper,2.46103
0.005,2723,5.446,joint6,lower,-0.317516
0.005,2724,5.448,joint2,upper,0.303299
0.005,2724,5.448,joint4,upper,2.47892
0.005,2724,5.448,joint6,lower,-0.32564
0.005,2725,5.45,joint2,upper,0.312956
0.005,2725,5.45,joint4,upper,2.4966
0.005,2725,5.45,joint6,lower,-0.333663
0.005,2726,5.452,joint2,upper,0.322499
0.005,2726,5.452,joint4,upper,2.51406
0.005,2726,5.452,joint6,lower,-0.341584
0.005,2727,5.454,joint2,upper,0.331926
0.005,2727,5.454,joint4,upper,2.5313
0.005,2727,5.454,joint6,lower,-0.349401
0.005,2728,5.456,joint2,upper,0.341235
0.005,2728,5.456,joint4,upper,2.54832
0.005,2728,5.456,joint6,lower,-0.357112
0.005,2729,5.458,joint2,upper,0.350423
0.005,2729,5.458,joint4,upper,2.56511
0.005,2729,5.458,joint6,lower,-0.364717
0.005,2730,5.46,joint2,upper,0.35949
0.005,2730,5.46,joint4,upper,2.58168
0.005,2730,5.46,joint6,lower,-0.372213
0.005,2731,5.462,joint2,upper,0.368432
0.005,2731,5.462,joint4,upper,2.598
0.005,2731,5.462,joint6,lower,-0.3796
0.005,2732,5.464,joint2,upper,0.377249
0.005,2732,5.464,joint4,upper,2.6141
0.005,2732,5.464,joint6,lower,-0.386876
0.005,2733,5.466,joint2,upper,0.385937
0.005,2733,5.466,joint4,upper,2.62995
0.005,2733,5.466,joint6,lower,-0.39404
0.005,2734,5.468,joint2,upper,0.394496
0.005,2734,5.468,joint4,upper,2.64556
0.005,2734,5.468,joint6,lower,-0.40109
0.005,2735,5.47,joint2,upper,0.402923
0.005,2735,5.47,joint4,upper,2.66092
0.005,2735,5.47,joint6,lower,-0.408027
0.005,2736,5.472,joint2,upper,0.411217
0.005,2736,5.472,joint4,upper,2.67603
0.005,2736,5.472,joint6,lower,-0.414847
0.005,2737,5.474,joint2,upper,0.419377
0.005,2737,5.474,joint4,upper,2.6909
0.005,2737,5.474,joint6,lower,-0.421551
0.005,2738,5.476,joint2,upper,0.427399
0.005,2738,5.476,joint4,upper,2.7055
0.005,2738,5.476,joint6,lower,-0.428138
0.005,2739,5.478,joint2,upper,0.435284
0.005,2739,5.478,joint4,upper,2.71985
0.005,2739,5.478,joint6,lower,-0.434605
0.005,2740,5.48,joint2,upper,0.443028
0.005,2740,5.48,joint4,upper,2.73395
0.005,2740,5.48,joint6,lower,-0.440952
0.005,2741,5.482,joint2,upper,0.450632
0.005,2741,5.482,joint4,upper,2.74777
0.005,2741,5.482,joint6,lower,-0.447178
0.005,2742,5.484,joint2,upper,0.458092
0.005,2742,5.484,joint4,upper,2.76134
0.005,2742,5.484,joint6,lower,-0.453282
0.005,2743,5.486,joint2,upper,0.465409
0.005,2743,5.486,joint4,upper,2.77464
0.005,2743,5.486,joint6,lower,-0.459264
0.005,2744,5.488,joint2,upper,0.472579
0.005,2744,5.488,joint4,upper,2.78766
0.005,2744,5.488,joint6,lower,-0.465121
0.005,2745,5.49,joint2,upper,0.479603
0.005,2745,5.49,joint4,upper,2.80042
0.005,2745,5.49,joint6,lower,-0.470854
0.005,2746,5.492,joint2,upper,0.486478
0.005,2746,5.492,joint4,upper,2.8129
0.005,2746,5.492,joint6,lower,-0.476461
0.005,2747,5.494,joint2,upper,0.493203
0.005,2747,5.494,joint4,upper,2.8251
0.005,2747,5.494,joint6,lower,-0.481942
0.005,2748,5.496,joint2,upper,0.499777
0.005,2748,5.496,joint4,upper,2.83703
0.005,2748,5.496,joint6,lower,-0.487295
0.005,2749,5.498,joint2,upper,0.506199
0.005,2749,5.498,joint4,upper,2.84868
0.005,2749,5.498,joint6,lower,-0.49252
0.005,2750,5.5,joint2,upper,0.512468
0.005,2750,5.5,joint4,upper,2.86004
0.005,2750,5.5,joint6,lower,-0.497616
0.005,2751,5.502,joint2,upper,0.518582
0.005,2751,5.502,joint4,upper,2.87112
0.005,2751,5.502,joint6,lower,-0.502583
0.005,2752,5.504,joint2,upper,0.524541
0.005,2752,5.504,joint4,upper,2.88192
0.005,2752,5.504,joint6,lower,-0.507419
0.005,2753,5.506,joint2,upper,0.530343
0.005,2753,5.506,joint4,upper,2.89242
0.005,2753,5.506,joint6,lower,-0.512125
0.005,2754,5.508,joint2,upper,0.535987
0.005,2754,5.508,joint4,upper,2.90264
0.005,2754,5.508,joint6,lower,-0.516699
0.005,2755,5.51,joint2,upper,0.541472
0.005,2755,5.51,joint4,upper,2.91257
0.005,2755,5.51,joint6,lower,-0.52114
0.005,2756,5.512,joint2,upper,0.546798
0.005,2756,5.512,joint4,upper,2.9222
0.005,2756,5.512,joint6,lower,-0.525449
0.005,2757,5.514,joint2,upper,0.551962
0.005,2757,5.514,joint4,upper,2.93154
0.005,2757,5.514,joint6,lower,-0.529624
0.005,2758,5.516,joint2,upper,0.556966
0.005,2758,5.516,joint4,upper,2.94059
0.005,2758,5.516,joint6,lower,-0.533666
0.005,2759,5.518,joint2,upper,0.561807
0.005,2759,5.518,joint4,upper,2.94933
0.005,2759,5.518,joint6,lower,-0.537573
0.005,2760,5.52,joint2,upper,0.566485
0.005,2760,5.52,joint4,upper,2.95778
0.005,2760,5.52,joint6,lower,-0.541344
0.005,2761,5.522,joint2,upper,0.570999
0.005,2761,5.522,joint4,upper,2.96593
0.005,2761,5.522,joint6,lower,-0.544981
0.005,2762,5.524,joint2,upper,0.575349
0.005,2762,5.524,joint4,upper,2.97378
0.005,2762,5.524,joint6,lower,-0.548481
0.005,2763,5.526,joint2,upper,0.579533
0.005,2763,5.526,joint4,upper,2.98133
0.005,2763,5.526,joint6,lower,-0.551845
0.005,2764,5.528,joint2,upper,0.583551
0.005,2764,5.528,joint4,upper,2.98857
0.005,2764,5.528,joint6,lower,-0.555073
0.005,2765,5.53,joint2,upper,0.587403
0.005,2765,5.53,joint4,upper,2.99552
0.005,2765,5.53,joint6,lower,-0.558163
0.005,2766,5.532,joint2,upper,0.591087
0.005,2766,5.532,joint4,upper,3.00215
0.005,2766,5.532,joint6,lower,-0.561116
0.005,2767,5.534,joint2,upper,0.594584
0.005,2767,5.534,joint4,upper,3.00845
0.005,2767,5.534,joint6,lower,-0.563914
0.005,2768,5.536,joint2,upper,0.597933
0.005,2768,5.536,joint4,upper,3.01447
0.005,2768,5.536,joint6,lower,-0.56659
0.005,2769,5.538,joint2,upper,0.601154
0.005,2769,5.538,joint4,upper,3.02026
0.005,2769,5.538,joint6,lower,-0.569161
0.005,2770,5.54,joint2,upper,0.604262
0.005,2770,5.54,joint4,upper,3.02585
0.005,2770,5.54,joint6,lower,-0.571638
0.005,2771,5.542,joint2,upper,0.607267
0.005,2771,5.542,joint4,upper,3.03125
0.005,2771,5.542,joint6,lower,-0.574032
0.005,2772,5.544,joint2,upper,0.609636
0.005,2772,5.544,joint4,upper,3.03549
0.005,2772,5.544,joint6,lower,-0.575909
0.005,2773,5.546,joint2,upper,0.611467
0.005,2773,5.546,joint4,upper,3.03876
0.005,2773,5.546,joint6,lower,-0.577349
0.005,2774,5.548,joint2,upper,0.612823
0.005,2774,5.548,joint4,upper,3.04118
0.005,2774,5.548,joint6,lower,-0.578406
0.005,2775,5.55,joint2,upper,0.613764
0.005,2775,5.55,joint4,upper,3.04284
0.005,2775,5.55,joint6,lower,-0.579128
0.005,2776,5.552,joint2,upper,0.61435
0.005,2776,5.552,joint4,upper,3.04386
0.005,2776,5.552,joint6,lower,-0.579565
0.005,2777,5.554,joint2,upper,0.614633
0.005,2777,5.554,joint4,upper,3.04434
0.005,2777,5.554,joint6,lower,-0.57976
0.005,2778,5.556,joint2,upper,0.614659
0.005,2778,5.556,joint4,upper,3.04436
0.005,2778,5.556,joint6,lower,-0.57975
0.005,2779,5.558,joint2,upper,0.614471
0.005,2779,5.558,joint4,upper,3.04399
0.005,2779,5.558,joint6,lower,-0.579568
0.005,2780,5.56,joint2,upper,0.614103
0.005,2780,5.56,joint4,upper,3.0433
0.005,2780,5.56,joint6,lower,-0.579245
0.005,2781,5.562,joint2,upper,0.613589
0.005,2781,5.562,joint4,upper,3.04234
0.005,2781,5.562,joint6,lower,-0.578804
0.005,2782,5.564,joint2,upper,0.612955
0.005,2782,5.564,joint4,upper,3.04117
0.005,2782,5.564,joint6,lower,-0.578268
0.005,2783,5.566,joint2,upper,0.612227
0.005,2783,5.566,joint4,upper,3.03983
0.005,2783,5.566,joint6,lower,-0.577657
0.005,2784,5.568,joint2,upper,0.611425
0.005,2784,5.568,joint4,upper,3.03836
0.005,2784,5.568,joint6,lower,-0.576987
0.005,2785,5.57,joint2,upper,0.610568
0.005,2785,5.57,joint4,upper,3.03679
0.005,2785,5.57,joint6,lower,-0.576273
0.005,2786,5.572,joint2,upper,0.609671
0.005,2786,5.572,joint4,upper,3.03515
0.005,2786,5.572,joint6,lower,-0.575527
0.005,2787,5.574,joint2,upper,0.608748
0.005,2787,5.574,joint4,upper,3.03346
0.005,2787,5.574,joint6,lower,-0.574759
0.005,2788,5.576,joint2,upper,0.607811
0.005,2788,5.576,joint4,upper,3.03174
0.005,2788,5.576,joint6,lower,-0.573978
0.005,2789,5.578,joint2,upper,0.606868
0.005,2789,5.578,joint4,upper,3.03001
0.005,2789,5.578,joint6,lower,-0.573193
0.005,2790,5.58,joint2,upper,0.605929
0.005,2790,5.58,joint4,upper,3.02829
0.005,2790,5.58,joint6,lower,-0.572409
0.005,2791,5.582,joint2,upper,0.604999
0.005,2791,5.582,joint4,upper,3.02658
0.005,2791,5.582,joint6,lower,-0.571632
0.005,2792,5.584,joint2,upper,0.604085
0.005,2792,5.584,joint4,upper,3.0249
0.005,2792,5.584,joint6,lower,-0.570865
0.005,2793,5.586,joint2,upper,0.60319
0.005,2793,5.586,joint4,upper,3.02325
0.005,2793,5.586,joint6,lower,-0.570112
0.005,2794,5.588,joint2,upper,0.602319
0.005,2794,5.588,joint4,upper,3.02165
0.005,2794,5.588,joint6,lower,-0.569377
0.005,2795,5.59,joint2,upper,0.601473
0.005,2795,5.59,joint4,upper,3.02008
0.005,2795,5.59,joint6,lower,-0.568661
0.005,2796,5.592,joint2,upper,0.600655
0.005,2796,5.592,joint4,upper,3.01857
0.005,2796,5.592,joint6,lower,-0.567966
0.005,2797,5.594,joint2,upper,0.599866
0.005,2797,5.594,joint4,upper,3.01711
0.005,2797,5.594,joint6,lower,-0.567292
0.005,2798,5.596,joint2,upper,0.599108
0.005,2798,5.596,joint4,upper,3.0157
0.005,2798,5.596,joint6,lower,-0.566642
0.005,2799,5.598,joint2,upper,0.598381
0.005,2799,5.598,joint4,upper,3.01435
0.005,2799,5.598,joint6,lower,-0.566015
0.005,2800,5.6,joint2,upper,0.597685
0.005,2800,5.6,joint4,upper,3.01305
0.005,2800,5.6,joint6,lower,-0.565412
0.005,2801,5.602,joint2,upper,0.59702
0.005,2801,5.602,joint4,upper,3.0118
0.005,2801,5.602,joint6,lower,-0.564832
0.005,2802,5.604,joint2,upper,0.596386
0.005,2802,5.604,joint4,upper,3.01061
0.005,2802,5.604,joint6,lower,-0.564276
0.005,2803,5.606,joint2,upper,0.595784
0.005,2803,5.606,joint4,upper,3.00948
0.005,2803,5.606,joint6,lower,-0.563744
0.005,2804,5.608,joint2,upper,0.595211
0.005,2804,5.608,joint4,upper,3.0084
0.005,2804,5.608,joint6,lower,-0.563235
0.005,2805,5.61,joint2,upper,0.59467
0.005,2805,5.61,joint4,upper,3.00737
0.005,2805,5.61,joint6,lower,-0.562749
0.005,2806,5.612,joint2,upper,0.594158
0.005,2806,5.612,joint4,upper,3.0064
0.005,2806,5.612,joint6,lower,-0.562286
0.005,2807,5.614,joint2,upper,0.593677
0.005,2807,5.614,joint4,upper,3.00547
0.005,2807,5.614,joint6,lower,-0.561847
0.005,2808,5.616,joint2,upper,0.593225
0.005,2808,5.616,joint4,upper,3.00461
0.005,2808,5.616,joint6,lower,-0.56143
0.005,2809,5.618,joint2,upper,0.592817
0.005,2809,5.618,joint4,upper,3.00382
0.005,2809,5.618,joint6,lower,-0.561048
0.005,2810,5.62,joint2,upper,0.592453
0.005,2810,5.62,joint4,upper,3.0031
0.005,2810,5.62,joint6,lower,-0.560699
0.005,2811,5.622,joint2,upper,0.592131
0.005,2811,5.622,joint4,upper,3.00247
0.005,2811,5.622,joint6,lower,-0.560384
0.005,2812,5.624,joint2,upper,0.591848
0.005,2812,5.624,joint4,upper,3.0019
0.005,2812,5.624,joint6,lower,-0.5601
0.005,2813,5.626,joint2,upper,0.591606
0.005,2813,5.626,joint4,upper,3.00141
0.005,2813,5.626,joint6,lower,-0.559848
0.005,2814,5.628,joint2,upper,0.591401
0.005,2814,5.628,joint4,upper,3.00098
0.005,2814,5.628,joint6,lower,-0.559626
0.005,2815,5.63,joint2,upper,0.591233
0.005,2815,5.63,joint4,upper,3.00062
0.005,2815,5.63,joint6,lower,-0.559434
0.005,2816,5.632,joint2,upper,0.591099
0.005,2816,5.632,joint4,upper,3.00032
0.005,2816,5.632,joint6,lower,-0.559269
0.005,2817,5.634,joint2,upper,0.590999
0.005,2817,5.634,joint4,upper,3.00008
0.005,2817,5.634,joint6,lower,-0.559131
0.005,2818,5.636,joint2,upper,0.59093
0.005,2818,5.636,joint4,upper,2.9999
0.005,2818,5.636,joint6,lower,-0.559018
0.005,2819,5.638,joint2,upper,0.59089
0.005,2819,5.638,joint4,upper,2.99977
0.005,2819,5.638,joint6,lower,-0.558928
0.005,2820,5.64,joint2,upper,0.590877
0.005,2820,5.64,joint4,upper,2.99969
0.005,2820,5.64,joint6,lower,-0.558862
0.005,2821,5.642,joint2,upper,0.590891
0.005,2821,5.642,joint4,upper,2.99966
0.005,2821,5.642,joint6,lower,-0.558816
0.005,2822,5.644,joint2,upper,0.590929
0.005,2822,5.644,joint4,upper,2.99967
0.005,2822,5.644,joint6,lower,-0.558791
0.005,2823,5.646,joint2,upper,0.59099
0.005,2823,5.646,joint4,upper,2.99973
0.005,2823,5.646,joint6,lower,-0.558785
0.005,2824,5.648,joint2,upper,0.591072
0.005,2824,5.648,joint4,upper,2.99982
0.005,2824,5.648,joint6,lower,-0.558796
0.005,2825,5.65,joint2,upper,0.591174
0.005,2825,5.65,joint4,upper,2.99995
0.005,2825,5.65,joint6,lower,-0.558823
0.005,2826,5.652,joint2,upper,0.591295
0.005,2826,5.652,joint4,upper,3.00011
0.005,2826,5.652,joint6,lower,-0.558866
0.005,2827,5.654,joint2,upper,0.591432
0.005,2827,5.654,joint4,upper,3.00031
0.005,2827,5.654,joint6,lower,-0.558923
0.005,2828,5.656,joint2,upper,0.591585
0.005,2828,5.656,joint4,upper,3.00053
0.005,2828,5.656,joint6,lower,-0.558993
0.005,2829,5.658,joint2,upper,0.591752
0.005,2829,5.658,joint4,upper,3.00078
0.005,2829,5.658,joint6,lower,-0.559075
0.005,2830,5.66,joint2,upper,0.591933
0.005,2830,5.66,joint4,upper,3.00106
0.005,2830,5.66,joint6,lower,-0.559169
0.005,2831,5.662,joint2,upper,0.592126
0.005,2831,5.662,joint4,upper,3.00135
0.005,2831,5.662,joint6,lower,-0.559273
0.005,2832,5.664,joint2,upper,0.59233
0.005,2832,5.664,joint4,upper,3.00167
0.005,2832,5.664,joint6,lower,-0.559387
0.005,2833,5.666,joint2,upper,0.592544
0.005,2833,5.666,joint4,upper,3.00201
0.005,2833,5.666,joint6,lower,-0.559509
0.005,2834,5.668,joint2,upper,0.592768
0.005,2834,5.668,joint4,upper,3.00236
0.005,2834,5.668,joint6,lower,-0.55964
0.005,2835,5.67,joint2,upper,0.593
0.005,2835,5.67,joint4,upper,3.00273
0.005,2835,5.67,joint6,lower,-0.559778
0.005,2836,5.672,joint2,upper,0.59324
0.005,2836,5.672,joint4,upper,3.00312
0.005,2836,5.672,joint6,lower,-0.559923
0.005,2837,5.674,joint2,upper,0.593487
0.005,2837,5.674,joint4,upper,3.00352
0.005,2837,5.674,joint6,lower,-0.560074
0.005,2838,5.676,joint2,upper,0.59374
0.005,2838,5.676,joint4,upper,3.00393
0.005,2838,5.676,joint6,lower,-0.560231
0.005,2839,5.678,joint2,upper,0.593999
0.005,2839,5.678,joint4,upper,3.00435
0.005,2839,5.678,joint6,lower,-0.560393
0.005,2840,5.68,joint2,upper,0.594263
0.005,2840,5.68,joint4,upper,3.00478
0.005,2840,5.68,joint6,lower,-0.56056
0.005,2841,5.682,joint2,upper,0.594532
0.005,2841,5.682,joint4,upper,3.00522
0.005,2841,5.682,joint6,lower,-0.560731
0.005,2842,5.684,joint2,upper,0.594805
0.005,2842,5.684,joint4,upper,3.00567
0.005,2842,5.684,joint6,lower,-0.560905
0.005,2843,5.686,joint2,upper,0.595081
0.005,2843,5.686,joint4,upper,3.00612
0.005,2843,5.686,joint6,lower,-0.561083
0.005,2844,5.688,joint2,upper,0.59536
0.005,2844,5.688,joint4,upper,3.00659
0.005,2844,5.688,joint6,lower,-0.561264
0.005,2845,5.69,joint2,upper,0.595643
0.005,2845,5.69,joint4,upper,3.00705
0.005,2845,5.69,joint6,lower,-0.561448
0.005,2846,5.692,joint2,upper,0.595927
0.005,2846,5.692,joint4,upper,3.00752
0.005,2846,5.692,joint6,lower,-0.561634
0.005,2847,5.694,joint2,upper,0.596214
0.005,2847,5.694,joint4,upper,3.008
0.005,2847,5.694,joint6,lower,-0.561822
0.005,2848,5.696,joint2,upper,0.596503
0.005,2848,5.696,joint4,upper,3.00848
0.005,2848,5.696,joint6,lower,-0.562012
0.005,2849,5.698,joint2,upper,0.596793
0.005,2849,5.698,joint4,upper,3.00896
0.005,2849,5.698,joint6,lower,-0.562204
0.005,2850,5.7,joint2,upper,0.597084
0.005,2850,5.7,joint4,upper,3.00944
0.005,2850,5.7,joint6,lower,-0.562396
0.005,2851,5.702,joint2,upper,0.597376
0.005,2851,5.702,joint4,upper,3.00993
0.005,2851,5.702,joint6,lower,-0.56259
0.005,2852,5.704,joint2,upper,0.597669
0.005,2852,5.704,joint4,upper,3.01042
0.005,2852,5.704,joint6,lower,-0.562785
0.005,2853,5.706,joint2,upper,0.597962
0.005,2853,5.706,joint4,upper,3.01091
0.005,2853,5.706,joint6,lower,-0.562981
0.005,2854,5.708,joint2,upper,0.598256
0.005,2854,5.708,joint4,upper,3.0114
0.005,2854,5.708,joint6,lower,-0.563177
0.005,2855,5.71,joint2,upper,0.598546
0.005,2855,5.71,joint4,upper,3.01189
0.005,2855,5.71,joint6,lower,-0.563371
0.005,2856,5.712,joint2,upper,0.598833
0.005,2856,5.712,joint4,upper,3.01236
0.005,2856,5.712,joint6,lower,-0.563563
0.005,2857,5.714,joint2,upper,0.599115
0.005,2857,5.714,joint4,upper,3.01284
0.005,2857,5.714,joint6,lower,-0.563753
0.005,2858,5.716,joint2,upper,0.599393
0.005,2858,5.716,joint4,upper,3.0133
0.005,2858,5.716,joint6,lower,-0.56394
0.005,2859,5.718,joint2,upper,0.599668
0.005,2859,5.718,joint4,upper,3.01376
0.005,2859,5.718,joint6,lower,-0.564124
0.005,2860,5.72,joint2,upper,0.599939
0.005,2860,5.72,joint4,upper,3.01422
0.005,2860,5.72,joint6,lower,-0.564306
0.005,2861,5.722,joint2,upper,0.600207
0.005,2861,5.722,joint4,upper,3.01467
0.005,2861,5.722,joint6,lower,-0.564487
0.005,2862,5.724,joint2,upper,0.600473
0.005,2862,5.724,joint4,upper,3.01511
0.005,2862,5.724,joint6,lower,-0.564665
0.005,2863,5.726,joint2,upper,0.600736
0.005,2863,5.726,joint4,upper,3.01555
0.005,2863,5.726,joint6,lower,-0.564842
0.005,2864,5.728,joint2,upper,0.600998
0.005,2864,5.728,joint4,upper,3.01599
0.005,2864,5.728,joint6,lower,-0.565017
0.005,2865,5.73,joint2,upper,0.601257
0.005,2865,5.73,joint4,upper,3.01642
0.005,2865,5.73,joint6,lower,-0.565191
0.005,2866,5.732,joint2,upper,0.601515
0.005,2866,5.732,joint4,upper,3.01686
0.005,2866,5.732,joint6,lower,-0.565364
0.005,2867,5.734,joint2,upper,0.601772
0.005,2867,5.734,joint4,upper,3.01729
0.005,2867,5.734,joint6,lower,-0.565536
0.005,2868,5.736,joint2,upper,0.602027
0.005,2868,5.736,joint4,upper,3.01771
0.005,2868,5.736,joint6,lower,-0.565707
0.005,2869,5.738,joint2,upper,0.602282
0.005,2869,5.738,joint4,upper,3.01814
0.005,2869,5.738,joint6,lower,-0.565878
0.005,2870,5.74,joint2,upper,0.602535
0.005,2870,5.74,joint4,upper,3.01856
0.005,2870,5.74,joint6,lower,-0.566047
0.005,2871,5.742,joint2,upper,0.602787
0.005,2871,5.742,joint4,upper,3.01898
0.005,2871,5.742,joint6,lower,-0.566215
0.005,2872,5.744,joint2,upper,0.603038
0.005,2872,5.744,joint4,upper,3.0194
0.005,2872,5.744,joint6,lower,-0.566383
0.005,2873,5.746,joint2,upper,0.603288
0.005,2873,5.746,joint4,upper,3.01982
0.005,2873,5.746,joint6,lower,-0.56655
0.005,2874,5.748,joint2,upper,0.603537
0.005,2874,5.748,joint4,upper,3.02024
0.005,2874,5.748,joint6,lower,-0.566716
0.005,2875,5.75,joint2,upper,0.603785
0.005,2875,5.75,joint4,upper,3.02065
0.005,2875,5.75,joint6,lower,-0.566881
0.005,2876,5.752,joint2,upper,0.604032
0.005,2876,5.752,joint4,upper,3.02106
0.005,2876,5.752,joint6,lower,-0.567046
0.005,2877,5.754,joint2,upper,0.604278
0.005,2877,5.754,joint4,upper,3.02147
0.005,2877,5.754,joint6,lower,-0.567209
0.005,2878,5.756,joint2,upper,0.604522
0.005,2878,5.756,joint4,upper,3.02188
0.005,2878,5.756,joint6,lower,-0.567372
0.005,2879,5.758,joint2,upper,0.604765
0.005,2879,5.758,joint4,upper,3.02229
0.005,2879,5.758,joint6,lower,-0.567534
0.005,2880,5.76,joint2,upper,0.605008
0.005,2880,5.76,joint4,upper,3.02269
0.005,2880,5.76,joint6,lower,-0.567696
0.005,2881,5.762,joint2,upper,0.605248
0.005,2881,5.762,joint4,upper,3.02309
0.005,2881,5.762,joint6,lower,-0.567856
0.005,2882,5.764,joint2,upper,0.605488
0.005,2882,5.764,joint4,upper,3.02349
0.005,2882,5.764,joint6,lower,-0.568015
0.005,2883,5.766,joint2,upper,0.605726
0.005,2883,5.766,joint4,upper,3.02389
0.005,2883,5.766,joint6,lower,-0.568174
0.005,2884,5.768,joint2,upper,0.605963
0.005,2884,5.768,joint4,upper,3.02429
0.005,2884,5.768,joint6,lower,-0.568331
0.005,2885,5.77,joint2,upper,0.606198
0.005,2885,5.77,joint4,upper,3.02468
0.005,2885,5.77,joint6,lower,-0.568487
0.005,2886,5.772,joint2,upper,0.606431
0.005,2886,5.772,joint4,upper,3.02507
0.005,2886,5.772,joint6,lower,-0.568643
0.005,2887,5.774,joint2,upper,0.606663
0.005,2887,5.774,joint4,upper,3.02545
0.005,2887,5.774,joint6,lower,-0.568797
0.005,2888,5.776,joint2,upper,0.606894
0.005,2888,5.776,joint4,upper,3.02584
0.005,2888,5.776,joint6,lower,-0.56895
0.005,2889,5.778,joint2,upper,0.607122
0.005,2889,5.778,joint4,upper,3.02622
0.005,2889,5.778,joint6,lower,-0.569101
0.005,2890,5.78,joint2,upper,0.607349
0.005,2890,5.78,joint4,upper,3.0266
0.005,2890,5.78,joint6,lower,-0.569252
0.005,2891,5.782,joint2,upper,0.607573
0.005,2891,5.782,joint4,upper,3.02697
0.005,2891,5.782,joint6,lower,-0.569401
0.005,2892,5.784,joint2,upper,0.607796
0.005,2892,5.784,joint4,upper,3.02734
0.005,2892,5.784,joint6,lower,-0.569549
0.005,2893,5.786,joint2,upper,0.608017
0.005,2893,5.786,joint4,upper,3.02771
0.005,2893,5.786,joint6,lower,-0.569695
0.005,2894,5.788,joint2,upper,0.608236
0.005,2894,5.788,joint4,upper,3.02807
0.005,2894,5.788,joint6,lower,-0.56984
0.005,2895,5.79,joint2,upper,0.608453
0.005,2895,5.79,joint4,upper,3.02844
0.005,2895,5.79,joint6,lower,-0.569984
0.005,2896,5.792,joint2,upper,0.608667
0.005,2896,5.792,joint4,upper,3.02879
0.005,2896,5.792,joint6,lower,-0.570126
0.005,2897,5.794,joint2,upper,0.60888
0.005,2897,5.794,joint4,upper,3.02915
0.005,2897,5.794,joint6,lower,-0.570266
0.005,2898,5.796,joint2,upper,0.609091
0.005,2898,5.796,joint4,upper,3.0295
0.005,2898,5.796,joint6,lower,-0.570406
0.005,2899,5.798,joint2,upper,0.609299
0.005,2899,5.798,joint4,upper,3.02984
0.005,2899,5.798,joint6,lower,-0.570543
0.005,2900,5.8,joint2,upper,0.609505
0.005,2900,5.8,joint4,upper,3.03019
0.005,2900,5.8,joint6,lower,-0.57068
0.005,2901,5.802,joint2,upper,0.609709
0.005,2901,5.802,joint4,upper,3.03053
0.005,2901,5.802,joint6,lower,-0.570814
0.005,2902,5.804,joint2,upper,0.609911
0.005,2902,5.804,joint4,upper,3.03086
0.005,2902,5.804,joint6,lower,-0.570947
0.005,2903,5.806,joint2,upper,0.610111
0.005,2903,5.806,joint4,upper,3.03119
0.005,2903,5.806,joint6,lower,-0.571079
0.005,2904,5.808,joint2,upper,0.610308
0.005,2904,5.808,joint4,upper,3.03152
0.005,2904,5.808,joint6,lower,-0.571209
0.005,2905,5.81,joint2,upper,0.610504
0.005,2905,5.81,joint4,upper,3.03184
0.005,2905,5.81,joint6,lower,-0.571338
0.005,2906,5.812,joint2,upper,0.610697
0.005,2906,5.812,joint4,upper,3.03217
0.005,2906,5.812,joint6,lower,-0.571465
0.005,2907,5.814,joint2,upper,0.610888
0.005,2907,5.814,joint4,upper,3.03248
0.005,2907,5.814,joint6,lower,-0.57159
0.005,2908,5.816,joint2,upper,0.611077
0.005,2908,5.816,joint4,upper,3.03279
0.005,2908,5.816,joint6,lower,-0.571714
0.005,2909,5.818,joint2,upper,0.611264
0.005,2909,5.818,joint4,upper,3.0331
0.005,2909,5.818,joint6,lower,-0.571837
0.005,2910,5.82,joint2,upper,0.611448
0.005,2910,5.82,joint4,upper,3.03341
0.005,2910,5.82,joint6,lower,-0.571958
0.005,2911,5.822,joint2,upper,0.611631
0.005,2911,5.822,joint4,upper,3.03371
0.005,2911,5.822,joint6,lower,-0.572077
0.005,2912,5.824,joint2,upper,0.611811
0.005,2912,5.824,joint4,upper,3.03401
0.005,2912,5.824,joint6,lower,-0.572195
0.005,2913,5.826,joint2,upper,0.61199
0.005,2913,5.826,joint4,upper,3.03431
0.005,2913,5.826,joint6,lower,-0.572312
0.005,2914,5.828,joint2,upper,0.612166
0.005,2914,5.828,joint4,upper,3.0346
0.005,2914,5.828,joint6,lower,-0.572427
0.005,2915,5.83,joint2,upper,0.61234
0.005,2915,5.83,joint4,upper,3.03488
0.005,2915,5.83,joint6,lower,-0.57254
0.005,2916,5.832,joint2,upper,0.612512
0.005,2916,5.832,joint4,upper,3.03517
0.005,2916,5.832,joint6,lower,-0.572652
0.005,2917,5.834,joint2,upper,0.612682
0.005,2917,5.834,joint4,upper,3.03545
0.005,2917,5.834,joint6,lower,-0.572763
0.005,2918,5.836,joint2,upper,0.612849
0.005,2918,5.836,joint4,upper,3.03572
0.005,2918,5.836,joint6,lower,-0.572872
0.005,2919,5.838,joint2,upper,0.613015
0.005,2919,5.838,joint4,upper,3.036
0.005,2919,5.838,joint6,lower,-0.57298
0.005,2920,5.84,joint2,upper,0.613179
0.005,2920,5.84,joint4,upper,3.03627
0.005,2920,5.84,joint6,lower,-0.573086
0.005,2921,5.842,joint2,upper,0.613341
0.005,2921,5.842,joint4,upper,3.03653
0.005,2921,5.842,joint6,lower,-0.573191
0.005,2922,5.844,joint2,upper,0.613501
0.005,2922,5.844,joint4,upper,3.0368
0.005,2922,5.844,joint6,lower,-0.573294
0.005,2923,5.846,joint2,upper,0.613658
0.005,2923,5.846,joint4,upper,3.03706
0.005,2923,5.846,joint6,lower,-0.573396
0.005,2924,5.848,joint2,upper,0.613814
0.005,2924,5.848,joint4,upper,3.03731
0.005,2924,5.848,joint6,lower,-0.573497
0.005,2925,5.85,joint2,upper,0.613968
0.005,2925,5.85,joint4,upper,3.03757
0.005,2925,5.85,joint6,lower,-0.573596
0.005,2926,5.852,joint2,upper,0.61412
0.005,2926,5.852,joint4,upper,3.03781
0.005,2926,5.852,joint6,lower,-0.573694
0.005,2927,5.854,joint2,upper,0.61427
0.005,2927,5.854,joint4,upper,3.03806
0.005,2927,5.854,joint6,lower,-0.57379
0.005,2928,5.856,joint2,upper,0.614418
0.005,2928,5.856,joint4,upper,3.0383
0.005,2928,5.856,joint6,lower,-0.573885
0.005,2929,5.858,joint2,upper,0.614564
0.005,2929,5.858,joint4,upper,3.03854
0.005,2929,5.858,joint6,lower,-0.573979
0.005,2930,5.86,joint2,upper,0.614708
0.005,2930,5.86,joint4,upper,3.03878
0.005,2930,5.86,joint6,lower,-0.574071
0.005,2931,5.862,joint2,upper,0.61485
0.005,2931,5.862,joint4,upper,3.03901
0.005,2931,5.862,joint6,lower,-0.574162
0.005,2932,5.864,joint2,upper,0.614992
0.005,2932,5.864,joint4,upper,3.03924
0.005,2932,5.864,joint6,lower,-0.574252
0.005,2933,5.866,joint2,upper,0.615132
0.005,2933,5.866,joint4,upper,3.03947
0.005,2933,5.866,joint6,lower,-0.574341
0.005,2934,5.868,joint2,upper,0.615271
0.005,2934,5.868,joint4,upper,3.0397
0.005,2934,5.868,joint6,lower,-0.574427
0.005,2935,5.87,joint2,upper,0.615406
0.005,2935,5.87,joint4,upper,3.03991
0.005,2935,5.87,joint6,lower,-0.574511
0.005,2936,5.872,joint2,upper,0.615539
0.005,2936,5.872,joint4,upper,3.04013
0.005,2936,5.872,joint6,lower,-0.574592
0.005,2937,5.874,joint2,upper,0.615668
0.005,2937,5.874,joint4,upper,3.04034
0.005,2937,5.874,joint6,lower,-0.574671
0.005,2938,5.876,joint2,upper,0.615794
0.005,2938,5.876,joint4,upper,3.04054
0.005,2938,5.876,joint6,lower,-0.574748
0.005,2939,5.878,joint2,upper,0.615917
0.005,2939,5.878,joint4,upper,3.04074
0.005,2939,5.878,joint6,lower,-0.574822
0.005,2940,5.88,joint2,upper,0.616037
0.005,2940,5.88,joint4,upper,3.04093
0.005,2940,5.88,joint6,lower,-0.574894
0.005,2941,5.882,joint2,upper,0.616154
0.005,2941,5.882,joint4,upper,3.04111
0.005,2941,5.882,joint6,lower,-0.574964
0.005,2942,5.884,joint2,upper,0.616269
0.005,2942,5.884,joint4,upper,3.0413
0.005,2942,5.884,joint6,lower,-0.575032
0.005,2943,5.886,joint2,upper,0.616381
0.005,2943,5.886,joint4,upper,3.04147
0.005,2943,5.886,joint6,lower,-0.575098
0.005,2944,5.888,joint2,upper,0.61649
0.005,2944,5.888,joint4,upper,3.04165
0.005,2944,5.888,joint6,lower,-0.575163
0.005,2945,5.89,joint2,upper,0.616597
0.005,2945,5.89,joint4,upper,3.04182
0.005,2945,5.89,joint6,lower,-0.575226
0.005,2946,5.892,joint2,upper,0.616702
0.005,2946,5.892,joint4,upper,3.04198
0.005,2946,5.892,joint6,lower,-0.575288
0.005,2947,5.894,joint2,upper,0.616805
0.005,2947,5.894,joint4,upper,3.04215
0.005,2947,5.894,joint6,lower,-0.575348
0.005,2948,5.896,joint2,upper,0.616905
0.005,2948,5.896,joint4,upper,3.04231
0.005,2948,5.896,joint6,lower,-0.575407
0.005,2949,5.898,joint2,upper,0.617003
0.005,2949,5.898,joint4,upper,3.04246
0.005,2949,5.898,joint6,lower,-0.575464
0.005,2950,5.9,joint2,upper,0.617099
0.005,2950,5.9,joint4,upper,3.04261
0.005,2950,5.9,joint6,lower,-0.575521
0.005,2951,5.902,joint2,upper,0.617194
0.005,2951,5.902,joint4,upper,3.04276
0.005,2951,5.902,joint6,lower,-0.575576
0.005,2952,5.904,joint2,upper,0.617286
0.005,2952,5.904,joint4,upper,3.04291
0.005,2952,5.904,joint6,lower,-0.57563
0.005,2953,5.906,joint2,upper,0.617376
0.005,2953,5.906,joint4,upper,3.04305
0.005,2953,5.906,joint6,lower,-0.575683
0.005,2954,5.908,joint2,upper,0.617465
0.005,2954,5.908,joint4,upper,3.04319
0.005,2954,5.908,joint6,lower,-0.575734
0.005,2955,5.91,joint2,upper,0.617552
0.005,2955,5.91,joint4,upper,3.04333
0.005,2955,5.91,joint6,lower,-0.575785
0.005,2956,5.912,joint2,upper,0.617636
0.005,2956,5.912,joint4,upper,3.04346
0.005,2956,5.912,joint6,lower,-0.575835
0.005,2957,5.914,joint2,upper,0.617719
0.005,2957,5.914,joint4,upper,3.04359
0.005,2957,5.914,joint6,lower,-0.575883
0.005,2958,5.916,joint2,upper,0.6178
0.005,2958,5.916,joint4,upper,3.04372
0.005,2958,5.916,joint6,lower,-0.575931
0.005,2959,5.918,joint2,upper,0.617879
0.005,2959,5.918,joint4,upper,3.04385
0.005,2959,5.918,joint6,lower,-0.575977
0.005,2960,5.92,joint2,upper,0.617957
0.005,2960,5.92,joint4,upper,3.04397
0.005,2960,5.92,joint6,lower,-0.576022
0.005,2961,5.922,joint2,upper,0.618032
0.005,2961,5.922,joint4,upper,3.04409
0.005,2961,5.922,joint6,lower,-0.576067
0.005,2962,5.924,joint2,upper,0.618106
0.005,2962,5.924,joint4,upper,3.04421
0.005,2962,5.924,joint6,lower,-0.57611
0.005,2963,5.926,joint2,upper,0.618178
0.005,2963,5.926,joint4,upper,3.04432
0.005,2963,5.926,joint6,lower,-0.576152
0.005,2964,5.928,joint2,upper,0.618247
0.005,2964,5.928,joint4,upper,3.04443
0.005,2964,5.928,joint6,lower,-0.576193
0.005,2965,5.93,joint2,upper,0.618315
0.005,2965,5.93,joint4,upper,3.04454
0.005,2965,5.93,joint6,lower,-0.576232
0.005,2966,5.932,joint2,upper,0.618381
0.005,2966,5.932,joint4,upper,3.04464
0.005,2966,5.932,joint6,lower,-0.576271
0.005,2967,5.934,joint2,upper,0.618445
0.005,2967,5.934,joint4,upper,3.04474
0.005,2967,5.934,joint6,lower,-0.576309
0.005,2968,5.936,joint2,upper,0.618508
0.005,2968,5.936,joint4,upper,3.04484
0.005,2968,5.936,joint6,lower,-0.576345
0.005,2969,5.938,joint2,upper,0.618568
0.005,2969,5.938,joint4,upper,3.04494
0.005,2969,5.938,joint6,lower,-0.576381
0.005,2970,5.94,joint2,upper,0.618626
0.005,2970,5.94,joint4,upper,3.04503
0.005,2970,5.94,joint6,lower,-0.576415
0.005,2971,5.942,joint2,upper,0.618683
0.005,2971,5.942,joint4,upper,3.04512
0.005,2971,5.942,joint6,lower,-0.576448
0.005,2972,5.944,joint2,upper,0.618737
0.005,2972,5.944,joint4,upper,3.04521
0.005,2972,5.944,joint6,lower,-0.57648
0.005,2973,5.946,joint2,upper,0.61879
0.005,2973,5.946,joint4,upper,3.04529
0.005,2973,5.946,joint6,lower,-0.576511
0.005,2974,5.948,joint2,upper,0.618841
0.005,2974,5.948,joint4,upper,3.04537
0.005,2974,5.948,joint6,lower,-0.57654
0.005,2975,5.95,joint2,upper,0.618889
0.005,2975,5.95,joint4,upper,3.04545
0.005,2975,5.95,joint6,lower,-0.576569
0.005,2976,5.952,joint2,upper,0.618936
0.005,2976,5.952,joint4,upper,3.04552
0.005,2976,5.952,joint6,lower,-0.576596
0.005,2977,5.954,joint2,upper,0.618981
0.005,2977,5.954,joint4,upper,3.04559
0.005,2977,5.954,joint6,lower,-0.576622
0.005,2978,5.956,joint2,upper,0.619024
0.005,2978,5.956,joint4,upper,3.04566
0.005,2978,5.956,joint6,lower,-0.576647
0.005,2979,5.958,joint2,upper,0.619064
0.005,2979,5.958,joint4,upper,3.04572
0.005,2979,5.958,joint6,lower,-0.576671
0.005,2980,5.96,joint2,upper,0.619103
0.005,2980,5.96,joint4,upper,3.04578
0.005,2980,5.96,joint6,lower,-0.576694
0.005,2981,5.962,joint2,upper,0.61914
0.005,2981,5.962,joint4,upper,3.04584
0.005,2981,5.962,joint6,lower,-0.576715
0.005,2982,5.964,joint2,upper,0.619175
0.005,2982,5.964,joint4,upper,3.0459
0.005,2982,5.964,joint6,lower,-0.576735
0.005,2983,5.966,joint2,upper,0.619208
0.005,2983,5.966,joint4,upper,3.04595
0.005,2983,5.966,joint6,lower,-0.576754
0.005,2984,5.968,joint2,upper,0.61924
0.005,2984,5.968,joint4,upper,3.046
0.005,2984,5.968,joint6,lower,-0.576772
0.005,2985,5.97,joint2,upper,0.619269
0.005,2985,5.97,joint4,upper,3.04604
0.005,2985,5.97,joint6,lower,-0.576789
0.005,2986,5.972,joint2,upper,0.619296
0.005,2986,5.972,joint4,upper,3.04609
0.005,2986,5.972,joint6,lower,-0.576805
0.005,2987,5.974,joint2,upper,0.619321
0.005,2987,5.974,joint4,upper,3.04613
0.005,2987,5.974,joint6,lower,-0.576819
0.005,2988,5.976,joint2,upper,0.619345
0.005,2988,5.976,joint4,upper,3.04616
0.005,2988,5.976,joint6,lower,-0.576832
0.005,2989,5.978,joint2,upper,0.619366
0.005,2989,5.978,joint4,upper,3.0462
0.005,2989,5.978,joint6,lower,-0.576844
0.005,2990,5.98,joint2,upper,0.619385
0.005,2990,5.98,joint4,upper,3.04623
0.005,2990,5.98,joint6,lower,-0.576855
0.005,2991,5.982,joint2,upper,0.619403
0.005,2991,5.982,joint4,upper,3.04625
0.005,2991,5.982,joint6,lower,-0.576865
0.005,2992,5.984,joint2,upper,0.619418
0.005,2992,5.984,joint4,upper,3.04628
0.005,2992,5.984,joint6,lower,-0.576873
0.005,2993,5.986,joint2,upper,0.619432
0.005,2993,5.986,joint4,upper,3.0463
0.005,2993,5.986,joint6,lower,-0.576881
0.005,2994,5.988,joint2,upper,0.619444
0.005,2994,5.988,joint4,upper,3.04632
0.005,2994,5.988,joint6,lower,-0.576887
0.005,2995,5.99,joint2,upper,0.619454
0.005,2995,5.99,joint4,upper,3.04633
0.005,2995,5.99,joint6,lower,-0.576892
0.005,2996,5.992,joint2,upper,0.619462
0.005,2996,5.992,joint4,upper,3.04634
0.005,2996,5.992,joint6,lower,-0.576896
0.005,2997,5.994,joint2,upper,0.619468
0.005,2997,5.994,joint4,upper,3.04635
0.005,2997,5.994,joint6,lower,-0.576899
0.005,2998,5.996,joint2,upper,0.619472
0.005,2998,5.996,joint4,upper,3.04636
0.005,2998,5.996,joint6,lower,-0.5769
0.005,2999,5.998,joint2,upper,0.619474
0.005,2999,5.998,joint4,upper,3.04636
0.005,2999,5.998,joint6,lower,-0.576901
