method,damping,step,time,position_error,orientation_error,max_dq,condition_number,clipped
dls,0.0001,0,0.0,6.84228e-49,2.46519e-32,2.46519e-32,12.6544,0
dls,0.0001,1,0.002,2.81556e-05,6.01251e-05,3.63835e-05,12.654,0
dls,0.0001,2,0.004,7.75882e-05,0.000165633,9.50702e-05,12.6534,0
dls,0.0001,3,0.006,0.000143485,0.000305564,0.000169123,12.6526,0
dls,0.0001,4,0.008,0.000222215,0.000471859,0.000254555,12.6517,0
dls,0.0001,5,0.01,0.000310914,0.000658379,0.000348687,12.6508,0
dls,0.0001,6,0.012,0.000407278,0.000860304,0.000449537,12.6497,0
dls,0.0001,7,0.014,0.000509438,0.00107378,0.000555561,12.6487,0
dls,0.0001,8,0.016,0.000615873,0.00129569,0.000665527,12.6476,0
dls,0.0001,9,0.018,0.000725344,0.00152352,0.00077844,12.6465,0
dls,0.0001,10,0.02,0.000836843,0.00175522,0.000893496,12.6454,0
dls,0.0001,11,0.022,0.000949554,0.00198913,0.00101004,12.6443,0
dls,0.0001,12,0.024,0.00106281,0.00222391,0.00112755,12.6432,0
dls,0.0001,13,0.026,0.00117609,0.00245847,0.00124559,12.642,0
dls,0.0001,14,0.028,0.00128895,0.00269194,0.00136383,12.6409,0
dls,0.0001,15,0.03,0.00140105,0.00292365,0.00148198,12.6399,0
dls,0.0001,16,0.032,0.00151212,0.00315302,0.00159982,12.6388,0
dls,0.0001,17,0.034,0.00162194,0.00337962,0.00171719,12.6377,0
dls,0.0001,18,0.036,0.00173034,0.00360313,0.00183394,12.6367,0
dls,0.0001,19,0.038,0.0018372,0.00382327,0.00194997,12.6357,0
dls,0.0001,20,0.04,0.00194241,0.00403985,0.00206519,12.6347,0
dls,0.0001,21,0.042,0.00204591,0.00425273,0.00217954,12.6337,0
dls,0.0001,22,0.044,0.00214763,0.00446181,0.00229298,12.6328,0
dls,0.0001,23,0.046,0.00224756,0.00466702,0.00240547,12.6319,0
dls,0.0001,24,0.048,0.00234566,0.00486831,0.00251699,12.631,0
dls,0.0001,25,0.05,0.00244192,0.00506568,0.00262753,12.6301,0
dls,0.0001,26,0.052,0.00253636,0.00525913,0.00273708,12.6293,0
dls,0.0001,27,0.054,0.00262896,0.00544867,0.00284564,12.6284,0
dls,0.0001,28,0.056,0.00271976,0.00563434,0.00295322,12.6276,0
dls,0.0001,29,0.058,0.00280875,0.00581616,0.00305982,12.6268,0
dls,0.0001,30,0.06,0.00289597,0.0059942,0.00316545,12.6261,0
dls,0.0001,31,0.062,0.00298144,0.00616849,0.00327012,12.6254,0
dls,0.0001,32,0.064,0.00306519,0.0063391,0.00337386,12.6246,0
dls,0.0001,33,0.066,0.00314724,0.00650608,0.00347667,12.624,0
dls,0.0001,34,0.068,0.00322762,0.0066695,0.00357857,12.6233,0
dls,0.0001,35,0.07,0.00330636,0.00682941,0.00367958,12.6226,0
dls,0.0001,36,0.072,0.00338349,0.0069859,0.00377972,12.622,0
dls,0.0001,37,0.074,0.00345905,0.00713901,0.003879,12.6214,0
dls,0.0001,38,0.076,0.00353307,0.00728881,0.00397744,12.6209,0
dls,0.0001,39,0.078,0.00360557,0.00743538,0.00407506,12.6203,0
dls,0.0001,40,0.08,0.00367658,0.00757877,0.00417188,12.6198,0
dls,0.0001,41,0.082,0.00374615,0.00771905,0.00426791,12.6193,0
dls,0.0001,42,0.084,0.00381429,0.00785629,0.00436318,12.6188,0
dls,0.0001,43,0.086,0.00388104,0.00799055,0.0044577,12.6183,0
dls,0.0001,44,0.088,0.00394643,0.00812189,0.00455148,12.6179,0
dls,0.0001,45,0.09,0.00401049,0.00825037,0.00464455,12.6174,0
dls,0.0001,46,0.092,0.00407324,0.00837606,0.00473692,12.617,0
dls,0.0001,47,0.094,0.00413472,0.00849901,0.00482861,12.6166,0
dls,0.0001,48,0.096,0.00419495,0.00861928,0.00491963,12.6163,0
dls,0.0001,49,0.098,0.00425396,0.00873693,0.00500999,12.6159,0
dls,0.0001,50,0.1,0.00431178,0.00885202,0.00509972,12.6156,0
dls,0.0001,51,0.102,0.00436843,0.0089646,0.00518883,12.6153,0
dls,0.0001,52,0.104,0.00442394,0.00907473,0.00527733,12.615,0
dls,0.0001,53,0.106,0.00447834,0.00918245,0.00536524,12.6148,0
dls,0.0001,54,0.108,0.00453164,0.00928783,0.00545257,12.6145,0
dls,0.0001,55,0.11,0.00458388,0.00939091,0.00553933,12.6143,0
dls,0.0001,56,0.112,0.00463508,0.00949174,0.00562553,12.6141,0
dls,0.0001,57,0.114,0.00468526,0.00959037,0.0057112,12.6139,0
dls,0.0001,58,0.116,0.00473443,0.00968685,0.00579634,12.6137,0
dls,0.0001,59,0.118,0.00478264,0.00978123,0.00588096,12.6136,0
dls,0.0001,60,0.12,0.00482989,0.00987355,0.00596508,12.6135,0
dls,0.0001,61,0.122,0.00487621,0.00996385,0.00604871,12.6133,0
dls,0.0001,62,0.124,0.00492162,0.0100522,0.00613185,12.6132,0
dls,0.0001,63,0.126,0.00496614,0.0101386,0.00621453,12.6132,0
dls,0.0001,64,0.128,0.00500979,0.0102231,0.00629674,12.6131,0
dls,0.0001,65,0.13,0.00505259,0.0103058,0.00637851,12.6131,0
dls,0.0001,66,0.132,0.00509456,0.0103867,0.00645984,12.6131,0
dls,0.0001,67,0.134,0.00513572,0.0104658,0.00654074,12.613,0
dls,0.0001,68,0.136,0.00517608,0.0105432,0.00662121,12.6131,0
dls,0.0001,69,0.138,0.00521567,0.0106189,0.00670128,12.6131,0
dls,0.0001,70,0.14,0.00525449,0.010693,0.00678095,12.6131,0
dls,0.0001,71,0.142,0.00529258,0.0107654,0.00686023,12.6132,0
dls,0.0001,72,0.144,0.00532993,0.0108363,0.00693912,12.6133,0
dls,0.0001,73,0.146,0.00536658,0.0109056,0.00701764,12.6134,0
dls,0.0001,74,0.148,0.00540254,0.0109734,0.0070958,12.6135,0
dls,0.0001,75,0.15,0.00543782,0.0110397,0.00717359,12.6136,0
dls,0.0001,76,0.152,0.00547244,0.0111046,0.00725104,12.6138,0
dls,0.0001,77,0.154,0.00550641,0.0111681,0.00732814,12.614,0
dls,0.0001,78,0.156,0.00553975,0.0112302,0.00740491,12.6142,0
dls,0.0001,79,0.158,0.00557247,0.0112909,0.00748136,12.6144,0
dls,0.0001,80,0.16,0.00560459,0.0113503,0.00755748,12.6146,0
dls,0.0001,81,0.162,0.00563612,0.0114085,0.00763329,12.6148,0
dls,0.0001,82,0.164,0.00566707,0.0114653,0.0077088,12.6151,0
dls,0.0001,83,0.166,0.00569745,0.0115209,0.007784,12.6153,0
dls,0.0001,84,0.168,0.00572729,0.0115753,0.00785891,12.6156,0
dls,0.0001,85,0.17,0.00575659,0.0116286,0.00793354,12.6159,0
dls,0.0001,86,0.172,0.00578536,0.0116806,0.00800788,12.6162,0
dls,0.0001,87,0.174,0.00581362,0.0117316,0.00808196,12.6166,0
dls,0.0001,88,0.176,0.00584137,0.0117814,0.00815576,12.6169,0
dls,0.0001,89,0.178,0.00586864,0.0118301,0.0082293,12.6173,0
dls,0.0001,90,0.18,0.00589542,0.0118778,0.00830259,12.6177,0
dls,0.0001,91,0.182,0.00592174,0.0119245,0.00837562,12.6181,0
dls,0.0001,92,0.184,0.0059476,0.0119701,0.00844841,12.6185,0
dls,0.0001,93,0.186,0.00597301,0.0120147,0.00852096,12.6189,0
dls,0.0001,94,0.188,0.00599798,0.0120584,0.00859327,12.6194,0
dls,0.0001,95,0.19,0.00602253,0.0121011,0.00866535,12.6198,0
dls,0.0001,96,0.192,0.00604666,0.0121429,0.00873721,12.6203,0
dls,0.0001,97,0.194,0.00607038,0.0121838,0.00880885,12.6208,0
dls,0.0001,98,0.196,0.0060937,0.0122238,0.00888027,12.6213,0
dls,0.0001,99,0.198,0.00611663,0.012263,0.00895148,12.6218,0
dls,0.0001,100,0.2,0.00613919,0.0123012,0.00902248,12.6224,0
dls,0.0001,101,0.202,0.00616137,0.0123387,0.00909328,12.6229,0
dls,0.0001,102,0.204,0.00618319,0.0123753,0.00916388,12.6235,0
dls,0.0001,103,0.206,0.00620465,0.0124112,0.00923429,12.6241,0
dls,0.0001,104,0.208,0.00622577,0.0124463,0.00930451,12.6247,0
dls,0.0001,105,0.21,0.00624655,0.0124806,0.00937454,12.6253,0
dls,0.0001,106,0.212,0.006267,0.0125141,0.00944439,12.6259,0
dls,0.0001,107,0.214,0.00628712,0.012547,0.00951407,12.6266,0
dls,0.0001,108,0.216,0.00630693,0.0125791,0.00958356,12.6272,0
dls,0.0001,109,0.218,0.00632643,0.0126105,0.00965289,12.6279,0
dls,0.0001,110,0.22,0.00634564,0.0126413,0.00972205,12.6286,0
dls,0.0001,111,0.222,0.00636454,0.0126714,0.00979105,12.6293,0
dls,0.0001,112,0.224,0.00638316,0.0127008,0.00985988,12.63,0
dls,0.0001,113,0.226,0.0064015,0.0127296,0.00992856,12.6308,0
dls,0.0001,114,0.228,0.00641957,0.0127578,0.00999708,12.6315,0
dls,0.0001,115,0.23,0.00643737,0.0127854,0.0100655,12.6323,0
dls,0.0001,116,0.232,0.00645491,0.0128124,0.0101337,12.633,0
dls,0.0001,117,0.234,0.00647219,0.0128388,0.0102018,12.6338,0
dls,0.0001,118,0.236,0.00648922,0.0128646,0.0102697,12.6347,0
dls,0.0001,119,0.238,0.00650601,0.0128899,0.0103375,12.6355,0
dls,0.0001,120,0.24,0.00652256,0.0129146,0.0104052,12.6363,0
dls,0.0001,121,0.242,0.00653888,0.0129388,0.0104727,12.6372,0
dls,0.0001,122,0.244,0.00655498,0.0129625,0.0105401,12.638,0
dls,0.0001,123,0.246,0.00657085,0.0129856,0.0106074,12.6389,0
dls,0.0001,124,0.248,0.00658651,0.0130083,0.0106745,12.6398,0
dls,0.0001,125,0.25,0.00660196,0.0130305,0.0107415,12.6407,0
dls,0.0001,126,0.252,0.0066172,0.0130522,0.0108084,12.6417,0
dls,0.0001,127,0.254,0.00663224,0.0130734,0.0108752,12.6426,0
dls,0.0001,128,0.256,0.00664708,0.0130942,0.0109419,12.6436,0
dls,0.0001,129,0.258,0.00666173,0.0131145,0.0110084,12.6445,0
dls,0.0001,130,0.26,0.0066762,0.0131344,0.0110749,12.6455,0
dls,0.0001,131,0.262,0.00669048,0.0131539,0.0111412,12.6465,0
dls,0.0001,132,0.264,0.00670458,0.013173,0.0112074,12.6475,0
dls,0.0001,133,0.266,0.00671851,0.0131916,0.0112736,12.6486,0
dls,0.0001,134,0.268,0.00673227,0.0132099,0.0113396,12.6496,0
dls,0.0001,135,0.27,0.00674587,0.0132277,0.0114055,12.6507,0
dls,0.0001,136,0.272,0.0067593,0.0132452,0.0114713,12.6517,0
dls,0.0001,137,0.274,0.00677258,0.0132623,0.011537,12.6528,0
dls,0.0001,138,0.276,0.0067857,0.0132791,0.0116027,12.6539,0
dls,0.0001,139,0.278,0.00679867,0.0132955,0.0116682,12.655,0
dls,0.0001,140,0.28,0.00681149,0.0133115,0.0117336,12.6561,0
dls,0.0001,141,0.282,0.00682418,0.0133272,0.011799,12.6573,0
dls,0.0001,142,0.284,0.00683672,0.0133426,0.0118642,12.6584,0
dls,0.0001,143,0.286,0.00684912,0.0133576,0.0119294,12.6596,0
dls,0.0001,144,0.288,0.0068614,0.0133723,0.0119945,12.6608,0
dls,0.0001,145,0.29,0.00687354,0.0133867,0.0120595,12.662,0
dls,0.0001,146,0.292,0.00688555,0.0134009,0.0121244,12.6632,0
dls,0.0001,147,0.294,0.00689745,0.0134147,0.0121893,12.6644,0
dls,0.0001,148,0.296,0.00690922,0.0134282,0.012254,12.6657,0
dls,0.0001,149,0.298,0.00692087,0.0134414,0.0123187,12.6669,0
dls,0.0001,150,0.3,0.00693241,0.0134544,0.0123833,12.6682,0
dls,0.0001,151,0.302,0.00694384,0.0134671,0.0124479,12.6695,0
dls,0.0001,152,0.304,0.00695516,0.0134795,0.0125123,12.6708,0
dls,0.0001,153,0.306,0.00696637,0.0134916,0.0125767,12.6721,0
dls,0.0001,154,0.308,0.00697748,0.0135035,0.012641,12.6734,0
dls,0.0001,155,0.31,0.00698849,0.0135152,0.0127053,12.6748,0
dls,0.0001,156,0.312,0.0069994,0.0135266,0.0127695,12.6761,0
dls,0.0001,157,0.314,0.00701021,0.0135378,0.0128336,12.6775,0
dls,0.0001,158,0.316,0.00702093,0.0135487,0.0128976,12.6789,0
dls,0.0001,159,0.318,0.00703156,0.0135594,0.0129616,12.6803,0
dls,0.0001,160,0.32,0.0070421,0.0135699,0.0130255,12.6817,0
dls,0.0001,161,0.322,0.00705255,0.0135802,0.0130894,12.6831,0
dls,0.0001,162,0.324,0.00706292,0.0135902,0.0131532,12.6846,0
dls,0.0001,163,0.326,0.0070732,0.0136001,0.0132169,12.686,0
dls,0.0001,164,0.328,0.0070834,0.0136097,0.0132806,12.6875,0
dls,0.0001,165,0.33,0.00709353,0.0136192,0.0133442,12.689,0
dls,0.0001,166,0.332,0.00710358,0.0136285,0.0134078,12.6905,0
dls,0.0001,167,0.334,0.00711355,0.0136375,0.0134713,12.692,0
dls,0.0001,168,0.336,0.00712345,0.0136464,0.0135347,12.6935,0
dls,0.0001,169,0.338,0.00713328,0.0136551,0.0135981,12.695,0
dls,0.0001,170,0.34,0.00714304,0.0136636,0.0136615,12.6966,0
dls,0.0001,171,0.342,0.00715274,0.013672,0.0137248,12.6982,0
dls,0.0001,172,0.344,0.00716236,0.0136802,0.013788,12.6997,0
dls,0.0001,173,0.346,0.00717193,0.0136882,0.0138512,12.7013,0
dls,0.0001,174,0.348,0.00718143,0.013696,0.0139143,12.7029,0
dls,0.0001,175,0.35,0.00719087,0.0137037,0.0139774,12.7046,0
dls,0.0001,176,0.352,0.00720025,0.0137113,0.0140404,12.7062,0
dls,0.0001,177,0.354,0.00720958,0.0137186,0.0141034,12.7079,0
dls,0.0001,178,0.356,0.00721885,0.0137259,0.0141664,12.7095,0
dls,0.0001,179,0.358,0.00722806,0.013733,0.0142292,12.7112,0
dls,0.0001,180,0.36,0.00723722,0.0137399,0.0142921,12.7129,0
dls,0.0001,181,0.362,0.00724633,0.0137468,0.0143549,12.7146,0
dls,0.0001,182,0.364,0.00725539,0.0137534,0.0144176,12.7163,0
dls,0.0001,183,0.366,0.0072644,0.01376,0.0144804,12.7181,0
dls,0.0001,184,0.368,0.00727336,0.0137664,0.014543,12.7198,0
dls,0.0001,185,0.37,0.00728228,0.0137727,0.0146057,12.7216,0
dls,0.0001,186,0.372,0.00729115,0.0137789,0.0146682,12.7234,0
dls,0.0001,187,0.374,0.00729998,0.0137849,0.0147308,12.7251,0
dls,0.0001,188,0.376,0.00730876,0.0137909,0.0147933,12.727,0
dls,0.0001,189,0.378,0.0073175,0.0137967,0.0148557,12.7288,0
dls,0.0001,190,0.38,0.0073262,0.0138024,0.0149182,12.7306,0
dls,0.0001,191,0.382,0.00733486,0.013808,0.0149805,12.7325,0
dls,0.0001,192,0.384,0.00734349,0.0138135,0.0150429,12.7343,0
dls,0.0001,193,0.386,0.00735207,0.0138188,0.0151052,12.7362,0
dls,0.0001,194,0.388,0.00736062,0.0138241,0.0151674,12.7381,0
dls,0.0001,195,0.39,0.00736913,0.0138293,0.0152297,12.74,0
dls,0.0001,196,0.392,0.00737761,0.0138344,0.0152919,12.7419,0
dls,0.0001,197,0.394,0.00738606,0.0138394,0.015354,12.7438,0
dls,0.0001,198,0.396,0.00739447,0.0138443,0.0154161,12.7458,0
dls,0.0001,199,0.398,0.00740285,0.0138491,0.0154782,12.7478,0
dls,0.0001,200,0.4,0.0074112,0.0138538,0.0155403,12.7497,0
dls,0.0001,201,0.402,0.00741952,0.0138584,0.0156023,12.7517,0
dls,0.0001,202,0.404,0.00742781,0.013863,0.0156643,12.7537,0
dls,0.0001,203,0.406,0.00743608,0.0138674,0.0157262,12.7557,0
dls,0.0001,204,0.408,0.00744431,0.0138718,0.0157881,12.7578,0
dls,0.0001,205,0.41,0.00745252,0.0138761,0.01585,12.7598,0
dls,0.0001,206,0.412,0.0074607,0.0138803,0.0159118,12.7619,0
dls,0.0001,207,0.414,0.00746886,0.0138845,0.0159736,12.764,0
dls,0.0001,208,0.416,0.00747699,0.0138885,0.0160354,12.766,0
dls,0.0001,209,0.418,0.0074851,0.0138925,0.0160972,12.7681,0
dls,0.0001,210,0.42,0.00749319,0.0138965,0.0161589,12.7703,0
dls,0.0001,211,0.422,0.00750125,0.0139003,0.0162206,12.7724,0
dls,0.0001,212,0.424,0.00750929,0.0139041,0.0162822,12.7745,0
dls,0.0001,213,0.426,0.00751731,0.0139079,0.0163439,12.7767,0
dls,0.0001,214,0.428,0.00752531,0.0139115,0.0164054,12.7789,0
dls,0.0001,215,0.43,0.00753329,0.0139151,0.016467,12.7811,0
dls,0.0001,216,0.432,0.00754125,0.0139187,0.0165285,12.7833,0
dls,0.0001,217,0.434,0.00754919,0.0139221,0.0165901,12.7855,0
dls,0.0001,218,0.436,0.00755712,0.0139256,0.0166515,12.7877,0
dls,0.0001,219,0.438,0.00756502,0.0139289,0.016713,12.79,0
dls,0.0001,220,0.44,0.00757291,0.0139322,0.0167744,12.7922,0
dls,0.0001,221,0.442,0.00758078,0.0139355,0.0168358,12.7945,0
dls,0.0001,222,0.444,0.00758863,0.0139387,0.0168972,12.7968,0
dls,0.0001,223,0.446,0.00759647,0.0139418,0.0169585,12.7991,0
dls,0.0001,224,0.448,0.0076043,0.0139449,0.0170198,12.8014,0
dls,0.0001,225,0.45,0.0076121,0.013948,0.0170811,12.8037,0
dls,0.0001,226,0.452,0.0076199,0.013951,0.0171423,12.8061,0
dls,0.0001,227,0.454,0.00762768,0.0139539,0.0172036,12.8084,0
dls,0.0001,228,0.456,0.00763545,0.0139568,0.0172648,12.8108,0
dls,0.0001,229,0.458,0.0076432,0.0139597,0.0173259,12.8132,0
dls,0.0001,230,0.46,0.00765094,0.0139625,0.0173871,12.8156,0
dls,0.0001,231,0.462,0.00765867,0.0139653,0.0174482,12.818,0
dls,0.0001,232,0.464,0.00766638,0.013968,0.0175093,12.8205,0
dls,0.0001,233,0.466,0.00767409,0.0139707,0.0175704,12.8229,0
dls,0.0001,234,0.468,0.00768178,0.0139734,0.0176314,12.8254,0
dls,0.0001,235,0.47,0.00768946,0.013976,0.0176924,12.8278,0
dls,0.0001,236,0.472,0.00769714,0.0139786,0.0177534,12.8303,0
dls,0.0001,237,0.474,0.0077048,0.0139811,0.0178144,12.8328,0
dls,0.0001,238,0.476,0.00771245,0.0139836,0.0178753,12.8354,0
dls,0.0001,239,0.478,0.00772009,0.0139861,0.0179362,12.8379,0
dls,0.0001,240,0.48,0.00772772,0.0139885,0.0179971,12.8404,0
dls,0.0001,241,0.482,0.00773535,0.0139909,0.018058,12.843,0
dls,0.0001,242,0.484,0.00774296,0.0139933,0.0181188,12.8456,0
dls,0.0001,243,0.486,0.00775057,0.0139956,0.0181796,12.8482,0
dls,0.0001,244,0.488,0.00775817,0.013998,0.0182404,12.8508,0
dls,0.0001,245,0.49,0.00776576,0.0140002,0.0183012,12.8534,0
dls,0.0001,246,0.492,0.00777334,0.0140025,0.018362,12.856,0
dls,0.0001,247,0.494,0.00778091,0.0140047,0.0184227,12.8587,0
dls,0.0001,248,0.496,0.00778848,0.0140069,0.0184834,12.8613,0
dls,0.0001,249,0.498,0.00779604,0.0140091,0.0185441,12.864,0
dls,0.0001,250,0.5,0.0078036,0.0140112,0.0186047,12.8667,0
dls,0.0001,251,0.502,0.00781114,0.0140133,0.0186653,12.8694,0
dls,0.0001,252,0.504,0.00781868,0.0140154,0.0187259,12.8721,0
dls,0.0001,253,0.506,0.00782622,0.0140175,0.0187865,12.8749,0
dls,0.0001,254,0.508,0.00783375,0.0140195,0.0188471,12.8776,0
dls,0.0001,255,0.51,0.00784127,0.0140215,0.0189076,12.8804,0
dls,0.0001,256,0.512,0.00784879,0.0140235,0.0189681,12.8832,0
dls,0.0001,257,0.514,0.0078563,0.0140255,0.0190286,12.886,0
dls,0.0001,258,0.516,0.0078638,0.0140274,0.0190891,12.8888,0
dls,0.0001,259,0.518,0.00787131,0.0140294,0.0191495,12.8916,0
dls,0.0001,260,0.52,0.0078788,0.0140313,0.0192099,12.8945,0
dls,0.0001,261,0.522,0.00788629,0.0140332,0.0192703,12.8973,0
dls,0.0001,262,0.524,0.00789378,0.0140351,0.0193307,12.9002,0
dls,0.0001,263,0.526,0.00790126,0.0140369,0.0193911,12.9031,0
dls,0.0001,264,0.528,0.00790874,0.0140387,0.0194514,12.906,0
dls,0.0001,265,0.53,0.00791622,0.0140406,0.0195117,12.9089,0
dls,0.0001,266,0.532,0.00792368,0.0140424,0.019572,12.9118,0
dls,0.0001,267,0.534,0.00793115,0.0140441,0.0196322,12.9148,0
dls,0.0001,268,0.536,0.00793861,0.0140459,0.0196925,12.9177,0
dls,0.0001,269,0.538,0.00794607,0.0140477,0.0197527,12.9207,0
dls,0.0001,270,0.54,0.00795352,0.0140494,0.0198129,12.9237,0
dls,0.0001,271,0.542,0.00796098,0.0140511,0.0198731,12.9267,0
dls,0.0001,272,0.544,0.00796842,0.0140528,0.0199332,12.9297,0
dls,0.0001,273,0.546,0.00797587,0.0140545,0.0199933,12.9328,0
dls,0.0001,274,0.548,0.00798331,0.0140562,0.0200534,12.9358,0
dls,0.0001,275,0.55,0.00799075,0.0140578,0.0201135,12.9389,0
dls,0.0001,276,0.552,0.00799818,0.0140595,0.0201736,12.942,0
dls,0.0001,277,0.554,0.00800561,0.0140611,0.0202336,12.9451,0
dls,0.0001,278,0.556,0.00801304,0.0140628,0.0202937,12.9482,0
dls,0.0001,279,0.558,0.00802047,0.0140644,0.0203537,12.9513,0
dls,0.0001,280,0.56,0.00802789,0.014066,0.0204136,12.9544,0
dls,0.0001,281,0.562,0.00803531,0.0140676,0.0204736,12.9576,0
dls,0.0001,282,0.564,0.00804273,0.0140692,0.0205335,12.9608,0
dls,0.0001,283,0.566,0.00805014,0.0140707,0.0205934,12.9639,0
dls,0.0001,284,0.568,0.00805755,0.0140723,0.0206533,12.9671,0
dls,0.0001,285,0.57,0.00806496,0.0140738,0.0207132,12.9704,0
dls,0.0001,286,0.572,0.00807237,0.0140754,0.020773,12.9736,0
dls,0.0001,287,0.574,0.00807977,0.0140769,0.0208328,12.9768,0
dls,0.0001,288,0.576,0.00808718,0.0140784,0.0208926,12.9801,0
dls,0.0001,289,0.578,0.00809458,0.01408,0.0209524,12.9834,0
dls,0.0001,290,0.58,0.00810197,0.0140815,0.0210122,12.9867,0
dls,0.0001,291,0.582,0.00810937,0.014083,0.0210719,12.99,0
dls,0.0001,292,0.584,0.00811676,0.0140845,0.0211316,12.9933,0
dls,0.0001,293,0.586,0.00812415,0.0140859,0.0211913,12.9966,0
dls,0.0001,294,0.588,0.00813154,0.0140874,0.021251,13.0,0
dls,0.0001,295,0.59,0.00813893,0.0140889,0.0213106,13.0034,0
dls,0.0001,296,0.592,0.00814631,0.0140904,0.0213702,13.0068,0
dls,0.0001,297,0.594,0.0081537,0.0140918,0.0214298,13.0102,0
dls,0.0001,298,0.596,0.00816108,0.0140933,0.0214894,13.0136,0
dls,0.0001,299,0.598,0.00816845,0.0140947,0.021549,13.017,0
dls,0.0001,300,0.6,0.00817583,0.0140961,0.0216085,13.0205,0
dls,0.0001,301,0.602,0.0081832,0.0140976,0.021668,13.0239,0
dls,0.0001,302,0.604,0.00819058,0.014099,0.0217275,13.0274,0
dls,0.0001,303,0.606,0.00819795,0.0141004,0.021787,13.0309,0
dls,0.0001,304,0.608,0.00820531,0.0141018,0.0218464,13.0344,0
dls,0.0001,305,0.61,0.00821268,0.0141033,0.0219059,13.0379,0
dls,0.0001,306,0.612,0.00822004,0.0141047,0.0219653,13.0415,0
dls,0.0001,307,0.614,0.00822741,0.0141061,0.0220246,13.045,0
dls,0.0001,308,0.616,0.00823477,0.0141075,0.022084,13.0486,0
dls,0.0001,309,0.618,0.00824212,0.0141089,0.0221433,13.0522,0
dls,0.0001,310,0.62,0.00824948,0.0141103,0.0222027,13.0558,0
dls,0.0001,311,0.622,0.00825683,0.0141117,0.022262,13.0594,0
dls,0.0001,312,0.624,0.00826418,0.014113,0.0223212,13.0631,0
dls,0.0001,313,0.626,0.00827153,0.0141144,0.0223805,13.0667,0
dls,0.0001,314,0.628,0.00827888,0.0141158,0.0224397,13.0704,0
dls,0.0001,315,0.63,0.00828623,0.0141172,0.0224989,13.0741,0
dls,0.0001,316,0.632,0.00829357,0.0141186,0.0225581,13.0778,0
dls,0.0001,317,0.634,0.00830091,0.0141199,0.0226172,13.0815,0
dls,0.0001,318,0.636,0.00830825,0.0141213,0.0226764,13.0852,0
dls,0.0001,319,0.638,0.00831559,0.0141227,0.0227355,13.0889,0
dls,0.0001,320,0.64,0.00832292,0.014124,0.0227946,13.0927,0
dls,0.0001,321,0.642,0.00833025,0.0141254,0.0228537,13.0965,0
dls,0.0001,322,0.644,0.00833758,0.0141267,0.0229127,13.1003,0
dls,0.0001,323,0.646,0.00834491,0.0141281,0.0229717,13.1041,0
dls,0.0001,324,0.648,0.00835224,0.0141295,0.0230307,13.1079,0
dls,0.0001,325,0.65,0.00835956,0.0141308,0.0230897,13.1118,0
dls,0.0001,326,0.652,0.00836688,0.0141322,0.0231487,13.1156,0
dls,0.0001,327,0.654,0.0083742,0.0141335,0.0232076,13.1195,0
dls,0.0001,328,0.656,0.00838152,0.0141349,0.0232665,13.1234,0
dls,0.0001,329,0.658,0.00838883,0.0141362,0.0233254,13.1273,0
dls,0.0001,330,0.66,0.00839614,0.0141376,0.0233843,13.1312,0
dls,0.0001,331,0.662,0.00840345,0.0141389,0.0234431,13.1352,0
dls,0.0001,332,0.664,0.00841075,0.0141403,0.0235019,13.1391,0
dls,0.0001,333,0.666,0.00841806,0.0141416,0.0235607,13.1431,0
dls,0.0001,334,0.668,0.00842536,0.014143,0.0236195,13.1471,0
dls,0.0001,335,0.67,0.00843266,0.0141443,0.0236783,13.1511,0
dls,0.0001,336,0.672,0.00843995,0.0141457,0.023737,13.1551,0
dls,0.0001,337,0.674,0.00844725,0.014147,0.0237957,13.1592,0
dls,0.0001,338,0.676,0.00845454,0.0141484,0.0238544,13.1632,0
dls,0.0001,339,0.678,0.00846182,0.0141497,0.0239131,13.1673,0
dls,0.0001,340,0.68,0.00846911,0.014151,0.0239717,13.1714,0
dls,0.0001,341,0.682,0.00847639,0.0141524,0.0240303,13.1755,0
dls,0.0001,342,0.684,0.00848367,0.0141537,0.0240889,13.1796,0
dls,0.0001,343,0.686,0.00849094,0.0141551,0.0241475,13.1837,0
dls,0.0001,344,0.688,0.00849822,0.0141564,0.024206,13.1879,0
dls,0.0001,345,0.69,0.00850549,0.0141578,0.0242645,13.1921,0
dls,0.0001,346,0.692,0.00851275,0.0141591,0.024323,13.1962,0
dls,0.0001,347,0.694,0.00852002,0.0141605,0.0243815,13.2004,0
dls,0.0001,348,0.696,0.00852728,0.0141618,0.02444,13.2047,0
dls,0.0001,349,0.698,0.00853453,0.0141632,0.0244984,13.2089,0
dls,0.0001,350,0.7,0.00854179,0.0141645,0.0245568,13.2132,0
dls,0.0001,351,0.702,0.00854904,0.0141659,0.0246152,13.2174,0
dls,0.0001,352,0.704,0.00855628,0.0141672,0.0246735,13.2217,0
dls,0.0001,353,0.706,0.00856353,0.0141686,0.0247318,13.226,0
dls,0.0001,354,0.708,0.00857077,0.01417,0.0247902,13.2303,0
dls,0.0001,355,0.71,0.008578,0.0141713,0.0248484,13.2347,0
dls,0.0001,356,0.712,0.00858524,0.0141727,0.0249067,13.239,0
dls,0.0001,357,0.714,0.00859247,0.014174,0.0249649,13.2434,0
dls,0.0001,358,0.716,0.00859969,0.0141754,0.0250231,13.2478,0
dls,0.0001,359,0.718,0.00860691,0.0141768,0.0250813,13.2522,0
dls,0.0001,360,0.72,0.00861413,0.0141781,0.0251395,13.2566,0
dls,0.0001,361,0.722,0.00862135,0.0141795,0.0251976,13.2611,0
dls,0.0001,362,0.724,0.00862856,0.0141809,0.0252558,13.2655,0
dls,0.0001,363,0.726,0.00863576,0.0141822,0.0253138,13.27,0
dls,0.0001,364,0.728,0.00864297,0.0141836,0.0253719,13.2745,0
dls,0.0001,365,0.73,0.00865016,0.014185,0.0254299,13.279,0
dls,0.0001,366,0.732,0.00865736,0.0141864,0.025488,13.2835,0
dls,0.0001,367,0.734,0.00866455,0.0141877,0.025546,13.2881,0
dls,0.0001,368,0.736,0.00867173,0.0141891,0.0256039,13.2926,0
dls,0.0001,369,0.738,0.00867892,0.0141905,0.0256619,13.2972,0
dls,0.0001,370,0.74,0.00868609,0.0141919,0.0257198,13.3018,0
dls,0.0001,371,0.742,0.00869327,0.0141933,0.0257777,13.3064,0
dls,0.0001,372,0.744,0.00870043,0.0141947,0.0258356,13.311,0
dls,0.0001,373,0.746,0.0087076,0.014196,0.0258934,13.3157,0
dls,0.0001,374,0.748,0.00871476,0.0141974,0.0259512,13.3203,0
dls,0.0001,375,0.75,0.00872191,0.0141988,0.026009,13.325,0
dls,0.0001,376,0.752,0.00872906,0.0142002,0.0260668,13.3297,0
dls,0.0001,377,0.754,0.00873621,0.0142016,0.0261245,13.3344,0
dls,0.0001,378,0.756,0.00874335,0.014203,0.0261822,13.3392,0
dls,0.0001,379,0.758,0.00875048,0.0142044,0.0262399,13.3439,0
dls,0.0001,380,0.76,0.00875761,0.0142058,0.0262976,13.3487,0
dls,0.0001,381,0.762,0.00876474,0.0142072,0.0263553,13.3535,0
dls,0.0001,382,0.764,0.00877186,0.0142086,0.0264129,13.3583,0
dls,0.0001,383,0.766,0.00877898,0.0142101,0.0264705,13.3631,0
dls,0.0001,384,0.768,0.00878609,0.0142115,0.026528,13.3679,0
dls,0.0001,385,0.77,0.00879319,0.0142129,0.0265856,13.3728,0
dls,0.0001,386,0.772,0.00880029,0.0142143,0.0266431,13.3777,0
dls,0.0001,387,0.774,0.00880739,0.0142157,0.0267006,13.3826,0
dls,0.0001,388,0.776,0.00881448,0.0142172,0.026758,13.3875,0
dls,0.0001,389,0.778,0.00882156,0.0142186,0.0268155,13.3924,0
dls,0.0001,390,0.78,0.00882864,0.01422,0.0268729,13.3973,0
dls,0.0001,391,0.782,0.00883571,0.0142215,0.0269303,13.4023,0
dls,0.0001,392,0.784,0.00884278,0.0142229,0.0269876,13.4073,0
dls,0.0001,393,0.786,0.00884984,0.0142243,0.027045,13.4123,0
dls,0.0001,394,0.788,0.0088569,0.0142258,0.0271023,13.4173,0
dls,0.0001,395,0.79,0.00886395,0.0142272,0.0271596,13.4223,0
dls,0.0001,396,0.792,0.00887099,0.0142287,0.0272168,13.4274,0
dls,0.0001,397,0.794,0.00887803,0.0142301,0.0272741,13.4325,0
dls,0.0001,398,0.796,0.00888506,0.0142316,0.0273313,13.4376,0
dls,0.0001,399,0.798,0.00889209,0.014233,0.0273884,13.4427,0
dls,0.0001,400,0.8,0.00889911,0.0142345,0.0274456,13.4478,0
dls,0.0001,401,0.802,0.00890612,0.014236,0.0275027,13.4529,0
dls,0.0001,402,0.804,0.00891313,0.0142374,0.0275598,13.4581,0
dls,0.0001,403,0.806,0.00892013,0.0142389,0.0276169,13.4633,0
dls,0.0001,404,0.808,0.00892713,0.0142404,0.0276739,13.4685,0
dls,0.0001,405,0.81,0.00893412,0.0142418,0.027731,13.4737,0
dls,0.0001,406,0.812,0.0089411,0.0142433,0.0277879,13.4789,0
dls,0.0001,407,0.814,0.00894808,0.0142448,0.0278449,13.4842,0
dls,0.0001,408,0.816,0.00895505,0.0142463,0.0279018,13.4895,0
dls,0.0001,409,0.818,0.00896201,0.0142478,0.0279588,13.4948,0
dls,0.0001,410,0.82,0.00896896,0.0142493,0.0280156,13.5001,0
dls,0.0001,411,0.822,0.00897591,0.0142508,0.0280725,13.5054,0
dls,0.0001,412,0.824,0.00898286,0.0142522,0.0281293,13.5108,0
dls,0.0001,413,0.826,0.00898979,0.0142537,0.0281861,13.5161,0
dls,0.0001,414,0.828,0.00899672,0.0142552,0.0282429,13.5215,0
dls,0.0001,415,0.83,0.00900364,0.0142568,0.0282997,13.5269,0
dls,0.0001,416,0.832,0.00901056,0.0142583,0.0283564,13.5323,0
dls,0.0001,417,0.834,0.00901747,0.0142598,0.0284131,13.5378,0
dls,0.0001,418,0.836,0.00902437,0.0142613,0.0284697,13.5432,0
dls,0.0001,419,0.838,0.00903126,0.0142628,0.0285264,13.5487,0
dls,0.0001,420,0.84,0.00903815,0.0142643,0.028583,13.5542,0
dls,0.0001,421,0.842,0.00904502,0.0142659,0.0286396,13.5597,0
dls,0.0001,422,0.844,0.0090519,0.0142674,0.0286961,13.5653,0
dls,0.0001,423,0.846,0.00905876,0.0142689,0.0287526,13.5708,0
dls,0.0001,424,0.848,0.00906562,0.0142704,0.0288091,13.5764,0
dls,0.0001,425,0.85,0.00907246,0.014272,0.0288656,13.582,0
dls,0.0001,426,0.852,0.00907931,0.0142735,0.0289221,13.5876,0
dls,0.0001,427,0.854,0.00908614,0.0142751,0.0289785,13.5933,0
dls,0.0001,428,0.856,0.00909296,0.0142766,0.0290349,13.5989,0
dls,0.0001,429,0.858,0.00909978,0.0142782,0.0290912,13.6046,0
dls,0.0001,430,0.86,0.00910659,0.0142797,0.0291475,13.6103,0
dls,0.0001,431,0.862,0.00911339,0.0142813,0.0292038,13.616,0
dls,0.0001,432,0.864,0.00912019,0.0142828,0.0292601,13.6217,0
dls,0.0001,433,0.866,0.00912697,0.0142844,0.0293164,13.6275,0
dls,0.0001,434,0.868,0.00913375,0.014286,0.0293726,13.6332,0
dls,0.0001,435,0.87,0.00914052,0.0142875,0.0294288,13.639,0
dls,0.0001,436,0.872,0.00914728,0.0142891,0.0294849,13.6448,0
dls,0.0001,437,0.874,0.00915404,0.0142907,0.0295411,13.6507,0
dls,0.0001,438,0.876,0.00916078,0.0142923,0.0295972,13.6565,0
dls,0.0001,439,0.878,0.00916752,0.0142938,0.0296532,13.6624,0
dls,0.0001,440,0.88,0.00917425,0.0142954,0.0297093,13.6683,0
dls,0.0001,441,0.882,0.00918097,0.014297,0.0297653,13.6742,0
dls,0.0001,442,0.884,0.00918768,0.0142986,0.0298213,13.6801,0
dls,0.0001,443,0.886,0.00919438,0.0143002,0.0298772,13.686,0
dls,0.0001,444,0.888,0.00920107,0.0143018,0.0299332,13.692,0
dls,0.0001,445,0.89,0.00920776,0.0143034,0.0299891,13.698,0
dls,0.0001,446,0.892,0.00921443,0.014305,0.0300449,13.704,0
dls,0.0001,447,0.894,0.0092211,0.0143066,0.0301008,13.71,0
dls,0.0001,448,0.896,0.00922776,0.0143082,0.0301566,13.7161,0
dls,0.0001,449,0.898,0.00923441,0.0143099,0.0302124,13.7221,0
dls,0.0001,450,0.9,0.00924105,0.0143115,0.0302681,13.7282,0
dls,0.0001,451,0.902,0.00924768,0.0143131,0.0303238,13.7343,0
dls,0.0001,452,0.904,0.0092543,0.0143147,0.0303795,13.7405,0
dls,0.0001,453,0.906,0.00926091,0.0143164,0.0304352,13.7466,0
dls,0.0001,454,0.908,0.00926752,0.014318,0.0304908,13.7528,0
dls,0.0001,455,0.91,0.00927411,0.0143196,0.0305464,13.759,0
dls,0.0001,456,0.912,0.0092807,0.0143213,0.030602,13.7652,0
dls,0.0001,457,0.914,0.00928727,0.0143229,0.0306576,13.7714,0
dls,0.0001,458,0.916,0.00929384,0.0143245,0.0307131,13.7776,0
dls,0.0001,459,0.918,0.00930039,0.0143262,0.0307685,13.7839,0
dls,0.0001,460,0.92,0.00930694,0.0143279,0.030824,13.7902,0
dls,0.0001,461,0.922,0.00931348,0.0143295,0.0308794,13.7965,0
dls,0.0001,462,0.924,0.00932,0.0143312,0.0309348,13.8028,0
dls,0.0001,463,0.926,0.00932652,0.0143328,0.0309902,13.8092,0
dls,0.0001,464,0.928,0.00933303,0.0143345,0.0310455,13.8156,0
dls,0.0001,465,0.93,0.00933953,0.0143362,0.0311008,13.822,0
dls,0.0001,466,0.932,0.00934602,0.0143378,0.0311561,13.8284,0
dls,0.0001,467,0.934,0.00935249,0.0143395,0.0312113,13.8348,0
dls,0.0001,468,0.936,0.00935896,0.0143412,0.0312665,13.8413,0
dls,0.0001,469,0.938,0.00936542,0.0143429,0.0313217,13.8478,0
dls,0.0001,470,0.94,0.00937187,0.0143446,0.0313769,13.8543,0
dls,0.0001,471,0.942,0.00937831,0.0143462,0.031432,13.8608,0
dls,0.0001,472,0.944,0.00938473,0.0143479,0.0314871,13.8673,0
dls,0.0001,473,0.946,0.00939115,0.0143496,0.0315421,13.8739,0
dls,0.0001,474,0.948,0.00939756,0.0143513,0.0315972,13.8805,0
dls,0.0001,475,0.95,0.00940395,0.014353,0.0316521,13.8871,0
dls,0.0001,476,0.952,0.00941034,0.0143547,0.0317071,13.8937,0
dls,0.0001,477,0.954,0.00941671,0.0143565,0.031762,13.9003,0
dls,0.0001,478,0.956,0.00942308,0.0143582,0.0318169,13.907,0
dls,0.0001,479,0.958,0.00942943,0.0143599,0.0318718,13.9137,0
dls,0.0001,480,0.96,0.00943578,0.0143616,0.0319267,13.9204,0
dls,0.0001,481,0.962,0.00944211,0.0143633,0.0319815,13.9271,0
dls,0.0001,482,0.964,0.00944843,0.014365,0.0320362,13.9339,0
dls,0.0001,483,0.966,0.00945474,0.0143668,0.032091,13.9407,0
dls,0.0001,484,0.968,0.00946104,0.0143685,0.0321457,13.9475,0
dls,0.0001,485,0.97,0.00946733,0.0143702,0.0322004,13.9543,0
dls,0.0001,486,0.972,0.00947361,0.014372,0.032255,13.9611,0
dls,0.0001,487,0.974,0.00947988,0.0143737,0.0323096,13.968,0
dls,0.0001,488,0.976,0.00948613,0.0143755,0.0323642,13.9749,0
dls,0.0001,489,0.978,0.00949238,0.0143772,0.0324188,13.9818,0
dls,0.0001,490,0.98,0.00949861,0.014379,0.0324733,13.9887,0
dls,0.0001,491,0.982,0.00950483,0.0143807,0.0325278,13.9957,0
dls,0.0001,492,0.984,0.00951104,0.0143825,0.0325822,14.0027,0
dls,0.0001,493,0.986,0.00951724,0.0143842,0.0326367,14.0097,0
dls,0.0001,494,0.988,0.00952343,0.014386,0.0326911,14.0167,0
dls,0.0001,495,0.99,0.00952961,0.0143878,0.0327454,14.0237,0
dls,0.0001,496,0.992,0.00953578,0.0143895,0.0327998,14.0308,0
dls,0.0001,497,0.994,0.00954193,0.0143913,0.032854,14.0379,0
dls,0.0001,498,0.996,0.00954807,0.0143931,0.0329083,14.045,0
dls,0.0001,499,0.998,0.0095542,0.0143949,0.0329625,14.0521,0
dls,0.0001,500,1.0,0.00956032,0.0143967,0.0330167,14.0593,0
dls,0.0001,501,1.002,0.00956643,0.0143984,0.0330709,14.0664,0
dls,0.0001,502,1.004,0.00957252,0.0144002,0.033125,14.0736,0
dls,0.0001,503,1.006,0.00957861,0.014402,0.0331791,14.0809,0
dls,0.0001,504,1.008,0.00958468,0.0144038,0.0332332,14.0881,0
dls,0.0001,505,1.01,0.00959074,0.0144056,0.0332872,14.0954,0
dls,0.0001,506,1.012,0.00959679,0.0144074,0.0333412,14.1027,0
dls,0.0001,507,1.014,0.00960282,0.0144092,0.0333952,14.11,0
dls,0.0001,508,1.016,0.00960885,0.014411,0.0334492,14.1173,0
dls,0.0001,509,1.018,0.00961486,0.0144128,0.0335031,14.1247,0
dls,0.0001,510,1.02,0.00962086,0.0144147,0.0335569,14.132,0
dls,0.0001,511,1.022,0.00962685,0.0144165,0.0336108,14.1394,0
dls,0.0001,512,1.024,0.00963282,0.0144183,0.0336646,14.1469,0
dls,0.0001,513,1.026,0.00963878,0.0144201,0.0337183,14.1543,0
dls,0.0001,514,1.028,0.00964473,0.0144219,0.0337721,14.1618,0
dls,0.0001,515,1.03,0.00965067,0.0144238,0.0338258,14.1693,0
dls,0.0001,516,1.032,0.0096566,0.0144256,0.0338794,14.1768,0
dls,0.0001,517,1.034,0.00966251,0.0144274,0.0339331,14.1844,0
dls,0.0001,518,1.036,0.00966841,0.0144293,0.0339867,14.1919,0
dls,0.0001,519,1.038,0.0096743,0.0144311,0.0340403,14.1995,0
dls,0.0001,520,1.04,0.00968017,0.014433,0.0340938,14.2071,0
dls,0.0001,521,1.042,0.00968604,0.0144348,0.0341473,14.2148,0
dls,0.0001,522,1.044,0.00969189,0.0144367,0.0342008,14.2224,0
dls,0.0001,523,1.046,0.00969772,0.0144385,0.0342542,14.2301,0
dls,0.0001,524,1.048,0.00970355,0.0144404,0.0343076,14.2378,0
dls,0.0001,525,1.05,0.00970936,0.0144422,0.034361,14.2456,0
dls,0.0001,526,1.052,0.00971516,0.0144441,0.0344143,14.2533,0
dls,0.0001,527,1.054,0.00972094,0.014446,0.0344676,14.2611,0
dls,0.0001,528,1.056,0.00972672,0.0144478,0.0345208,14.2689,0
dls,0.0001,529,1.058,0.00973247,0.0144497,0.0345741,14.2768,0
dls,0.0001,530,1.06,0.00973822,0.0144516,0.0346273,14.2846,0
dls,0.0001,531,1.062,0.00974395,0.0144535,0.0346804,14.2925,0
dls,0.0001,532,1.064,0.00974967,0.0144553,0.0347336,14.3004,0
dls,0.0001,533,1.066,0.00975538,0.0144572,0.0347866,14.3083,0
dls,0.0001,534,1.068,0.00976108,0.0144591,0.0348397,14.3163,0
dls,0.0001,535,1.07,0.00976676,0.014461,0.0348927,14.3243,0
dls,0.0001,536,1.072,0.00977242,0.0144629,0.0349457,14.3323,0
dls,0.0001,537,1.074,0.00977808,0.0144648,0.0349987,14.3403,0
dls,0.0001,538,1.076,0.00978372,0.0144667,0.0350516,14.3483,0
dls,0.0001,539,1.078,0.00978934,0.0144686,0.0351045,14.3564,0
dls,0.0001,540,1.08,0.00979496,0.0144705,0.0351573,14.3645,0
dls,0.0001,541,1.082,0.00980056,0.0144724,0.0352101,14.3726,0
dls,0.0001,542,1.084,0.00980614,0.0144743,0.0352629,14.3808,0
dls,0.0001,543,1.086,0.00981171,0.0144762,0.0353156,14.389,0
dls,0.0001,544,1.088,0.00981727,0.0144782,0.0353684,14.3972,0
dls,0.0001,545,1.09,0.00982282,0.0144801,0.035421,14.4054,0
dls,0.0001,546,1.092,0.00982835,0.014482,0.0354737,14.4137,0
dls,0.0001,547,1.094,0.00983387,0.0144839,0.0355263,14.4219,0
dls,0.0001,548,1.096,0.00983937,0.0144858,0.0355788,14.4302,0
dls,0.0001,549,1.098,0.00984486,0.0144878,0.0356314,14.4386,0
dls,0.0001,550,1.1,0.00985034,0.0144897,0.0356839,14.4469,0
dls,0.0001,551,1.102,0.0098558,0.0144916,0.0357363,14.4553,0
dls,0.0001,552,1.104,0.00986125,0.0144936,0.0357887,14.4637,0
dls,0.0001,553,1.106,0.00986668,0.0144955,0.0358411,14.4721,0
dls,0.0001,554,1.108,0.0098721,0.0144975,0.0358935,14.4806,0
dls,0.0001,555,1.11,0.00987751,0.0144994,0.0359458,14.4891,0
dls,0.0001,556,1.112,0.0098829,0.0145014,0.0359981,14.4976,0
dls,0.0001,557,1.114,0.00988828,0.0145033,0.0360503,14.5061,0
dls,0.0001,558,1.116,0.00989364,0.0145053,0.0361025,14.5147,0
dls,0.0001,559,1.118,0.00989899,0.0145072,0.0361547,14.5233,0
dls,0.0001,560,1.12,0.00990432,0.0145092,0.0362068,14.5319,0
dls,0.0001,561,1.122,0.00990964,0.0145112,0.0362589,14.5405,0
dls,0.0001,562,1.124,0.00991495,0.0145131,0.036311,14.5492,0
dls,0.0001,563,1.126,0.00992024,0.0145151,0.036363,14.5579,0
dls,0.0001,564,1.128,0.00992552,0.0145171,0.036415,14.5666,0
dls,0.0001,565,1.13,0.00993078,0.014519,0.036467,14.5753,0
dls,0.0001,566,1.132,0.00993603,0.014521,0.0365189,14.5841,0
dls,0.0001,567,1.134,0.00994126,0.014523,0.0365708,14.5929,0
dls,0.0001,568,1.136,0.00994648,0.014525,0.0366226,14.6017,0
dls,0.0001,569,1.138,0.00995168,0.014527,0.0366745,14.6106,0
dls,0.0001,570,1.14,0.00995687,0.014529,0.0367262,14.6194,0
dls,0.0001,571,1.142,0.00996205,0.0145309,0.036778,14.6283,0
dls,0.0001,572,1.144,0.00996721,0.0145329,0.0368297,14.6373,0
dls,0.0001,573,1.146,0.00997235,0.0145349,0.0368813,14.6462,0
dls,0.0001,574,1.148,0.00997748,0.0145369,0.036933,14.6552,0
dls,0.0001,575,1.15,0.0099826,0.0145389,0.0369845,14.6642,0
dls,0.0001,576,1.152,0.0099877,0.0145409,0.0370361,14.6733,0
dls,0.0001,577,1.154,0.00999279,0.0145429,0.0370876,14.6823,0
dls,0.0001,578,1.156,0.00999786,0.014545,0.0371391,14.6914,0
dls,0.0001,579,1.158,0.0100029,0.014547,0.0371905,14.7006,0
dls,0.0001,580,1.16,0.010008,0.014549,0.0372419,14.7097,0
dls,0.0001,581,1.162,0.010013,0.014551,0.0372933,14.7189,0
dls,0.0001,582,1.164,0.010018,0.014553,0.0373446,14.7281,0
dls,0.0001,583,1.166,0.010023,0.014555,0.0373959,14.7373,0
dls,0.0001,584,1.168,0.010028,0.0145571,0.0374472,14.7466,0
dls,0.0001,585,1.17,0.0100329,0.0145591,0.0374984,14.7559,0
dls,0.0001,586,1.172,0.0100379,0.0145611,0.0375496,14.7652,0
dls,0.0001,587,1.174,0.0100428,0.0145631,0.0376007,14.7746,0
dls,0.0001,588,1.176,0.0100477,0.0145652,0.0376518,14.7839,0
dls,0.0001,589,1.178,0.0100526,0.0145672,0.0377029,14.7933,0
dls,0.0001,590,1.18,0.0100575,0.0145693,0.0377539,14.8028,0
dls,0.0001,591,1.182,0.0100624,0.0145713,0.0378049,14.8122,0
dls,0.0001,592,1.184,0.0100673,0.0145733,0.0378559,14.8217,0
dls,0.0001,593,1.186,0.0100721,0.0145754,0.0379068,14.8312,0
dls,0.0001,594,1.188,0.0100769,0.0145774,0.0379577,14.8408,0
dls,0.0001,595,1.19,0.0100817,0.0145795,0.0380085,14.8503,0
dls,0.0001,596,1.192,0.0100865,0.0145815,0.0380593,14.86,0
dls,0.0001,597,1.194,0.0100913,0.0145836,0.0381101,14.8696,0
dls,0.0001,598,1.196,0.0100961,0.0145857,0.0381608,14.8792,0
dls,0.0001,599,1.198,0.0101008,0.0145877,0.0382115,14.8889,0
dls,0.0001,600,1.2,0.0101056,0.0145898,0.0382622,14.8987,0
dls,0.0001,601,1.202,0.0101103,0.0145918,0.0383128,14.9084,0
dls,0.0001,602,1.204,0.010115,0.0145939,0.0383633,14.9182,0
dls,0.0001,603,1.206,0.0101197,0.014596,0.0384139,14.928,0
dls,0.0001,604,1.208,0.0101243,0.0145981,0.0384644,14.9378,0
dls,0.0001,605,1.21,0.010129,0.0146001,0.0385148,14.9477,0
dls,0.0001,606,1.212,0.0101336,0.0146022,0.0385653,14.9576,0
dls,0.0001,607,1.214,0.0101383,0.0146043,0.0386156,14.9675,0
dls,0.0001,608,1.216,0.0101429,0.0146064,0.038666,14.9775,0
dls,0.0001,609,1.218,0.0101475,0.0146084,0.0387163,14.9875,0
dls,0.0001,610,1.22,0.010152,0.0146105,0.0387666,14.9975,0
dls,0.0001,611,1.222,0.0101566,0.0146126,0.0388168,15.0075,0
dls,0.0001,612,1.224,0.0101611,0.0146147,0.038867,15.0176,0
dls,0.0001,613,1.226,0.0101657,0.0146168,0.0389171,15.0277,0
dls,0.0001,614,1.228,0.0101702,0.0146189,0.0389672,15.0378,0
dls,0.0001,615,1.23,0.0101747,0.014621,0.0390173,15.048,0
dls,0.0001,616,1.232,0.0101791,0.0146231,0.0390673,15.0582,0
dls,0.0001,617,1.234,0.0101836,0.0146252,0.0391173,15.0684,0
dls,0.0001,618,1.236,0.010188,0.0146273,0.0391673,15.0787,0
dls,0.0001,619,1.238,0.0101925,0.0146294,0.0392172,15.089,0
dls,0.0001,620,1.24,0.0101969,0.0146315,0.0392671,15.0993,0
dls,0.0001,621,1.242,0.0102013,0.0146336,0.0393169,15.1097,0
dls,0.0001,622,1.244,0.0102057,0.0146357,0.0393667,15.12,0
dls,0.0001,623,1.246,0.01021,0.0146379,0.0394165,15.1305,0
dls,0.0001,624,1.248,0.0102144,0.01464,0.0394662,15.1409,0
dls,0.0001,625,1.25,0.0102187,0.0146421,0.0395158,15.1514,0
dls,0.0001,626,1.252,0.010223,0.0146442,0.0395655,15.1619,0
dls,0.0001,627,1.254,0.0102273,0.0146463,0.0396151,15.1724,0
dls,0.0001,628,1.256,0.0102316,0.0146485,0.0396646,15.183,0
dls,0.0001,629,1.258,0.0102359,0.0146506,0.0397142,15.1936,0
dls,0.0001,630,1.26,0.0102401,0.0146527,0.0397636,15.2042,0
dls,0.0001,631,1.262,0.0102444,0.0146549,0.0398131,15.2149,0
dls,0.0001,632,1.264,0.0102486,0.014657,0.0398625,15.2256,0
dls,0.0001,633,1.266,0.0102528,0.0146591,0.0399118,15.2363,0
dls,0.0001,634,1.268,0.010257,0.0146613,0.0399612,15.2471,0
dls,0.0001,635,1.27,0.0102611,0.0146634,0.0400104,15.2579,0
dls,0.0001,636,1.272,0.0102653,0.0146655,0.0400597,15.2687,0
dls,0.0001,637,1.274,0.0102694,0.0146677,0.0401089,15.2796,0
dls,0.0001,638,1.276,0.0102735,0.0146698,0.040158,15.2905,0
dls,0.0001,639,1.278,0.0102776,0.014672,0.0402072,15.3014,0
dls,0.0001,640,1.28,0.0102817,0.0146741,0.0402562,15.3124,0
dls,0.0001,641,1.282,0.0102858,0.0146763,0.0403053,15.3234,0
dls,0.0001,642,1.284,0.0102898,0.0146784,0.0403543,15.3344,0
dls,0.0001,643,1.286,0.0102939,0.0146806,0.0404032,15.3455,0
dls,0.0001,644,1.288,0.0102979,0.0146827,0.0404522,15.3565,0
dls,0.0001,645,1.29,0.0103019,0.0146849,0.040501,15.3677,0
dls,0.0001,646,1.292,0.0103059,0.0146871,0.0405499,15.3788,0
dls,0.0001,647,1.294,0.0103098,0.0146892,0.0405987,15.39,0
dls,0.0001,648,1.296,0.0103138,0.0146914,0.0406474,15.4013,0
dls,0.0001,649,1.298,0.0103177,0.0146936,0.0406961,15.4125,0
dls,0.0001,650,1.3,0.0103216,0.0146957,0.0407448,15.4238,0
dls,0.0001,651,1.302,0.0103255,0.0146979,0.0407934,15.4351,0
dls,0.0001,652,1.304,0.0103294,0.0147001,0.040842,15.4465,0
dls,0.0001,653,1.306,0.0103333,0.0147022,0.0408906,15.4579,0
dls,0.0001,654,1.308,0.0103371,0.0147044,0.0409391,15.4693,0
dls,0.0001,655,1.31,0.0103409,0.0147066,0.0409876,15.4808,0
dls,0.0001,656,1.312,0.0103448,0.0147088,0.041036,15.4923,0
dls,0.0001,657,1.314,0.0103485,0.014711,0.0410844,15.5038,0
dls,0.0001,658,1.316,0.0103523,0.0147131,0.0411327,15.5154,0
dls,0.0001,659,1.318,0.0103561,0.0147153,0.041181,15.527,0
dls,0.0001,660,1.32,0.0103598,0.0147175,0.0412293,15.5386,0
dls,0.0001,661,1.322,0.0103636,0.0147197,0.0412775,15.5503,0
dls,0.0001,662,1.324,0.0103673,0.0147219,0.0413257,15.562,0
dls,0.0001,663,1.326,0.010371,0.0147241,0.0413738,15.5737,0
dls,0.0001,664,1.328,0.0103746,0.0147263,0.0414219,15.5855,0
dls,0.0001,665,1.33,0.0103783,0.0147285,0.04147,15.5973,0
dls,0.0001,666,1.332,0.0103819,0.0147307,0.041518,15.6092,0
dls,0.0001,667,1.334,0.0103856,0.0147329,0.041566,15.6211,0
dls,0.0001,668,1.336,0.0103892,0.0147351,0.0416139,15.633,0
dls,0.0001,669,1.338,0.0103927,0.0147373,0.0416618,15.6449,0
dls,0.0001,670,1.34,0.0103963,0.0147395,0.0417097,15.6569,0
dls,0.0001,671,1.342,0.0103999,0.0147417,0.0417575,15.669,0
dls,0.0001,672,1.344,0.0104034,0.0147439,0.0418052,15.681,0
dls,0.0001,673,1.346,0.0104069,0.0147461,0.041853,15.6931,0
dls,0.0001,674,1.348,0.0104104,0.0147483,0.0419006,15.7053,0
dls,0.0001,675,1.35,0.0104139,0.0147505,0.0419483,15.7174,0
dls,0.0001,676,1.352,0.0104174,0.0147527,0.0419959,15.7297,0
dls,0.0001,677,1.354,0.0104208,0.014755,0.0420434,15.7419,0
dls,0.0001,678,1.356,0.0104243,0.0147572,0.0420909,15.7542,0
dls,0.0001,679,1.358,0.0104277,0.0147594,0.0421384,15.7665,0
dls,0.0001,680,1.36,0.0104311,0.0147616,0.0421858,15.7789,0
dls,0.0001,681,1.362,0.0104345,0.0147638,0.0422332,15.7913,0
dls,0.0001,682,1.364,0.0104378,0.0147661,0.0422806,15.8037,0
dls,0.0001,683,1.366,0.0104412,0.0147683,0.0423279,15.8162,0
dls,0.0001,684,1.368,0.0104445,0.0147705,0.0423751,15.8287,0
dls,0.0001,685,1.37,0.0104478,0.0147727,0.0424224,15.8412,0
dls,0.0001,686,1.372,0.0104511,0.014775,0.0424695,15.8538,0
dls,0.0001,687,1.374,0.0104544,0.0147772,0.0425167,15.8664,0
dls,0.0001,688,1.376,0.0104576,0.0147794,0.0425638,15.8791,0
dls,0.0001,689,1.378,0.0104609,0.0147817,0.0426108,15.8918,0
dls,0.0001,690,1.38,0.0104641,0.0147839,0.0426578,15.9045,0
dls,0.0001,691,1.382,0.0104673,0.0147861,0.0427048,15.9173,0
dls,0.0001,692,1.384,0.0104705,0.0147884,0.0427517,15.9301,0
dls,0.0001,693,1.386,0.0104736,0.0147906,0.0427986,15.943,0
dls,0.0001,694,1.388,0.0104768,0.0147929,0.0428454,15.9559,0
dls,0.0001,695,1.39,0.0104799,0.0147951,0.0428922,15.9688,0
dls,0.0001,696,1.392,0.010483,0.0147973,0.042939,15.9818,0
dls,0.0001,697,1.394,0.0104861,0.0147996,0.0429857,15.9948,0
dls,0.0001,698,1.396,0.0104892,0.0148018,0.0430323,16.0078,0
dls,0.0001,699,1.398,0.0104923,0.0148041,0.0430789,16.0209,0
dls,0.0001,700,1.4,0.0104953,0.0148063,0.0431255,16.034,0
dls,0.0001,701,1.402,0.0104983,0.0148086,0.0431721,16.0472,0
dls,0.0001,702,1.404,0.0105013,0.0148108,0.0432185,16.0604,0
dls,0.0001,703,1.406,0.0105043,0.0148131,0.043265,16.0737,0
dls,0.0001,704,1.408,0.0105073,0.0148153,0.0433114,16.087,0
dls,0.0001,705,1.41,0.0105103,0.0148176,0.0433578,16.1003,0
dls,0.0001,706,1.412,0.0105132,0.0148199,0.0434041,16.1137,0
dls,0.0001,707,1.414,0.0105161,0.0148221,0.0434504,16.1271,0
dls,0.0001,708,1.416,0.010519,0.0148244,0.0434966,16.1405,0
dls,0.0001,709,1.418,0.0105219,0.0148266,0.0435428,16.154,0
dls,0.0001,710,1.42,0.0105248,0.0148289,0.0435889,16.1675,0
dls,0.0001,711,1.422,0.0105276,0.0148312,0.043635,16.1811,0
dls,0.0001,712,1.424,0.0105304,0.0148334,0.0436811,16.1947,0
dls,0.0001,713,1.426,0.0105332,0.0148357,0.0437271,16.2084,0
dls,0.0001,714,1.428,0.010536,0.014838,0.0437731,16.2221,0
dls,0.0001,715,1.43,0.0105388,0.0148402,0.043819,16.2358,0
dls,0.0001,716,1.432,0.0105416,0.0148425,0.0438649,16.2496,0
dls,0.0001,717,1.434,0.0105443,0.0148448,0.0439107,16.2634,0
dls,0.0001,718,1.436,0.010547,0.014847,0.0439565,16.2773,0
dls,0.0001,719,1.438,0.0105497,0.0148493,0.0440023,16.2912,0
dls,0.0001,720,1.44,0.0105524,0.0148516,0.044048,16.3051,0
dls,0.0001,721,1.442,0.0105551,0.0148539,0.0440936,16.3191,0
dls,0.0001,722,1.444,0.0105577,0.0148561,0.0441393,16.3332,0
dls,0.0001,723,1.446,0.0105604,0.0148584,0.0441848,16.3473,0
dls,0.0001,724,1.448,0.010563,0.0148607,0.0442304,16.3614,0
dls,0.0001,725,1.45,0.0105656,0.014863,0.0442759,16.3755,0
dls,0.0001,726,1.452,0.0105681,0.0148652,0.0443213,16.3897,0
dls,0.0001,727,1.454,0.0105707,0.0148675,0.0443667,16.404,0
dls,0.0001,728,1.456,0.0105732,0.0148698,0.0444121,16.4183,0
dls,0.0001,729,1.458,0.0105758,0.0148721,0.0444574,16.4326,0
dls,0.0001,730,1.46,0.0105783,0.0148744,0.0445026,16.447,0
dls,0.0001,731,1.462,0.0105808,0.0148767,0.0445479,16.4614,0
dls,0.0001,732,1.464,0.0105832,0.014879,0.044593,16.4759,0
dls,0.0001,733,1.466,0.0105857,0.0148812,0.0446382,16.4904,0
dls,0.0001,734,1.468,0.0105881,0.0148835,0.0446833,16.505,0
dls,0.0001,735,1.47,0.0105905,0.0148858,0.0447283,16.5196,0
dls,0.0001,736,1.472,0.0105929,0.0148881,0.0447733,16.5342,0
dls,0.0001,737,1.474,0.0105953,0.0148904,0.0448183,16.5489,0
dls,0.0001,738,1.476,0.0105977,0.0148927,0.0448632,16.5637,0
dls,0.0001,739,1.478,0.0106,0.014895,0.044908,16.5785,0
dls,0.0001,740,1.48,0.0106023,0.0148973,0.0449529,16.5933,0
dls,0.0001,741,1.482,0.0106046,0.0148996,0.0449977,16.6082,0
dls,0.0001,742,1.484,0.0106069,0.0149019,0.0450424,16.6231,0
dls,0.0001,743,1.486,0.0106092,0.0149042,0.0450871,16.6381,0
dls,0.0001,744,1.488,0.0106114,0.0149065,0.0451317,16.6531,0
dls,0.0001,745,1.49,0.0106137,0.0149088,0.0451763,16.6681,0
dls,0.0001,746,1.492,0.0106159,0.0149111,0.0452209,16.6832,0
dls,0.0001,747,1.494,0.0106181,0.0149134,0.0452654,16.6984,0
dls,0.0001,748,1.496,0.0106202,0.0149157,0.0453098,16.7136,0
dls,0.0001,749,1.498,0.0106224,0.014918,0.0453543,16.7288,0
dls,0.0001,750,1.5,0.0106245,0.0149203,0.0453986,16.7441,0
dls,0.0001,751,1.502,0.0106267,0.0149226,0.045443,16.7595,0
dls,0.0001,752,1.504,0.0106288,0.0149249,0.0454873,16.7749,0
dls,0.0001,753,1.506,0.0106309,0.0149272,0.0455315,16.7903,0
dls,0.0001,754,1.508,0.0106329,0.0149295,0.0455757,16.8058,0
dls,0.0001,755,1.51,0.010635,0.0149318,0.0456198,16.8213,0
dls,0.0001,756,1.512,0.010637,0.0149341,0.0456639,16.8369,0
dls,0.0001,757,1.514,0.010639,0.0149364,0.045708,16.8525,0
dls,0.0001,758,1.516,0.010641,0.0149387,0.045752,16.8682,0
dls,0.0001,759,1.518,0.010643,0.014941,0.045796,16.8839,0
dls,0.0001,760,1.52,0.010645,0.0149433,0.0458399,16.8997,0
dls,0.0001,761,1.522,0.0106469,0.0149456,0.0458838,16.9155,0
dls,0.0001,762,1.524,0.0106488,0.014948,0.0459276,16.9314,0
dls,0.0001,763,1.526,0.0106507,0.0149503,0.0459714,16.9473,0
dls,0.0001,764,1.528,0.0106526,0.0149526,0.0460151,16.9633,0
dls,0.0001,765,1.53,0.0106545,0.0149549,0.0460588,16.9793,0
dls,0.0001,766,1.532,0.0106563,0.0149572,0.0461025,16.9954,0
dls,0.0001,767,1.534,0.0106582,0.0149595,0.0461461,17.0115,0
dls,0.0001,768,1.536,0.01066,0.0149618,0.0461897,17.0277,0
dls,0.0001,769,1.538,0.0106618,0.0149641,0.0462332,17.0439,0
dls,0.0001,770,1.54,0.0106636,0.0149665,0.0462766,17.0602,0
dls,0.0001,771,1.542,0.0106653,0.0149688,0.0463201,17.0765,0
dls,0.0001,772,1.544,0.0106671,0.0149711,0.0463634,17.0929,0
dls,0.0001,773,1.546,0.0106688,0.0149734,0.0464068,17.1093,0
dls,0.0001,774,1.548,0.0106705,0.0149757,0.04645,17.1258,0
dls,0.0001,775,1.55,0.0106722,0.0149781,0.0464933,17.1423,0
dls,0.0001,776,1.552,0.0106738,0.0149804,0.0465365,17.1589,0
dls,0.0001,777,1.554,0.0106755,0.0149827,0.0465796,17.1756,0
dls,0.0001,778,1.556,0.0106771,0.014985,0.0466227,17.1923,0
dls,0.0001,779,1.558,0.0106787,0.0149873,0.0466658,17.209,0
dls,0.0001,780,1.56,0.0106803,0.0149897,0.0467088,17.2258,0
dls,0.0001,781,1.562,0.0106819,0.014992,0.0467518,17.2426,0
dls,0.0001,782,1.564,0.0106835,0.0149943,0.0467947,17.2595,0
dls,0.0001,783,1.566,0.010685,0.0149966,0.0468375,17.2765,0
dls,0.0001,784,1.568,0.0106865,0.0149989,0.0468804,17.2935,0
dls,0.0001,785,1.57,0.010688,0.0150013,0.0469231,17.3105,0
dls,0.0001,786,1.572,0.0106895,0.0150036,0.0469659,17.3277,0
dls,0.0001,787,1.574,0.010691,0.0150059,0.0470086,17.3448,0
dls,0.0001,788,1.576,0.0106924,0.0150082,0.0470512,17.362,0
dls,0.0001,789,1.578,0.0106939,0.0150106,0.0470938,17.3793,0
dls,0.0001,790,1.58,0.0106953,0.0150129,0.0471363,17.3966,0
dls,0.0001,791,1.582,0.0106967,0.0150152,0.0471788,17.414,0
dls,0.0001,792,1.584,0.0106981,0.0150175,0.0472213,17.4315,0
dls,0.0001,793,1.586,0.0106994,0.0150199,0.0472637,17.449,0
dls,0.0001,794,1.588,0.0107008,0.0150222,0.0473061,17.4665,0
dls,0.0001,795,1.59,0.0107021,0.0150245,0.0473484,17.4841,0
dls,0.0001,796,1.592,0.0107034,0.0150268,0.0473906,17.5018,0
dls,0.0001,797,1.594,0.0107047,0.0150292,0.0474329,17.5195,0
dls,0.0001,798,1.596,0.0107059,0.0150315,0.047475,17.5373,0
dls,0.0001,799,1.598,0.0107072,0.0150338,0.0475172,17.5551,0
dls,0.0001,800,1.6,0.0107084,0.0150362,0.0475593,17.573,0
dls,0.0001,801,1.602,0.0107096,0.0150385,0.0476013,17.5909,0
dls,0.0001,802,1.604,0.0107108,0.0150408,0.0476433,17.6089,0
dls,0.0001,803,1.606,0.010712,0.0150431,0.0476852,17.627,0
dls,0.0001,804,1.608,0.0107132,0.0150455,0.0477271,17.6451,0
dls,0.0001,805,1.61,0.0107143,0.0150478,0.047769,17.6633,0
dls,0.0001,806,1.612,0.0107154,0.0150501,0.0478108,17.6815,0
dls,0.0001,807,1.614,0.0107165,0.0150525,0.0478525,17.6998,0
dls,0.0001,808,1.616,0.0107176,0.0150548,0.0478942,17.7182,0
dls,0.0001,809,1.618,0.0107187,0.0150571,0.0479359,17.7366,0
dls,0.0001,810,1.62,0.0107198,0.0150594,0.0479775,17.7551,0
dls,0.0001,811,1.622,0.0107208,0.0150618,0.0480191,17.7736,0
dls,0.0001,812,1.624,0.0107218,0.0150641,0.0480606,17.7922,0
dls,0.0001,813,1.626,0.0107228,0.0150664,0.0481021,17.8108,0
dls,0.0001,814,1.628,0.0107238,0.0150688,0.0481435,17.8295,0
dls,0.0001,815,1.63,0.0107247,0.0150711,0.0481849,17.8483,0
dls,0.0001,816,1.632,0.0107257,0.0150734,0.0482262,17.8671,0
dls,0.0001,817,1.634,0.0107266,0.0150758,0.0482675,17.886,0
dls,0.0001,818,1.636,0.0107275,0.0150781,0.0483087,17.905,0
dls,0.0001,819,1.638,0.0107284,0.0150804,0.0483499,17.924,0
dls,0.0001,820,1.64,0.0107293,0.0150827,0.0483911,17.943,0
dls,0.0001,821,1.642,0.0107301,0.0150851,0.0484322,17.9622,0
dls,0.0001,822,1.644,0.010731,0.0150874,0.0484732,17.9814,0
dls,0.0001,823,1.646,0.0107318,0.0150897,0.0485142,18.0006,0
dls,0.0001,824,1.648,0.0107326,0.0150921,0.0485552,18.02,0
dls,0.0001,825,1.65,0.0107334,0.0150944,0.0485961,18.0393,0
dls,0.0001,826,1.652,0.0107341,0.0150967,0.0486369,18.0588,0
dls,0.0001,827,1.654,0.0107349,0.0150991,0.0486777,18.0783,0
dls,0.0001,828,1.656,0.0107356,0.0151014,0.0487185,18.0979,0
dls,0.0001,829,1.658,0.0107363,0.0151037,0.0487592,18.1175,0
dls,0.0001,830,1.66,0.010737,0.015106,0.0487999,18.1372,0
dls,0.0001,831,1.662,0.0107377,0.0151084,0.0488405,18.157,0
dls,0.0001,832,1.664,0.0107383,0.0151107,0.0488811,18.1768,0
dls,0.0001,833,1.666,0.010739,0.015113,0.0489216,18.1967,0
dls,0.0001,834,1.668,0.0107396,0.0151154,0.0489621,18.2167,0
dls,0.0001,835,1.67,0.0107402,0.0151177,0.0490025,18.2367,0
dls,0.0001,836,1.672,0.0107408,0.01512,0.0490429,18.2568,0
dls,0.0001,837,1.674,0.0107414,0.0151224,0.0490832,18.2769,0
dls,0.0001,838,1.676,0.0107419,0.0151247,0.0491235,18.2971,0
dls,0.0001,839,1.678,0.0107424,0.015127,0.0491638,18.3174,0
dls,0.0001,840,1.68,0.010743,0.0151293,0.049204,18.3378,0
dls,0.0001,841,1.682,0.0107435,0.0151317,0.0492441,18.3582,0
dls,0.0001,842,1.684,0.0107439,0.015134,0.0492842,18.3787,0
dls,0.0001,843,1.686,0.0107444,0.0151363,0.0493243,18.3993,0
dls,0.0001,844,1.688,0.0107448,0.0151386,0.0493643,18.4199,0
dls,0.0001,845,1.69,0.0107453,0.015141,0.0494042,18.4406,0
dls,0.0001,846,1.692,0.0107457,0.0151433,0.0494441,18.4613,0
dls,0.0001,847,1.694,0.0107461,0.0151456,0.049484,18.4822,0
dls,0.0001,848,1.696,0.0107464,0.0151479,0.0495238,18.5031,0
dls,0.0001,849,1.698,0.0107468,0.0151503,0.0495636,18.524,0
dls,0.0001,850,1.7,0.0107471,0.0151526,0.0496033,18.5451,0
dls,0.0001,851,1.702,0.0107474,0.0151549,0.049643,18.5662,0
dls,0.0001,852,1.704,0.0107477,0.0151572,0.0496826,18.5874,0
dls,0.0001,853,1.706,0.010748,0.0151596,0.0497222,18.6086,0
dls,0.0001,854,1.708,0.0107483,0.0151619,0.0497617,18.6299,0
dls,0.0001,855,1.71,0.0107486,0.0151642,0.0498012,18.6513,0
dls,0.0001,856,1.712,0.0107488,0.0151665,0.0498406,18.6728,0
dls,0.0001,857,1.714,0.010749,0.0151689,0.04988,18.6943,0
dls,0.0001,858,1.716,0.0107492,0.0151712,0.0499193,18.7159,0
dls,0.0001,859,1.718,0.0107494,0.0151735,0.0499586,18.7376,0
dls,0.0001,860,1.72,0.0107495,0.0151758,0.0499978,18.7594,0
dls,0.0001,861,1.722,0.0107497,0.0151782,0.050037,18.7812,0
dls,0.0001,862,1.724,0.0107498,0.0151805,0.0500762,18.8031,0
dls,0.0001,863,1.726,0.0107499,0.0151828,0.0501152,18.825,0
dls,0.0001,864,1.728,0.01075,0.0151851,0.0501543,18.8471,0
dls,0.0001,865,1.73,0.0107501,0.0151874,0.0501933,18.8692,0
dls,0.0001,866,1.732,0.0107501,0.0151897,0.0502322,18.8914,0
dls,0.0001,867,1.734,0.0107502,0.0151921,0.0502711,18.9137,0
dls,0.0001,868,1.736,0.0107502,0.0151944,0.05031,18.936,0
dls,0.0001,869,1.738,0.0107502,0.0151967,0.0503488,18.9584,0
dls,0.0001,870,1.74,0.0107502,0.015199,0.0503876,18.9809,0
dls,0.0001,871,1.742,0.0107502,0.0152013,0.0504263,19.0035,0
dls,0.0001,872,1.744,0.0107501,0.0152036,0.0504649,19.0261,0
dls,0.0001,873,1.746,0.0107501,0.015206,0.0505035,19.0489,0
dls,0.0001,874,1.748,0.01075,0.0152083,0.0505421,19.0717,0
dls,0.0001,875,1.75,0.0107499,0.0152106,0.0505806,19.0945,0
dls,0.0001,876,1.752,0.0107498,0.0152129,0.0506191,19.1175,0
dls,0.0001,877,1.754,0.0107496,0.0152152,0.0506575,19.1405,0
dls,0.0001,878,1.756,0.0107495,0.0152175,0.0506959,19.1636,0
dls,0.0001,879,1.758,0.0107493,0.0152198,0.0507342,19.1868,0
dls,0.0001,880,1.76,0.0107491,0.0152221,0.0507725,19.2101,0
dls,0.0001,881,1.762,0.0107489,0.0152244,0.0508107,19.2334,0
dls,0.0001,882,1.764,0.0107487,0.0152268,0.0508489,19.2569,0
dls,0.0001,883,1.766,0.0107485,0.0152291,0.050887,19.2804,0
dls,0.0001,884,1.768,0.0107482,0.0152314,0.0509251,19.304,0
dls,0.0001,885,1.77,0.010748,0.0152337,0.0509631,19.3276,0
dls,0.0001,886,1.772,0.0107477,0.015236,0.0510011,19.3514,0
dls,0.0001,887,1.774,0.0107474,0.0152383,0.051039,19.3752,0
dls,0.0001,888,1.776,0.0107471,0.0152406,0.0510769,19.3991,0
dls,0.0001,889,1.778,0.0107467,0.0152429,0.0511147,19.4231,0
dls,0.0001,890,1.78,0.0107464,0.0152452,0.0511525,19.4472,0
dls,0.0001,891,1.782,0.010746,0.0152475,0.0511903,19.4714,0
dls,0.0001,892,1.784,0.0107456,0.0152498,0.0512279,19.4956,0
dls,0.0001,893,1.786,0.0107452,0.0152521,0.0512656,19.5199,0
dls,0.0001,894,1.788,0.0107448,0.0152544,0.0513032,19.5444,0
dls,0.0001,895,1.79,0.0107444,0.0152567,0.0513407,19.5689,0
dls,0.0001,896,1.792,0.0107439,0.015259,0.0513782,19.5934,0
dls,0.0001,897,1.794,0.0107434,0.0152613,0.0514157,19.6181,0
dls,0.0001,898,1.796,0.010743,0.0152636,0.0514531,19.6429,0
dls,0.0001,899,1.798,0.0107425,0.0152659,0.0514904,19.6677,0
dls,0.0001,900,1.8,0.0107419,0.0152682,0.0515277,19.6926,0
dls,0.0001,901,1.802,0.0107414,0.0152705,0.051565,19.7177,0
dls,0.0001,902,1.804,0.0107408,0.0152728,0.0516022,19.7428,0
dls,0.0001,903,1.806,0.0107403,0.015275,0.0516393,19.7679,0
dls,0.0001,904,1.808,0.0107397,0.0152773,0.0516765,19.7932,0
dls,0.0001,905,1.81,0.0107391,0.0152796,0.0517135,19.8186,0
dls,0.0001,906,1.812,0.0107385,0.0152819,0.0517505,19.844,0
dls,0.0001,907,1.814,0.0107378,0.0152842,0.0517875,19.8696,0
dls,0.0001,908,1.816,0.0107372,0.0152865,0.0518244,19.8952,0
dls,0.0001,909,1.818,0.0107365,0.0152888,0.0518613,19.921,0
dls,0.0001,910,1.82,0.0107358,0.0152911,0.0518981,19.9468,0
dls,0.0001,911,1.822,0.0107351,0.0152933,0.0519349,19.9727,0
dls,0.0001,912,1.824,0.0107344,0.0152956,0.0519716,19.9987,0
dls,0.0001,913,1.826,0.0107337,0.0152979,0.0520082,20.0248,0
dls,0.0001,914,1.828,0.0107329,0.0153002,0.0520449,20.051,0
dls,0.0001,915,1.83,0.0107321,0.0153025,0.0520814,20.0772,0
dls,0.0001,916,1.832,0.0107314,0.0153047,0.052118,20.1036,0
dls,0.0001,917,1.834,0.0107306,0.015307,0.0521544,20.1301,0
dls,0.0001,918,1.836,0.0107297,0.0153093,0.0521909,20.1566,0
dls,0.0001,919,1.838,0.0107289,0.0153116,0.0522272,20.1833,0
dls,0.0001,920,1.84,0.0107281,0.0153138,0.0522636,20.21,0
dls,0.0001,921,1.842,0.0107272,0.0153161,0.0522999,20.2369,0
dls,0.0001,922,1.844,0.0107263,0.0153184,0.0523361,20.2638,0
dls,0.0001,923,1.846,0.0107254,0.0153206,0.0523723,20.2908,0
dls,0.0001,924,1.848,0.0107245,0.0153229,0.0524084,20.318,0
dls,0.0001,925,1.85,0.0107236,0.0153252,0.0524445,20.3452,0
dls,0.0001,926,1.852,0.0107226,0.0153275,0.0524805,20.3725,0
dls,0.0001,927,1.854,0.0107217,0.0153297,0.0525165,20.3999,0
dls,0.0001,928,1.856,0.0107207,0.015332,0.0525525,20.4275,0
dls,0.0001,929,1.858,0.0107197,0.0153342,0.0525884,20.4551,0
dls,0.0001,930,1.86,0.0107187,0.0153365,0.0526242,20.4828,0
dls,0.0001,931,1.862,0.0107177,0.0153388,0.05266,20.5106,0
dls,0.0001,932,1.864,0.0107166,0.015341,0.0526957,20.5386,0
dls,0.0001,933,1.866,0.0107156,0.0153433,0.0527314,20.5666,0
dls,0.0001,934,1.868,0.0107145,0.0153455,0.0527671,20.5947,0
dls,0.0001,935,1.87,0.0107134,0.0153478,0.0528027,20.6229,0
dls,0.0001,936,1.872,0.0107123,0.01535,0.0528382,20.6513,0
dls,0.0001,937,1.874,0.0107112,0.0153523,0.0528737,20.6797,0
dls,0.0001,938,1.876,0.01071,0.0153545,0.0529092,20.7082,0
dls,0.0001,939,1.878,0.0107089,0.0153568,0.0529446,20.7369,0
dls,0.0001,940,1.88,0.0107077,0.015359,0.05298,20.7656,0
dls,0.0001,941,1.882,0.0107065,0.0153613,0.0530153,20.7945,0
dls,0.0001,942,1.884,0.0107053,0.0153635,0.0530505,20.8234,0
dls,0.0001,943,1.886,0.0107041,0.0153658,0.0530857,20.8525,0
dls,0.0001,944,1.888,0.0107029,0.015368,0.0531209,20.8817,0
dls,0.0001,945,1.89,0.0107017,0.0153703,0.053156,20.9109,0
dls,0.0001,946,1.892,0.0107004,0.0153725,0.0531911,20.9403,0
dls,0.0001,947,1.894,0.0106991,0.0153747,0.0532261,20.9698,0
dls,0.0001,948,1.896,0.0106978,0.015377,0.0532611,20.9994,0
dls,0.0001,949,1.898,0.0106965,0.0153792,0.053296,21.0291,0
dls,0.0001,950,1.9,0.0106952,0.0153814,0.0533308,21.0589,0
dls,0.0001,951,1.902,0.0106939,0.0153837,0.0533657,21.0889,0
dls,0.0001,952,1.904,0.0106925,0.0153859,0.0534004,21.1189,0
dls,0.0001,953,1.906,0.0106911,0.0153881,0.0534352,21.1491,0
dls,0.0001,954,1.908,0.0106898,0.0153904,0.0534698,21.1793,0
dls,0.0001,955,1.91,0.0106884,0.0153926,0.0535045,21.2097,0
dls,0.0001,956,1.912,0.010687,0.0153948,0.053539,21.2402,0
dls,0.0001,957,1.914,0.0106855,0.015397,0.0535736,21.2708,0
dls,0.0001,958,1.916,0.0106841,0.0153993,0.0536081,21.3015,0
dls,0.0001,959,1.918,0.0106826,0.0154015,0.0536425,21.3324,0
dls,0.0001,960,1.92,0.0106812,0.0154037,0.0536769,21.3633,0
dls,0.0001,961,1.922,0.0106797,0.0154059,0.0537112,21.3944,0
dls,0.0001,962,1.924,0.0106782,0.0154081,0.0537455,21.4256,0
dls,0.0001,963,1.926,0.0106767,0.0154103,0.0537797,21.4569,0
dls,0.0001,964,1.928,0.0106751,0.0154126,0.0538139,21.4883,0
dls,0.0001,965,1.93,0.0106736,0.0154148,0.0538481,21.5198,0
dls,0.0001,966,1.932,0.010672,0.015417,0.0538822,21.5515,0
dls,0.0001,967,1.934,0.0106704,0.0154192,0.0539162,21.5833,0
dls,0.0001,968,1.936,0.0106688,0.0154214,0.0539502,21.6152,0
dls,0.0001,969,1.938,0.0106672,0.0154236,0.0539841,21.6472,0
dls,0.0001,970,1.94,0.0106656,0.0154258,0.054018,21.6793,0
dls,0.0001,971,1.942,0.010664,0.015428,0.0540519,21.7116,0
dls,0.0001,972,1.944,0.0106623,0.0154302,0.0540857,21.744,0
dls,0.0001,973,1.946,0.0106607,0.0154324,0.0541195,21.7765,0
dls,0.0001,974,1.948,0.010659,0.0154346,0.0541532,21.8091,0
dls,0.0001,975,1.95,0.0106573,0.0154368,0.0541868,21.8419,0
dls,0.0001,976,1.952,0.0106556,0.015439,0.0542204,21.8748,0
dls,0.0001,977,1.954,0.0106539,0.0154412,0.054254,21.9078,0
dls,0.0001,978,1.956,0.0106521,0.0154433,0.0542875,21.9409,0
dls,0.0001,979,1.958,0.0106504,0.0154455,0.054321,21.9742,0
dls,0.0001,980,1.96,0.0106486,0.0154477,0.0543544,22.0076,0
dls,0.0001,981,1.962,0.0106468,0.0154499,0.0543878,22.0411,0
dls,0.0001,982,1.964,0.010645,0.0154521,0.0544211,22.0748,0
dls,0.0001,983,1.966,0.0106432,0.0154543,0.0544544,22.1085,0
dls,0.0001,984,1.968,0.0106414,0.0154564,0.0544876,22.1425,0
dls,0.0001,985,1.97,0.0106396,0.0154586,0.0545208,22.1765,0
dls,0.0001,986,1.972,0.0106377,0.0154608,0.0545539,22.2107,0
dls,0.0001,987,1.974,0.0106359,0.015463,0.054587,22.245,0
dls,0.0001,988,1.976,0.010634,0.0154651,0.05462,22.2794,0
dls,0.0001,989,1.978,0.0106321,0.0154673,0.054653,22.314,0
dls,0.0001,990,1.98,0.0106302,0.0154695,0.0546859,22.3487,0
dls,0.0001,991,1.982,0.0106283,0.0154716,0.0547188,22.3836,0
dls,0.0001,992,1.984,0.0106263,0.0154738,0.0547517,22.4186,0
dls,0.0001,993,1.986,0.0106244,0.0154759,0.0547845,22.4537,0
dls,0.0001,994,1.988,0.0106224,0.0154781,0.0548172,22.489,0
dls,0.0001,995,1.99,0.0106204,0.0154802,0.0548499,22.5244,0
dls,0.0001,996,1.992,0.0106185,0.0154824,0.0548825,22.5599,0
dls,0.0001,997,1.994,0.0106165,0.0154846,0.0549152,22.5956,0
dls,0.0001,998,1.996,0.0106144,0.0154867,0.0549477,22.6314,0
dls,0.0001,999,1.998,0.0106124,0.0154889,0.0549802,22.6674,0
dls,0.0001,1000,2.0,0.0106104,0.015491,0.0550127,22.7035,0
dls,0.0001,1001,2.002,0.0106083,0.0154931,0.0550451,22.7397,0
dls,0.0001,1002,2.004,0.0106062,0.0154953,0.0550775,22.7761,0
dls,0.0001,1003,2.006,0.0106042,0.0154974,0.0551098,22.8127,0
dls,0.0001,1004,2.008,0.0106021,0.0154996,0.055142,22.8494,0
dls,0.0001,1005,2.01,0.0105999,0.0155017,0.0551743,22.8862,0
dls,0.0001,1006,2.012,0.0105978,0.0155038,0.0552064,22.9232,0
dls,0.0001,1007,2.014,0.0105957,0.015506,0.0552386,22.9603,0
dls,0.0001,1008,2.016,0.0105935,0.0155081,0.0552706,22.9976,0
dls,0.0001,1009,2.018,0.0105914,0.0155102,0.0553027,23.035,0
dls,0.0001,1010,2.02,0.0105892,0.0155123,0.0553347,23.0726,0
dls,0.0001,1011,2.022,0.010587,0.0155145,0.0553666,23.1103,0
dls,0.0001,1012,2.024,0.0105848,0.0155166,0.0553985,23.1482,0
dls,0.0001,1013,2.026,0.0105826,0.0155187,0.0554303,23.1863,0
dls,0.0001,1014,2.028,0.0105804,0.0155208,0.0554621,23.2245,0
dls,0.0001,1015,2.03,0.0105781,0.0155229,0.0554939,23.2628,0
dls,0.0001,1016,2.032,0.0105759,0.015525,0.0555256,23.3013,0
dls,0.0001,1017,2.034,0.0105736,0.0155271,0.0555572,23.34,0
dls,0.0001,1018,2.036,0.0105713,0.0155293,0.0555888,23.3788,0
dls,0.0001,1019,2.038,0.010569,0.0155314,0.0556204,23.4178,0
dls,0.0001,1020,2.04,0.0105667,0.0155335,0.0556519,23.4569,0
dls,0.0001,1021,2.042,0.0105644,0.0155356,0.0556834,23.4962,0
dls,0.0001,1022,2.044,0.0105621,0.0155377,0.0557148,23.5357,0
dls,0.0001,1023,2.046,0.0105597,0.0155398,0.0557462,23.5753,0
dls,0.0001,1024,2.048,0.0105574,0.0155418,0.0557775,23.6151,0
dls,0.0001,1025,2.05,0.010555,0.0155439,0.0558088,23.655,0
dls,0.0001,1026,2.052,0.0105526,0.015546,0.05584,23.6952,0
dls,0.0001,1027,2.054,0.0105502,0.0155481,0.0558712,23.7355,0
dls,0.0001,1028,2.056,0.0105478,0.0155502,0.0559024,23.7759,0
dls,0.0001,1029,2.058,0.0105454,0.0155523,0.0559335,23.8165,0
dls,0.0001,1030,2.06,0.010543,0.0155544,0.0559645,23.8573,0
dls,0.0001,1031,2.062,0.0105405,0.0155564,0.0559955,23.8983,0
dls,0.0001,1032,2.064,0.0105381,0.0155585,0.0560265,23.9394,0
dls,0.0001,1033,2.066,0.0105356,0.0155606,0.0560574,23.9807,0
dls,0.0001,1034,2.068,0.0105331,0.0155627,0.0560883,24.0222,0
dls,0.0001,1035,2.07,0.0105306,0.0155647,0.0561191,24.0638,0
dls,0.0001,1036,2.072,0.0105281,0.0155668,0.0561498,24.1057,0
dls,0.0001,1037,2.074,0.0105256,0.0155688,0.0561806,24.1477,0
dls,0.0001,1038,2.076,0.0105231,0.0155709,0.0562113,24.1898,0
dls,0.0001,1039,2.078,0.0105205,0.015573,0.0562419,24.2322,0
dls,0.0001,1040,2.08,0.010518,0.015575,0.0562725,24.2747,0
dls,0.0001,1041,2.082,0.0105154,0.0155771,0.056303,24.3175,0
dls,0.0001,1042,2.084,0.0105129,0.0155791,0.0563335,24.3604,0
dls,0.0001,1043,2.086,0.0105103,0.0155812,0.056364,24.4034,0
dls,0.0001,1044,2.088,0.0105077,0.0155832,0.0563944,24.4467,0
dls,0.0001,1045,2.09,0.0105051,0.0155853,0.0564247,24.4902,0
dls,0.0001,1046,2.092,0.0105024,0.0155873,0.0564551,24.5338,0
dls,0.0001,1047,2.094,0.0104998,0.0155893,0.0564853,24.5776,0
dls,0.0001,1048,2.096,0.0104972,0.0155914,0.0565156,24.6216,0
dls,0.0001,1049,2.098,0.0104945,0.0155934,0.0565457,24.6659,0
dls,0.0001,1050,2.1,0.0104918,0.0155954,0.0565759,24.7102,0
dls,0.0001,1051,2.102,0.0104892,0.0155975,0.056606,24.7548,0
dls,0.0001,1052,2.104,0.0104865,0.0155995,0.056636,24.7996,0
dls,0.0001,1053,2.106,0.0104838,0.0156015,0.056666,24.8446,0
dls,0.0001,1054,2.108,0.0104811,0.0156035,0.056696,24.8898,0
dls,0.0001,1055,2.11,0.0104783,0.0156055,0.0567259,24.9351,0
dls,0.0001,1056,2.112,0.0104756,0.0156076,0.0567557,24.9807,0
dls,0.0001,1057,2.114,0.0104729,0.0156096,0.0567856,25.0265,0
dls,0.0001,1058,2.116,0.0104701,0.0156116,0.0568153,25.0724,0
dls,0.0001,1059,2.118,0.0104673,0.0156136,0.0568451,25.1186,0
dls,0.0001,1060,2.12,0.0104646,0.0156156,0.0568748,25.165,0
dls,0.0001,1061,2.122,0.0104618,0.0156176,0.0569044,25.2115,0
dls,0.0001,1062,2.124,0.010459,0.0156196,0.056934,25.2583,0
dls,0.0001,1063,2.126,0.0104562,0.0156216,0.0569636,25.3053,0
dls,0.0001,1064,2.128,0.0104533,0.0156236,0.0569931,25.3525,0
dls,0.0001,1065,2.13,0.0104505,0.0156256,0.0570226,25.3999,0
dls,0.0001,1066,2.132,0.0104477,0.0156275,0.057052,25.4475,0
dls,0.0001,1067,2.134,0.0104448,0.0156295,0.0570814,25.4953,0
dls,0.0001,1068,2.136,0.0104419,0.0156315,0.0571107,25.5434,0
dls,0.0001,1069,2.138,0.0104391,0.0156335,0.05714,25.5916,0
dls,0.0001,1070,2.14,0.0104362,0.0156355,0.0571693,25.6401,0
dls,0.0001,1071,2.142,0.0104333,0.0156374,0.0571985,25.6888,0
dls,0.0001,1072,2.144,0.0104304,0.0156394,0.0572276,25.7377,0
dls,0.0001,1073,2.146,0.0104275,0.0156414,0.0572568,25.7868,0
dls,0.0001,1074,2.148,0.0104245,0.0156433,0.0572858,25.8361,0
dls,0.0001,1075,2.15,0.0104216,0.0156453,0.0573149,25.8857,0
dls,0.0001,1076,2.152,0.0104187,0.0156473,0.0573439,25.9355,0
dls,0.0001,1077,2.154,0.0104157,0.0156492,0.0573728,25.9855,0
dls,0.0001,1078,2.156,0.0104127,0.0156512,0.0574017,26.0358,0
dls,0.0001,1079,2.158,0.0104098,0.0156531,0.0574306,26.0863,0
dls,0.0001,1080,2.16,0.0104068,0.0156551,0.0574594,26.137,0
dls,0.0001,1081,2.162,0.0104038,0.015657,0.0574882,26.1879,0
dls,0.0001,1082,2.164,0.0104008,0.0156589,0.0575169,26.2391,0
dls,0.0001,1083,2.166,0.0103977,0.0156609,0.0575456,26.2905,0
dls,0.0001,1084,2.168,0.0103947,0.0156628,0.0575743,26.3421,0
dls,0.0001,1085,2.17,0.0103917,0.0156648,0.0576029,26.394,0
dls,0.0001,1086,2.172,0.0103886,0.0156667,0.0576315,26.4461,0
dls,0.0001,1087,2.174,0.0103856,0.0156686,0.05766,26.4985,0
dls,0.0001,1088,2.176,0.0103825,0.0156705,0.0576885,26.5511,0
dls,0.0001,1089,2.178,0.0103795,0.0156725,0.0577169,26.604,0
dls,0.0001,1090,2.18,0.0103764,0.0156744,0.0577453,26.6571,0
dls,0.0001,1091,2.182,0.0103733,0.0156763,0.0577737,26.7104,0
dls,0.0001,1092,2.184,0.0103702,0.0156782,0.057802,26.764,0
dls,0.0001,1093,2.186,0.0103671,0.0156801,0.0578303,26.8178,0
dls,0.0001,1094,2.188,0.0103639,0.015682,0.0578586,26.8719,0
dls,0.0001,1095,2.19,0.0103608,0.0156839,0.0578868,26.9263,0
dls,0.0001,1096,2.192,0.0103577,0.0156858,0.0579149,26.9809,0
dls,0.0001,1097,2.194,0.0103545,0.0156877,0.0579431,27.0358,0
dls,0.0001,1098,2.196,0.0103514,0.0156896,0.0579711,27.0909,0
dls,0.0001,1099,2.198,0.0103482,0.0156915,0.0579992,27.1463,0
dls,0.0001,1100,2.2,0.010345,0.0156934,0.0580272,27.2019,0
dls,0.0001,1101,2.202,0.0103418,0.0156953,0.0580551,27.2579,0
dls,0.0001,1102,2.204,0.0103387,0.0156971,0.0580831,27.314,0
dls,0.0001,1103,2.206,0.0103355,0.015699,0.058111,27.3705,0
dls,0.0001,1104,2.208,0.0103322,0.0157009,0.0581388,27.4272,0
dls,0.0001,1105,2.21,0.010329,0.0157028,0.0581666,27.4842,0
dls,0.0001,1106,2.212,0.0103258,0.0157046,0.0581944,27.5415,0
dls,0.0001,1107,2.214,0.0103226,0.0157065,0.0582221,27.599,0
dls,0.0001,1108,2.216,0.0103193,0.0157084,0.0582498,27.6568,0
dls,0.0001,1109,2.218,0.0103161,0.0157102,0.0582774,27.715,0
dls,0.0001,1110,2.22,0.0103128,0.0157121,0.0583051,27.7733,0
dls,0.0001,1111,2.222,0.0103095,0.0157139,0.0583326,27.832,0
dls,0.0001,1112,2.224,0.0103063,0.0157158,0.0583602,27.891,0
dls,0.0001,1113,2.226,0.010303,0.0157176,0.0583877,27.9502,0
dls,0.0001,1114,2.228,0.0102997,0.0157195,0.0584151,28.0097,0
dls,0.0001,1115,2.23,0.0102964,0.0157213,0.0584426,28.0696,0
dls,0.0001,1116,2.232,0.0102931,0.0157231,0.0584699,28.1297,0
dls,0.0001,1117,2.234,0.0102898,0.015725,0.0584973,28.1901,0
dls,0.0001,1118,2.236,0.0102864,0.0157268,0.0585246,28.2508,0
dls,0.0001,1119,2.238,0.0102831,0.0157286,0.0585519,28.3119,0
dls,0.0001,1120,2.24,0.0102798,0.0157304,0.0585791,28.3732,0
dls,0.0001,1121,2.242,0.0102764,0.0157323,0.0586063,28.4348,0
dls,0.0001,1122,2.244,0.0102731,0.0157341,0.0586335,28.4967,0
dls,0.0001,1123,2.246,0.0102697,0.0157359,0.0586606,28.559,0
dls,0.0001,1124,2.248,0.0102663,0.0157377,0.0586877,28.6215,0
dls,0.0001,1125,2.25,0.0102629,0.0157395,0.0587148,28.6844,0
dls,0.0001,1126,2.252,0.0102596,0.0157413,0.0587418,28.7476,0
dls,0.0001,1127,2.254,0.0102562,0.0157431,0.0587688,28.8111,0
dls,0.0001,1128,2.256,0.0102528,0.0157449,0.0587958,28.8749,0
dls,0.0001,1129,2.258,0.0102494,0.0157467,0.0588227,28.9391,0
dls,0.0001,1130,2.26,0.0102459,0.0157485,0.0588496,29.0035,0
dls,0.0001,1131,2.262,0.0102425,0.0157503,0.0588764,29.0683,0
dls,0.0001,1132,2.264,0.0102391,0.015752,0.0589032,29.1335,0
dls,0.0001,1133,2.266,0.0102357,0.0157538,0.05893,29.1989,0
dls,0.0001,1134,2.268,0.0102322,0.0157556,0.0589568,29.2647,0
dls,0.0001,1135,2.27,0.0102288,0.0157574,0.0589835,29.3309,0
dls,0.0001,1136,2.272,0.0102253,0.0157591,0.0590102,29.3974,0
dls,0.0001,1137,2.274,0.0102218,0.0157609,0.0590368,29.4642,0
dls,0.0001,1138,2.276,0.0102184,0.0157627,0.0590634,29.5313,0
dls,0.0001,1139,2.278,0.0102149,0.0157644,0.05909,29.5989,0
dls,0.0001,1140,2.28,0.0102114,0.0157662,0.0591166,29.6667,0
dls,0.0001,1141,2.282,0.0102079,0.0157679,0.0591431,29.735,0
dls,0.0001,1142,2.284,0.0102044,0.0157697,0.0591696,29.8035,0
dls,0.0001,1143,2.286,0.0102009,0.0157714,0.0591961,29.8725,0
dls,0.0001,1144,2.288,0.0101974,0.0157731,0.0592225,29.9418,0
dls,0.0001,1145,2.29,0.0101939,0.0157749,0.0592489,30.0114,0
dls,0.0001,1146,2.292,0.0101904,0.0157766,0.0592753,30.0815,0
dls,0.0001,1147,2.294,0.0101868,0.0157783,0.0593016,30.1519,0
dls,0.0001,1148,2.296,0.0101833,0.0157801,0.0593279,30.2226,0
dls,0.0001,1149,2.298,0.0101798,0.0157818,0.0593542,30.2938,0
dls,0.0001,1150,2.3,0.0101762,0.0157835,0.0593804,30.3653,0
dls,0.0001,1151,2.302,0.0101727,0.0157852,0.0594066,30.4372,0
dls,0.0001,1152,2.304,0.0101691,0.0157869,0.0594328,30.5095,0
dls,0.0001,1153,2.306,0.0101655,0.0157886,0.059459,30.5822,0
dls,0.0001,1154,2.308,0.010162,0.0157903,0.0594851,30.6553,0
dls,0.0001,1155,2.31,0.0101584,0.015792,0.0595112,30.7287,0
dls,0.0001,1156,2.312,0.0101548,0.0157937,0.0595373,30.8026,0
dls,0.0001,1157,2.314,0.0101512,0.0157954,0.0595634,30.8769,0
dls,0.0001,1158,2.316,0.0101476,0.0157971,0.0595894,30.9515,0
dls,0.0001,1159,2.318,0.010144,0.0157988,0.0596154,31.0266,0
dls,0.0001,1160,2.32,0.0101404,0.0158005,0.0596414,31.1021,0
dls,0.0001,1161,2.322,0.0101368,0.0158021,0.0596673,31.178,0
dls,0.0001,1162,2.324,0.0101332,0.0158038,0.0596932,31.2543,0
dls,0.0001,1163,2.326,0.0101296,0.0158055,0.0597191,31.3311,0
dls,0.0001,1164,2.328,0.0101259,0.0158072,0.059745,31.4082,0
dls,0.0001,1165,2.33,0.0101223,0.0158088,0.0597708,31.4858,0
dls,0.0001,1166,2.332,0.0101187,0.0158105,0.0597966,31.5638,0
dls,0.0001,1167,2.334,0.010115,0.0158121,0.0598224,31.6423,0
dls,0.0001,1168,2.336,0.0101114,0.0158138,0.0598482,31.7211,0
dls,0.0001,1169,2.338,0.0101077,0.0158154,0.059874,31.8005,0
dls,0.0001,1170,2.34,0.0101041,0.0158171,0.0598997,31.8802,0
dls,0.0001,1171,2.342,0.0101004,0.0158187,0.0599254,31.9605,0
dls,0.0001,1172,2.344,0.0100967,0.0158203,0.0599511,32.0411,0
dls,0.0001,1173,2.346,0.0100931,0.015822,0.0599767,32.1223,0
dls,0.0001,1174,2.348,0.0100894,0.0158236,0.0600024,32.2039,0
dls,0.0001,1175,2.35,0.0100857,0.0158252,0.060028,32.2859,0
dls,0.0001,1176,2.352,0.010082,0.0158268,0.0600536,32.3684,0
dls,0.0001,1177,2.354,0.0100783,0.0158284,0.0600791,32.4514,0
dls,0.0001,1178,2.356,0.0100746,0.0158301,0.0601047,32.5349,0
dls,0.0001,1179,2.358,0.0100709,0.0158317,0.0601302,32.6188,0
dls,0.0001,1180,2.36,0.0100672,0.0158333,0.0601558,32.7033,0
dls,0.0001,1181,2.362,0.0100635,0.0158349,0.0601813,32.7882,0
dls,0.0001,1182,2.364,0.0100598,0.0158365,0.0602067,32.8736,0
dls,0.0001,1183,2.366,0.0100561,0.0158381,0.0602322,32.9595,0
dls,0.0001,1184,2.368,0.0100524,0.0158396,0.0602576,33.0459,0
dls,0.0001,1185,2.37,0.0100487,0.0158412,0.0602831,33.1328,0
dls,0.0001,1186,2.372,0.0100449,0.0158428,0.0603085,33.2202,0
dls,0.0001,1187,2.374,0.0100412,0.0158444,0.0603339,33.3081,0
dls,0.0001,1188,2.376,0.0100375,0.0158459,0.0603593,33.3966,0
dls,0.0001,1189,2.378,0.0100337,0.0158475,0.0603846,33.4855,0
dls,0.0001,1190,2.38,0.01003,0.0158491,0.06041,33.575,0
dls,0.0001,1191,2.382,0.0100262,0.0158506,0.0604353,33.6651,0
dls,0.0001,1192,2.384,0.0100225,0.0158522,0.0604607,33.7556,0
dls,0.0001,1193,2.386,0.0100187,0.0158537,0.060486,33.8467,0
dls,0.0001,1194,2.388,0.010015,0.0158553,0.0605113,33.9384,0
dls,0.0001,1195,2.39,0.0100112,0.0158568,0.0605366,34.0306,0
dls,0.0001,1196,2.392,0.0100075,0.0158584,0.0605619,34.1233,0
dls,0.0001,1197,2.394,0.0100037,0.0158599,0.0605871,34.2166,0
dls,0.0001,1198,2.396,0.00999993,0.0158614,0.0606124,34.3105,0
dls,0.0001,1199,2.398,0.00999616,0.015863,0.0606376,34.405,0
dls,0.0001,1200,2.4,0.00999239,0.0158645,0.0606629,34.5,0
dls,0.0001,1201,2.402,0.00998861,0.015866,0.0606881,34.5956,0
dls,0.0001,1202,2.404,0.00998483,0.0158675,0.0607134,34.6918,0
dls,0.0001,1203,2.406,0.00998104,0.015869,0.0607386,34.7886,0
dls,0.0001,1204,2.408,0.00997726,0.0158705,0.0607638,34.8859,0
dls,0.0001,1205,2.41,0.00997347,0.015872,0.060789,34.9839,0
dls,0.0001,1206,2.412,0.00996967,0.0158735,0.0608142,35.0825,0
dls,0.0001,1207,2.414,0.00996588,0.015875,0.0608394,35.1817,0
dls,0.0001,1208,2.416,0.00996208,0.0158765,0.0608646,35.2815,0
dls,0.0001,1209,2.418,0.00995828,0.015878,0.0608898,35.382,0
dls,0.0001,1210,2.42,0.00995448,0.0158795,0.060915,35.483,0
dls,0.0001,1211,2.422,0.00995068,0.0158809,0.0609402,35.5848,0
dls,0.0001,1212,2.424,0.00994687,0.0158824,0.0609654,35.6871,0
dls,0.0001,1213,2.426,0.00994306,0.0158839,0.0609906,35.7901,0
dls,0.0001,1214,2.428,0.00993925,0.0158853,0.0610157,35.8938,0
dls,0.0001,1215,2.43,0.00993544,0.0158868,0.0610409,35.9981,0
dls,0.0001,1216,2.432,0.00993162,0.0158882,0.0610661,36.1031,0
dls,0.0001,1217,2.434,0.0099278,0.0158897,0.0610913,36.2087,0
dls,0.0001,1218,2.436,0.00992399,0.0158911,0.0611165,36.3151,0
dls,0.0001,1219,2.438,0.00992016,0.0158926,0.0611417,36.4221,0
dls,0.0001,1220,2.44,0.00991634,0.015894,0.0611669,36.5298,0
dls,0.0001,1221,2.442,0.00991252,0.0158954,0.0611921,36.6383,0
dls,0.0001,1222,2.444,0.00990869,0.0158969,0.0612174,36.7474,0
dls,0.0001,1223,2.446,0.00990486,0.0158983,0.0612426,36.8572,0
dls,0.0001,1224,2.448,0.00990103,0.0158997,0.0612678,36.9678,0
dls,0.0001,1225,2.45,0.0098972,0.0159011,0.0612931,37.0791,0
dls,0.0001,1226,2.452,0.00989337,0.0159025,0.0613183,37.1911,0
dls,0.0001,1227,2.454,0.00988954,0.0159039,0.0613436,37.3039,0
dls,0.0001,1228,2.456,0.0098857,0.0159053,0.0613689,37.4174,0
dls,0.0001,1229,2.458,0.00988187,0.0159067,0.0613942,37.5317,0
dls,0.0001,1230,2.46,0.00987803,0.0159081,0.0614195,37.6467,0
dls,0.0001,1231,2.462,0.00987419,0.0159095,0.0614448,37.7625,0
dls,0.0001,1232,2.464,0.00987035,0.0159109,0.0614701,37.8791,0
dls,0.0001,1233,2.466,0.00986651,0.0159123,0.0614955,37.9965,0
dls,0.0001,1234,2.468,0.00986267,0.0159136,0.0615209,38.1147,0
dls,0.0001,1235,2.47,0.00985883,0.015915,0.0615463,38.2336,0
dls,0.0001,1236,2.472,0.00985498,0.0159164,0.0615717,38.3534,0
dls,0.0001,1237,2.474,0.00985114,0.0159177,0.0615971,38.474,0
dls,0.0001,1238,2.476,0.0098473,0.0159191,0.0616226,38.5955,0
dls,0.0001,1239,2.478,0.00984345,0.0159204,0.061648,38.7178,0
dls,0.0001,1240,2.48,0.00983961,0.0159218,0.0616735,38.8409,0
dls,0.0001,1241,2.482,0.00983576,0.0159231,0.0616991,38.9649,0
dls,0.0001,1242,2.484,0.00983191,0.0159244,0.0617246,39.0897,0
dls,0.0001,1243,2.486,0.00982807,0.0159258,0.0617502,39.2154,0
dls,0.0001,1244,2.488,0.00982422,0.0159271,0.0617758,39.342,0
dls,0.0001,1245,2.49,0.00982037,0.0159284,0.0618015,39.4695,0
dls,0.0001,1246,2.492,0.00981653,0.0159297,0.0618271,39.5979,0
dls,0.0001,1247,2.494,0.00981268,0.0159311,0.0618528,39.7272,0
dls,0.0001,1248,2.496,0.00980883,0.0159324,0.0618786,39.8574,0
dls,0.0001,1249,2.498,0.00980498,0.0159337,0.0619044,39.9886,0
dls,0.0001,1250,2.5,0.00980114,0.015935,0.0619302,40.1207,0
dls,0.0001,1251,2.502,0.00979729,0.0159362,0.061956,40.2537,0
dls,0.0001,1252,2.504,0.00979344,0.0159375,0.0619819,40.3877,0
dls,0.0001,1253,2.506,0.0097896,0.0159388,0.0620078,40.5227,0
dls,0.0001,1254,2.508,0.00978575,0.0159401,0.0620338,40.6587,0
dls,0.0001,1255,2.51,0.0097819,0.0159414,0.0620598,40.7956,0
dls,0.0001,1256,2.512,0.00977806,0.0159426,0.0620859,40.9336,0
dls,0.0001,1257,2.514,0.00977421,0.0159439,0.062112,41.0726,0
dls,0.0001,1258,2.516,0.00977037,0.0159452,0.0621381,41.2126,0
dls,0.0001,1259,2.518,0.00976653,0.0159464,0.0621643,41.3536,0
dls,0.0001,1260,2.52,0.00976268,0.0159477,0.0621906,41.4957,0
dls,0.0001,1261,2.522,0.00975884,0.0159489,0.0622169,41.6388,0
dls,0.0001,1262,2.524,0.009755,0.0159501,0.0622433,41.783,0
dls,0.0001,1263,2.526,0.00975116,0.0159514,0.0622697,41.9284,0
dls,0.0001,1264,2.528,0.00974732,0.0159526,0.0622962,42.0748,0
dls,0.0001,1265,2.53,0.00974348,0.0159538,0.0623227,42.2223,0
dls,0.0001,1266,2.532,0.00973964,0.015955,0.0623493,42.3709,0
dls,0.0001,1267,2.534,0.00973581,0.0159563,0.062376,42.5207,0
dls,0.0001,1268,2.536,0.00973197,0.0159575,0.0624027,42.6716,0
dls,0.0001,1269,2.538,0.00972814,0.0159587,0.0624295,42.8237,0
dls,0.0001,1270,2.54,0.00972431,0.0159599,0.0624564,42.9769,0
dls,0.0001,1271,2.542,0.00972048,0.0159611,0.0624833,43.1314,0
dls,0.0001,1272,2.544,0.00971665,0.0159623,0.0625103,43.2871,0
dls,0.0001,1273,2.546,0.00971282,0.0159634,0.0625374,43.4439,0
dls,0.0001,1274,2.548,0.00970899,0.0159646,0.0625646,43.602,0
dls,0.0001,1275,2.55,0.00970517,0.0159658,0.0625918,43.7614,0
dls,0.0001,1276,2.552,0.00970134,0.015967,0.0626191,43.922,0
dls,0.0001,1277,2.554,0.00969752,0.0159681,0.0626465,44.0839,0
dls,0.0001,1278,2.556,0.0096937,0.0159693,0.062674,44.2471,0
dls,0.0001,1279,2.558,0.00968988,0.0159704,0.0627016,44.4116,0
dls,0.0001,1280,2.56,0.00968607,0.0159716,0.0627293,44.5774,0
dls,0.0001,1281,2.562,0.00968226,0.0159727,0.0627571,44.7446,0
dls,0.0001,1282,2.564,0.00967844,0.0159739,0.0627849,44.9131,0
dls,0.0001,1283,2.566,0.00967463,0.015975,0.0628129,45.083,0
dls,0.0001,1284,2.568,0.00967083,0.0159761,0.0628409,45.2543,0
dls,0.0001,1285,2.57,0.00966702,0.0159772,0.0628691,45.427,0
dls,0.0001,1286,2.572,0.00966322,0.0159783,0.0628974,45.6011,0
dls,0.0001,1287,2.574,0.00965942,0.0159795,0.0629257,45.7767,0
dls,0.0001,1288,2.576,0.00965562,0.0159806,0.0629542,45.9537,0
dls,0.0001,1289,2.578,0.00965182,0.0159817,0.0629828,46.1322,0
dls,0.0001,1290,2.58,0.00964803,0.0159827,0.0630115,46.3122,0
dls,0.0001,1291,2.582,0.00964424,0.0159838,0.0630404,46.4938,0
dls,0.0001,1292,2.584,0.00964045,0.0159849,0.0630693,46.6769,0
dls,0.0001,1293,2.586,0.00963667,0.015986,0.0630984,46.8615,0
dls,0.0001,1294,2.588,0.00963289,0.0159871,0.0631277,47.0477,0
dls,0.0001,1295,2.59,0.00962911,0.0159881,0.063157,47.2355,0
dls,0.0001,1296,2.592,0.00962533,0.0159892,0.0631865,47.425,0
dls,0.0001,1297,2.594,0.00962156,0.0159902,0.0632161,47.616,0
dls,0.0001,1298,2.596,0.00961779,0.0159913,0.0632459,47.8088,0
dls,0.0001,1299,2.598,0.00961402,0.0159923,0.0632758,48.0032,0
dls,0.0001,1300,2.6,0.00961025,0.0159934,0.0633058,48.1994,0
dls,0.0001,1301,2.602,0.00960649,0.0159944,0.0633361,48.3972,0
dls,0.0001,1302,2.604,0.00960273,0.0159954,0.0633664,48.5969,0
dls,0.0001,1303,2.606,0.00959898,0.0159965,0.063397,48.7983,0
dls,0.0001,1304,2.608,0.00959523,0.0159975,0.0634277,49.0015,0
dls,0.0001,1305,2.61,0.00959148,0.0159985,0.0634585,49.2065,0
dls,0.0001,1306,2.612,0.00958773,0.0159995,0.0634896,49.4134,0
dls,0.0001,1307,2.614,0.00958399,0.0160005,0.0635208,49.6222,0
dls,0.0001,1308,2.616,0.00958026,0.0160015,0.0635522,49.8329,0
dls,0.0001,1309,2.618,0.00957652,0.0160024,0.0635837,50.0455,0
dls,0.0001,1310,2.62,0.00957279,0.0160034,0.0636155,50.2601,0
dls,0.0001,1311,2.622,0.00956906,0.0160044,0.0636475,50.4767,0
dls,0.0001,1312,2.624,0.00956534,0.0160054,0.0636796,50.6953,0
dls,0.0001,1313,2.626,0.00956162,0.0160063,0.063712,50.9159,0
dls,0.0001,1314,2.628,0.00955791,0.0160073,0.0637446,51.1386,0
dls,0.0001,1315,2.63,0.00955419,0.0160082,0.0637774,51.3634,0
dls,0.0001,1316,2.632,0.00955049,0.0160092,0.0638104,51.5904,0
dls,0.0001,1317,2.634,0.00954678,0.0160101,0.0638436,51.8195,0
dls,0.0001,1318,2.636,0.00954308,0.016011,0.0638771,52.0508,0
dls,0.0001,1319,2.638,0.00953939,0.016012,0.0639108,52.2844,0
dls,0.0001,1320,2.64,0.0095357,0.0160129,0.0639447,52.5202,0
dls,0.0001,1321,2.642,0.00953201,0.0160138,0.0639789,52.7583,0
dls,0.0001,1322,2.644,0.00952833,0.0160147,0.0640133,52.9988,0
dls,0.0001,1323,2.646,0.00952465,0.0160156,0.064048,53.2416,0
dls,0.0001,1324,2.648,0.00952098,0.0160165,0.064083,53.4868,0
dls,0.0001,1325,2.65,0.00951731,0.0160174,0.0641182,53.7345,0
dls,0.0001,1326,2.652,0.00951364,0.0160183,0.0641537,53.9846,0
dls,0.0001,1327,2.654,0.00950998,0.0160191,0.0641895,54.2373,0
dls,0.0001,1328,2.656,0.00950633,0.01602,0.0642256,54.4925,0
dls,0.0001,1329,2.658,0.00950267,0.0160209,0.0642619,54.7504,0
dls,0.0001,1330,2.66,0.00949903,0.0160217,0.0642986,55.0108,0
dls,0.0001,1331,2.662,0.00949539,0.0160226,0.0643356,55.274,0
dls,0.0001,1332,2.664,0.00949175,0.0160234,0.0643729,55.5398,0
dls,0.0001,1333,2.666,0.00948812,0.0160242,0.0644106,55.8085,0
dls,0.0001,1334,2.668,0.00948449,0.0160251,0.0644485,56.0799,0
dls,0.0001,1335,2.67,0.00948086,0.0160259,0.0644869,56.3543,0
dls,0.0001,1336,2.672,0.00947725,0.0160267,0.0645255,56.6315,0
dls,0.0001,1337,2.674,0.00947363,0.0160275,0.0645646,56.9116,0
dls,0.0001,1338,2.676,0.00947003,0.0160283,0.064604,57.1948,0
dls,0.0001,1339,2.678,0.00946642,0.0160291,0.0646438,57.481,0
dls,0.0001,1340,2.68,0.00946282,0.0160299,0.064684,57.7704,0
dls,0.0001,1341,2.682,0.00945923,0.0160307,0.0647245,58.0628,0
dls,0.0001,1342,2.684,0.00945564,0.0160314,0.0647655,58.3585,0
dls,0.0001,1343,2.686,0.00945206,0.0160322,0.0648069,58.6575,0
dls,0.0001,1344,2.688,0.00944848,0.016033,0.0648487,58.9598,0
dls,0.0001,1345,2.69,0.00944491,0.0160337,0.064891,59.2654,0
dls,0.0001,1346,2.692,0.00944135,0.0160345,0.0649337,59.5745,0
dls,0.0001,1347,2.694,0.00943778,0.0160352,0.0649769,59.8871,0
dls,0.0001,1348,2.696,0.00943423,0.0160359,0.0650206,60.2033,0
dls,0.0001,1349,2.698,0.00943068,0.0160366,0.0650647,60.523,0
dls,0.0001,1350,2.7,0.00942713,0.0160374,0.0651093,60.8465,0
dls,0.0001,1351,2.702,0.00942359,0.0160381,0.0651545,61.1737,0
dls,0.0001,1352,2.704,0.00942006,0.0160388,0.0652001,61.5047,0
dls,0.0001,1353,2.706,0.00941653,0.0160394,0.0652464,61.8397,0
dls,0.0001,1354,2.708,0.009413,0.0160401,0.0652931,62.1786,0
dls,0.0001,1355,2.71,0.00940949,0.0160408,0.0653404,62.5215,0
dls,0.0001,1356,2.712,0.00940597,0.0160415,0.0653883,62.8685,0
dls,0.0001,1357,2.714,0.00940247,0.0160421,0.0654368,63.2198,0
dls,0.0001,1358,2.716,0.00939897,0.0160428,0.065486,63.5753,0
dls,0.0001,1359,2.718,0.00939547,0.0160434,0.0655357,63.9352,0
dls,0.0001,1360,2.72,0.00939198,0.016044,0.0655861,64.2995,0
dls,0.0001,1361,2.722,0.00938849,0.0160447,0.0656371,64.6683,0
dls,0.0001,1362,2.724,0.00938502,0.0160453,0.0656888,65.0417,0
dls,0.0001,1363,2.726,0.00938154,0.0160459,0.0657413,65.4198,0
dls,0.0001,1364,2.728,0.00937808,0.0160465,0.0657944,65.8028,0
dls,0.0001,1365,2.73,0.00937461,0.0160471,0.0658483,66.1906,0
dls,0.0001,1366,2.732,0.00937116,0.0160476,0.0659029,66.5834,0
dls,0.0001,1367,2.734,0.00936771,0.0160482,0.0659583,66.9813,0
dls,0.0001,1368,2.736,0.00936426,0.0160488,0.0660145,67.3844,0
dls,0.0001,1369,2.738,0.00936082,0.0160493,0.0660715,67.7928,0
dls,0.0001,1370,2.74,0.00935739,0.0160499,0.0661293,68.2066,0
dls,0.0001,1371,2.742,0.00935396,0.0160504,0.0661881,68.6259,0
dls,0.0001,1372,2.744,0.00935054,0.0160509,0.0662477,69.0509,0
dls,0.0001,1373,2.746,0.00934712,0.0160514,0.0663082,69.4816,0
dls,0.0001,1374,2.748,0.00934371,0.0160519,0.0663697,69.9182,0
dls,0.0001,1375,2.75,0.00934031,0.0160524,0.0664321,70.3609,0
dls,0.0001,1376,2.752,0.00933691,0.0160529,0.0664955,70.8097,0
dls,0.0001,1377,2.754,0.00933352,0.0160534,0.06656,71.2647,0
dls,0.0001,1378,2.756,0.00933013,0.0160538,0.0666255,71.7262,0
dls,0.0001,1379,2.758,0.00932674,0.0160543,0.0666921,72.1943,0
dls,0.0001,1380,2.76,0.00932337,0.0160547,0.0667598,72.669,0
dls,0.0001,1381,2.762,0.00932,0.0160552,0.0668287,73.1507,0
dls,0.0001,1382,2.764,0.00931663,0.0160556,0.0668988,73.6393,0
dls,0.0001,1383,2.766,0.00931327,0.016056,0.06697,74.1352,0
dls,0.0001,1384,2.768,0.00930991,0.0160564,0.0670426,74.6384,0
dls,0.0001,1385,2.77,0.00930656,0.0160568,0.0671164,75.1491,0
dls,0.0001,1386,2.772,0.00930322,0.0160571,0.0671916,75.6676,0
dls,0.0001,1387,2.774,0.00929988,0.0160575,0.0672681,76.1939,0
dls,0.0001,1388,2.776,0.00929655,0.0160578,0.0673461,76.7284,0
dls,0.0001,1389,2.778,0.00929322,0.0160582,0.0674255,77.2711,0
dls,0.0001,1390,2.78,0.00928989,0.0160585,0.0675064,77.8224,0
dls,0.0001,1391,2.782,0.00928657,0.0160588,0.0675889,78.3823,0
dls,0.0001,1392,2.784,0.00928326,0.0160591,0.0676731,78.9512,0
dls,0.0001,1393,2.786,0.00927995,0.0160594,0.0677588,79.5292,0
dls,0.0001,1394,2.788,0.00927665,0.0160597,0.0678463,80.1166,0
dls,0.0001,1395,2.79,0.00927335,0.0160599,0.0679356,80.7137,0
dls,0.0001,1396,2.792,0.00927005,0.0160601,0.0680267,81.3207,0
dls,0.0001,1397,2.794,0.00926676,0.0160604,0.0681197,81.9378,0
dls,0.0001,1398,2.796,0.00926347,0.0160606,0.0682147,82.5654,0
dls,0.0001,1399,2.798,0.00926019,0.0160608,0.0683117,83.2037,0
dls,0.0001,1400,2.8,0.00925691,0.0160609,0.0684108,83.853,0
dls,0.0001,1401,2.802,0.00925363,0.0160611,0.068512,84.5136,0
dls,0.0001,1402,2.804,0.00925036,0.0160612,0.0686155,85.1859,0
dls,0.0001,1403,2.806,0.0092471,0.0160614,0.0687213,85.8701,0
dls,0.0001,1404,2.808,0.00924383,0.0160615,0.0688296,86.5667,0
dls,0.0001,1405,2.81,0.00924057,0.0160616,0.0689403,87.276,0
dls,0.0001,1406,2.812,0.00923731,0.0160616,0.0690536,87.9983,0
dls,0.0001,1407,2.814,0.00923406,0.0160617,0.0691696,88.734,0
dls,0.0001,1408,2.816,0.0092308,0.0160617,0.0692883,89.4836,0
dls,0.0001,1409,2.818,0.00922755,0.0160618,0.06941,90.2475,0
dls,0.0001,1410,2.82,0.0092243,0.0160617,0.0695346,91.0261,0
dls,0.0001,1411,2.822,0.00922106,0.0160617,0.0696624,91.8199,0
dls,0.0001,1412,2.824,0.00921781,0.0160617,0.0697934,92.6293,0
dls,0.0001,1413,2.826,0.00921457,0.0160616,0.0699277,93.4549,0
dls,0.0001,1414,2.828,0.00921132,0.0160615,0.0700655,94.2972,0
dls,0.0001,1415,2.83,0.00920808,0.0160614,0.070207,95.1568,0
dls,0.0001,1416,2.832,0.00920484,0.0160612,0.0703522,96.0342,0
dls,0.0001,1417,2.834,0.00920159,0.0160611,0.0705014,96.93,0
dls,0.0001,1418,2.836,0.00919835,0.0160609,0.0706546,97.8449,0
dls,0.0001,1419,2.838,0.0091951,0.0160607,0.0708121,98.7795,0
dls,0.0001,1420,2.84,0.00919186,0.0160604,0.0709741,99.7346,0
dls,0.0001,1421,2.842,0.00918861,0.0160601,0.0711407,100.711,0
dls,0.0001,1422,2.844,0.00918536,0.0160598,0.0713121,101.709,0
dls,0.0001,1423,2.846,0.00918211,0.0160595,0.0714886,102.73,0
dls,0.0001,1424,2.848,0.00917885,0.0160591,0.0716703,103.775,0
dls,0.0001,1425,2.85,0.00917559,0.0160587,0.0718576,104.844,0
dls,0.0001,1426,2.852,0.00917232,0.0160583,0.0720507,105.938,0
dls,0.0001,1427,2.854,0.00916905,0.0160578,0.0722497,107.059,0
dls,0.0001,1428,2.856,0.00916577,0.0160573,0.0724551,108.208,0
dls,0.0001,1429,2.858,0.00916248,0.0160568,0.0726672,109.385,0
dls,0.0001,1430,2.86,0.00915919,0.0160562,0.0728861,110.592,0
dls,0.0001,1431,2.862,0.00915589,0.0160555,0.0731124,111.83,0
dls,0.0001,1432,2.864,0.00915258,0.0160549,0.0733463,113.101,0
dls,0.0001,1433,2.866,0.00914925,0.0160541,0.0735883,114.405,0
dls,0.0001,1434,2.868,0.00914592,0.0160534,0.0738387,115.745,0
dls,0.0001,1435,2.87,0.00914257,0.0160525,0.0740981,117.122,0
dls,0.0001,1436,2.872,0.00913921,0.0160517,0.0743668,118.537,0
dls,0.0001,1437,2.874,0.00913583,0.0160507,0.0746454,119.993,0
dls,0.0001,1438,2.876,0.00913243,0.0160498,0.0749344,121.492,0
dls,0.0001,1439,2.878,0.00912902,0.0160487,0.0752345,123.035,0
dls,0.0001,1440,2.88,0.00912558,0.0160476,0.0755462,124.624,0
dls,0.0001,1441,2.882,0.00912212,0.0160464,0.0758703,126.263,0
dls,0.0001,1442,2.884,0.00911864,0.0160452,0.0762074,127.954,0
dls,0.0001,1443,2.886,0.00911513,0.0160439,0.0765584,129.699,0
dls,0.0001,1444,2.888,0.00911159,0.0160425,0.0769241,131.501,0
dls,0.0001,1445,2.89,0.00910802,0.016041,0.0773055,133.364,0
dls,0.0001,1446,2.892,0.00910442,0.0160394,0.0777035,135.291,0
dls,0.0001,1447,2.894,0.00910078,0.0160377,0.0781193,137.286,0
dls,0.0001,1448,2.896,0.0090971,0.016036,0.078554,139.352,0
dls,0.0001,1449,2.898,0.00909337,0.0160341,0.079009,141.495,0
dls,0.0001,1450,2.9,0.0090896,0.0160321,0.0794856,143.719,0
dls,0.0001,1451,2.902,0.00908578,0.01603,0.0799854,146.029,0
dls,0.0001,1452,2.904,0.0090819,0.0160278,0.0805103,148.431,0
dls,0.0001,1453,2.906,0.00907796,0.0160254,0.0810619,150.931,0
dls,0.0001,1454,2.908,0.00907395,0.0160229,0.0816425,153.537,0
dls,0.0001,1455,2.91,0.00906987,0.0160202,0.0822543,156.255,0
dls,0.0001,1456,2.912,0.00906571,0.0160174,0.0828999,159.094,0
dls,0.0001,1457,2.914,0.00906146,0.0160144,0.0835821,162.064,0
dls,0.0001,1458,2.916,0.00905712,0.0160112,0.0843042,165.175,0
dls,0.0001,1459,2.918,0.00905268,0.0160078,0.0850696,168.438,0
dls,0.0001,1460,2.92,0.00904812,0.0160041,0.0858825,171.866,0
dls,0.0001,1461,2.922,0.00904343,0.0160002,0.0867473,175.473,0
dls,0.0001,1462,2.924,0.00903861,0.015996,0.0876691,179.277,0
dls,0.0001,1463,2.926,0.00903363,0.0159916,0.0886539,183.296,0
dls,0.0001,1464,2.928,0.00902849,0.0159868,0.0897083,187.55,0
dls,0.0001,1465,2.93,0.00902316,0.0159816,0.0908399,192.064,0
dls,0.0001,1466,2.932,0.00901762,0.0159761,0.0920576,196.866,0
dls,0.0001,1467,2.934,0.00901185,0.0159701,0.0933717,201.988,0
dls,0.0001,1468,2.936,0.00900581,0.0159637,0.0947944,207.468,0
dls,0.0001,1469,2.938,0.00899949,0.0159567,0.0963397,213.348,0
dls,0.0001,1470,2.94,0.00899283,0.0159491,0.0980245,219.683,0
dls,0.0001,1471,2.942,0.00898581,0.0159409,0.0998691,226.532,0
dls,0.0001,1472,2.944,0.00897835,0.0159319,0.101898,233.972,0
dls,0.0001,1473,2.946,0.00897042,0.015922,0.10414,242.092,0
dls,0.0001,1474,2.948,0.00896192,0.0159111,0.106633,251.004,0
dls,0.0001,1475,2.95,0.00895277,0.0158991,0.109422,260.846,0
dls,0.0001,1476,2.952,0.00894286,0.0158858,0.112566,271.795,0
dls,0.0001,1477,2.954,0.00893206,0.0158709,0.116139,284.074,0
dls,0.0001,1478,2.956,0.00892019,0.0158542,0.12024,297.98,0
dls,0.0001,1479,2.958,0.00890704,0.0158353,0.125003,313.907,0
dls,0.0001,1480,2.96,0.00889233,0.0158138,0.130609,332.4,0
dls,0.0001,1481,2.962,0.00887568,0.015789,0.137321,354.228,0
dls,0.0001,1482,2.964,0.00885657,0.0157601,0.145523,380.529,0
dls,0.0001,1483,2.966,0.0088343,0.015726,0.155815,413.062,0
dls,0.0001,1484,2.968,0.00880779,0.0156849,0.169185,454.719,0
dls,0.0001,1485,2.97,0.00878529,0.015908,0.187547,510.905,0
dls,0.0001,1486,2.972,0.00866411,0.0156117,0.219111,606.185,0
dls,0.0001,1487,2.974,0.00856613,0.0156028,0.26857,752.861,0
dls,0.0001,1488,2.976,0.00840976,0.0153224,0.409811,1167.6,1
dls,0.0001,1489,2.978,0.00819845,0.0147569,1.0,4245.07,1
dls,0.0001,1490,2.98,0.00810577,0.0145493,0.90598,2625.04,0
dls,0.0001,1491,2.982,0.00814473,0.0146916,0.421515,1187.27,0
dls,0.0001,1492,2.984,0.00831199,0.0152005,0.313171,869.635,0
dls,0.0001,1493,2.986,0.00860514,0.0160882,0.277803,766.08,0
dls,0.0001,1494,2.988,0.00902265,0.0173624,0.276261,763.302,0
dls,0.0001,1495,2.99,0.00956381,0.0190265,0.307102,857.877,0
dls,0.0001,1496,2.992,0.0102287,0.0210804,0.402211,1144.72,0
dls,0.0001,1497,2.994,0.0110183,0.0235196,0.783236,2297.08,0
dls,0.0001,1498,2.996,0.0119342,0.0263365,1.0,6778.65,1
dls,0.0001,1499,2.998,0.0127868,0.0288667,0.590245,1752.91,1
dls,0.0001,1500,3.0,0.0135744,0.0311207,0.403302,1197.13,0
dls,0.0001,1501,3.002,0.0142961,0.033105,0.354457,1059.46,0
dls,0.0001,1502,3.004,0.0149525,0.0348213,0.367494,1113.86,0
dls,0.0001,1503,3.006,0.0155452,0.0362671,0.462471,1431.44,1
dls,0.0001,1504,3.008,0.0160766,0.0374357,0.895069,2875.28,1
dls,0.0001,1505,3.01,0.0165502,0.0383167,1.0,6524.93,0
dls,0.0001,1506,3.012,0.017155,0.0395561,0.612901,2000.53,0
dls,0.0001,1507,3.014,0.0178875,0.0411669,0.437156,1441.76,0
dls,0.0001,1508,3.016,0.0187456,0.0431578,0.402525,1358.88,0
dls,0.0001,1509,3.018,0.0197277,0.0455331,0.454821,1591.67,0
dls,0.0001,1510,3.02,0.0208332,0.0482932,0.725762,2686.78,0
dls,0.0001,1511,3.022,0.0220625,0.0514346,1.0,32437.4,1
dls,0.0001,1512,3.024,0.023228,0.0542914,0.877218,3623.39,1
dls,0.0001,1513,3.026,0.02433,0.0568686,0.640448,2741.48,1
dls,0.0001,1514,3.028,0.0253695,0.0591681,0.73061,3345.82,1
dls,0.0001,1515,3.03,0.0263486,0.061187,1.0,12521.1,1
dls,0.0001,1516,3.032,0.0272701,0.0629187,0.658163,3438.47,0
dls,0.0001,1517,3.034,0.0283198,0.0650184,0.356909,1968.15,0
dls,0.0001,1518,3.036,0.0294949,0.0674953,0.287085,1744.01,0
dls,0.0001,1519,3.038,0.0307937,0.0703542,0.294242,2048.35,0
dls,0.0001,1520,3.04,0.0322153,0.0735959,0.458706,3937.22,0
dls,0.0001,1521,3.042,0.0337595,0.077217,0.648168,7827.37,1
dls,0.0001,1522,3.044,0.0352414,0.08055,0.198754,2843.8,0
dls,0.0001,1523,3.046,0.0366615,0.0836003,0.106399,2384.62,0
dls,0.0001,1524,3.048,0.0379782,0.0861228,0.0424896,2324.39,0
dls,0.0001,1525,3.05,0.0391933,0.088121,0.0675134,2599.36,0
dls,0.0001,1526,3.052,0.0405344,0.0905013,0.0994941,2042.34,0
dls,0.0001,1527,3.054,0.0418594,0.0927013,0.119942,1626.44,0
dls,0.0001,1528,3.056,0.0433096,0.0952846,0.123134,1125.16,0
dls,0.0001,1529,3.058,0.0446587,0.0973495,0.129062,906.142,0
dls,0.0001,1530,3.06,0.0459575,0.0990973,0.134545,766.312,0
dls,0.0001,1531,3.062,0.0472254,0.100605,0.139036,662.282,0
dls,0.0001,1532,3.064,0.048466,0.101886,0.142726,581.028,0
dls,0.0001,1533,3.066,0.0496823,0.103151,0.145673,516.284,0
dls,0.0001,1534,3.068,0.0508727,0.104391,0.1481,463.765,0
dls,0.0001,1535,3.07,0.0520354,0.105599,0.150157,420.55,0
dls,0.0001,1536,3.072,0.0531693,0.106774,0.151938,384.521,0
dls,0.0001,1537,3.074,0.0542735,0.107913,0.153501,354.116,0
dls,0.0001,1538,3.076,0.0553471,0.109016,0.154885,328.17,0
dls,0.0001,1539,3.078,0.0563896,0.110082,0.156116,305.809,0
dls,0.0001,1540,3.08,0.0574005,0.11111,0.157212,286.364,0
dls,0.0001,1541,3.082,0.0583795,0.112099,0.158186,269.318,0
dls,0.0001,1542,3.084,0.0593263,0.113048,0.159046,254.268,0
dls,0.0001,1543,3.086,0.0602405,0.113959,0.159799,240.894,0
dls,0.0001,1544,3.088,0.061122,0.114829,0.160451,228.94,0
dls,0.0001,1545,3.09,0.0619704,0.115658,0.161007,218.2,0
dls,0.0001,1546,3.092,0.0627856,0.116447,0.161469,208.504,0
dls,0.0001,1547,3.094,0.0635674,0.117195,0.16184,199.714,0
dls,0.0001,1548,3.096,0.0643157,0.117902,0.162123,191.713,0
dls,0.0001,1549,3.098,0.0650302,0.118567,0.16232,184.404,0
dls,0.0001,1550,3.1,0.0657109,0.11919,0.162432,177.706,0
dls,0.0001,1551,3.102,0.0663575,0.11977,0.162461,171.548,0
dls,0.0001,1552,3.104,0.0669701,0.120309,0.162409,165.873,0
dls,0.0001,1553,3.106,0.0675484,0.120804,0.162277,160.629,0
dls,0.0001,1554,3.108,0.0680924,0.121256,0.162065,155.771,0
dls,0.0001,1555,3.11,0.0686019,0.121665,0.161775,151.262,0
dls,0.0001,1556,3.112,0.0690768,0.122031,0.161407,147.068,0
dls,0.0001,1557,3.114,0.0695171,0.122353,0.160964,143.161,0
dls,0.0001,1558,3.116,0.0699226,0.122631,0.160445,139.514,0
dls,0.0001,1559,3.118,0.0702932,0.122864,0.159851,136.105,0
dls,0.0001,1560,3.12,0.070629,0.123053,0.159183,132.915,0
dls,0.0001,1561,3.122,0.0709297,0.123198,0.158443,129.924,0
dls,0.0001,1562,3.124,0.0711953,0.123298,0.15763,127.117,0
dls,0.0001,1563,3.126,0.0714257,0.123352,0.156745,124.48,0
dls,0.0001,1564,3.128,0.0716209,0.123361,0.155789,122.001,0
dls,0.0001,1565,3.13,0.0717808,0.123325,0.154763,119.667,0
dls,0.0001,1566,3.132,0.0719052,0.123243,0.153668,117.469,0
dls,0.0001,1567,3.134,0.0719942,0.123115,0.152503,115.397,0
dls,0.0001,1568,3.136,0.0720477,0.122941,0.15127,113.443,0
dls,0.0001,1569,3.138,0.0720655,0.12272,0.14997,111.598,0
dls,0.0001,1570,3.14,0.0720477,0.122453,0.148602,109.857,0
dls,0.0001,1571,3.142,0.0719942,0.12214,0.147169,108.213,0
dls,0.0001,1572,3.144,0.0719049,0.121779,0.14567,106.659,0
dls,0.0001,1573,3.146,0.0717797,0.121372,0.144106,105.191,0
dls,0.0001,1574,3.148,0.0716186,0.120917,0.142477,103.804,0
dls,0.0001,1575,3.15,0.0714216,0.120415,0.140785,102.494,0
dls,0.0001,1576,3.152,0.0711886,0.119865,0.139031,101.255,0
dls,0.0001,1577,3.154,0.0709195,0.119268,0.137214,100.085,0
dls,0.0001,1578,3.156,0.0706144,0.118623,0.135336,98.9804,0
dls,0.0001,1579,3.158,0.070273,0.117929,0.133398,97.9375,0
dls,0.0001,1580,3.16,0.0698955,0.117188,0.131399,96.9535,0
dls,0.0001,1581,3.162,0.0694817,0.116398,0.129342,96.0257,0
dls,0.0001,1582,3.164,0.0690317,0.11556,0.127227,95.1516,0
dls,0.0001,1583,3.166,0.0685453,0.114673,0.125054,94.3289,0
dls,0.0001,1584,3.168,0.0680226,0.113737,0.122825,93.5555,0
dls,0.0001,1585,3.17,0.0674634,0.112753,0.120541,92.8293,0
dls,0.0001,1586,3.172,0.0668679,0.111719,0.118202,92.1485,0
dls,0.0001,1587,3.174,0.0662359,0.110637,0.115809,91.5113,0
dls,0.0001,1588,3.176,0.0655674,0.109505,0.113365,90.9163,0
dls,0.0001,1589,3.178,0.0648624,0.108323,0.110868,90.3618,0
dls,0.0001,1590,3.18,0.0641209,0.107093,0.108322,89.8465,0
dls,0.0001,1591,3.182,0.0633428,0.105812,0.105726,89.3691,0
dls,0.0001,1592,3.184,0.0625282,0.104482,0.103083,88.9284,0
dls,0.0001,1593,3.186,0.061677,0.103103,0.100393,88.5233,0
dls,0.0001,1594,3.188,0.0607893,0.101673,0.0976582,88.1527,0
dls,0.0001,1595,3.19,0.0598744,0.100194,0.0949287,87.8315,0
dls,0.0001,1596,3.192,0.05894,0.0986771,0.0922249,87.5559,0
dls,0.0001,1597,3.194,0.0579925,0.0971327,0.0895624,87.3218,0
dls,0.0001,1598,3.196,0.0570371,0.0955706,0.0869528,87.1256,0
dls,0.0001,1599,3.198,0.0560786,0.093999,0.0844055,86.9636,0
dls,0.0001,1600,3.2,0.0551207,0.092425,0.0819272,86.8328,0
dls,0.0001,1601,3.202,0.0541666,0.0908544,0.079523,86.7303,0
dls,0.0001,1602,3.204,0.0532189,0.0892921,0.0771965,86.6534,0
dls,0.0001,1603,3.206,0.0522798,0.0877421,0.07495,86.5999,0
dls,0.0001,1604,3.208,0.0513511,0.0862077,0.072785,86.5674,0
dls,0.0001,1605,3.21,0.0504343,0.0846918,0.070702,86.554,0
dls,0.0001,1606,3.212,0.0495305,0.0831963,0.0687008,86.5579,0
dls,0.0001,1607,3.214,0.0486406,0.0817232,0.066781,86.5773,0
dls,0.0001,1608,3.216,0.0477655,0.0802739,0.0649416,86.6106,0
dls,0.0001,1609,3.218,0.0469055,0.0788493,0.063181,86.6564,0
dls,0.0001,1610,3.22,0.0460613,0.0774503,0.0614979,86.7133,0
dls,0.0001,1611,3.222,0.045233,0.0760776,0.0598905,86.78,0
dls,0.0001,1612,3.224,0.0444208,0.0747314,0.0583567,86.8552,0
dls,0.0001,1613,3.226,0.0436248,0.073412,0.0568947,86.938,0
dls,0.0001,1614,3.228,0.0428451,0.0721195,0.0555024,87.0271,0
dls,0.0001,1615,3.23,0.0420816,0.0708539,0.0541776,87.1217,0
dls,0.0001,1616,3.232,0.0413342,0.0696151,0.0529182,87.2206,0
dls,0.0001,1617,3.234,0.0406028,0.068403,0.051722,87.3232,0
dls,0.0001,1618,3.236,0.0398872,0.0672171,0.0505871,87.4284,0
dls,0.0001,1619,3.238,0.0391872,0.0660573,0.0495111,87.5355,0
dls,0.0001,1620,3.24,0.0385027,0.0649233,0.0484921,87.6438,0
dls,0.0001,1621,3.242,0.0378333,0.0638145,0.0475281,87.7524,0
dls,0.0001,1622,3.244,0.0371788,0.0627307,0.046617,87.8608,0
dls,0.0001,1623,3.246,0.036539,0.0616714,0.0457568,87.9681,0
dls,0.0001,1624,3.248,0.0359137,0.0606361,0.0449457,88.0739,0
dls,0.0001,1625,3.25,0.0353024,0.0596244,0.0441818,88.1774,0
dls,0.0001,1626,3.252,0.034705,0.0586359,0.0434633,88.2782,0
dls,0.0001,1627,3.254,0.0341211,0.0576701,0.0427884,88.3757,0
dls,0.0001,1628,3.256,0.0335506,0.0567264,0.0421554,88.4693,0
dls,0.0001,1629,3.258,0.032993,0.0558045,0.0415626,88.5586,0
dls,0.0001,1630,3.26,0.0324482,0.0549039,0.0410085,88.6431,0
dls,0.0001,1631,3.262,0.0319158,0.0540241,0.0404913,88.7223,0
dls,0.0001,1632,3.264,0.0313956,0.0531646,0.0400097,88.7959,0
dls,0.0001,1633,3.266,0.0308873,0.052325,0.0395621,88.8634,0
dls,0.0001,1634,3.268,0.0303907,0.0515049,0.0391471,88.9245,0
dls,0.0001,1635,3.27,0.0299054,0.0507038,0.0387632,88.9789,0
dls,0.0001,1636,3.272,0.0294313,0.0499212,0.0384092,89.0261,0
dls,0.0001,1637,3.274,0.028968,0.0491567,0.0380837,89.066,0
dls,0.0001,1638,3.276,0.0285153,0.04841,0.0377854,89.0981,0
dls,0.0001,1639,3.278,0.028073,0.0476806,0.0375132,89.1224,0
dls,0.0001,1640,3.28,0.0276409,0.0469681,0.0372657,89.1385,0
dls,0.0001,1641,3.282,0.0272186,0.0462721,0.0370419,89.1462,0
dls,0.0001,1642,3.284,0.026806,0.0455922,0.0368405,89.1453,0
dls,0.0001,1643,3.286,0.0264029,0.044928,0.0366606,89.1358,0
dls,0.0001,1644,3.288,0.0260089,0.0442792,0.0365011,89.1173,0
dls,0.0001,1645,3.29,0.025624,0.0436454,0.0363609,89.0899,0
dls,0.0001,1646,3.292,0.0252479,0.0430263,0.036239,89.0533,0
dls,0.0001,1647,3.294,0.0248804,0.0424214,0.0361345,89.0076,0
dls,0.0001,1648,3.296,0.0245212,0.0418305,0.0360465,88.9526,0
dls,0.0001,1649,3.298,0.0241703,0.0412533,0.035974,88.8883,0
dls,0.0001,1650,3.3,0.0238273,0.0406893,0.0359162,88.8147,0
dls,0.0001,1651,3.302,0.0234922,0.0401383,0.0358723,88.7317,0
dls,0.0001,1652,3.304,0.0231647,0.0396,0.0358414,88.6394,0
dls,0.0001,1653,3.306,0.0228447,0.0390741,0.0358228,88.5378,0
dls,0.0001,1654,3.308,0.0225319,0.0385603,0.0358157,88.427,0
dls,0.0001,1655,3.31,0.0222263,0.0380583,0.0358193,88.3069,0
dls,0.0001,1656,3.312,0.0219276,0.0375678,0.0358331,88.1778,0
dls,0.0001,1657,3.314,0.0216357,0.0370885,0.0358563,88.0395,0
dls,0.0001,1658,3.316,0.0213504,0.0366202,0.0358882,87.8924,0
dls,0.0001,1659,3.318,0.0210715,0.0361627,0.0359283,87.7364,0
dls,0.0001,1660,3.32,0.020799,0.0357156,0.035976,87.5718,0
dls,0.0001,1661,3.322,0.0205327,0.0352787,0.0360306,87.3986,0
dls,0.0001,1662,3.324,0.0202724,0.0348518,0.0360917,87.217,0
dls,0.0001,1663,3.326,0.020018,0.0344346,0.0361588,87.0272,0
dls,0.0001,1664,3.328,0.0197693,0.0340269,0.0362312,86.8293,0
dls,0.0001,1665,3.33,0.0195262,0.0336286,0.0363086,86.6235,0
dls,0.0001,1666,3.332,0.0192887,0.0332392,0.0363905,86.4101,0
dls,0.0001,1667,3.334,0.0190565,0.0328588,0.0364765,86.1891,0
dls,0.0001,1668,3.336,0.0188295,0.0324869,0.0365661,85.9608,0
dls,0.0001,1669,3.338,0.0186076,0.0321235,0.0366589,85.7255,0
dls,0.0001,1670,3.34,0.0183908,0.0317684,0.0367547,85.4833,0
dls,0.0001,1671,3.342,0.0181788,0.0314213,0.0368529,85.2344,0
dls,0.0001,1672,3.344,0.0179716,0.031082,0.0369534,84.9791,0
dls,0.0001,1673,3.346,0.017769,0.0307504,0.0370558,84.7175,0
dls,0.0001,1674,3.348,0.017571,0.0304263,0.0371597,84.45,0
dls,0.0001,1675,3.35,0.0173775,0.0301096,0.037265,84.1767,0
dls,0.0001,1676,3.352,0.0171883,0.0297999,0.0373713,83.8979,0
dls,0.0001,1677,3.354,0.0170033,0.0294973,0.0374784,83.6137,0
dls,0.0001,1678,3.356,0.0168225,0.0292014,0.0375861,83.3245,0
dls,0.0001,1679,3.358,0.0166457,0.0289123,0.0376941,83.0305,0
dls,0.0001,1680,3.36,0.0164729,0.0286296,0.0378022,82.7318,0
dls,0.0001,1681,3.362,0.016304,0.0283532,0.0379103,82.4288,0
dls,0.0001,1682,3.364,0.0161389,0.0280831,0.0380182,82.1215,0
dls,0.0001,1683,3.366,0.0159774,0.027819,0.0381256,81.8104,0
dls,0.0001,1684,3.368,0.0158196,0.0275609,0.0382326,81.4955,0
dls,0.0001,1685,3.37,0.0156653,0.0273085,0.0383388,81.1771,0
dls,0.0001,1686,3.372,0.0155144,0.0270618,0.0384442,80.8554,0
dls,0.0001,1687,3.374,0.015367,0.0268206,0.0385487,80.5307,0
dls,0.0001,1688,3.376,0.0152228,0.0265848,0.0386522,80.203,0
dls,0.0001,1689,3.378,0.0150818,0.0263543,0.0387544,79.8727,0
dls,0.0001,1690,3.38,0.014944,0.0261289,0.0388555,79.54,0
dls,0.0001,1691,3.382,0.0148093,0.0259085,0.0389552,79.2049,0
dls,0.0001,1692,3.384,0.0146775,0.025693,0.0390536,78.8678,0
dls,0.0001,1693,3.386,0.0145488,0.0254824,0.0391504,78.5288,0
dls,0.0001,1694,3.388,0.0144229,0.0252764,0.0392458,78.1881,0
dls,0.0001,1695,3.39,0.0142998,0.025075,0.0393396,77.8458,0
dls,0.0001,1696,3.392,0.0141794,0.0248781,0.0394317,77.5022,0
dls,0.0001,1697,3.394,0.0140617,0.0246856,0.0395222,77.1573,0
dls,0.0001,1698,3.396,0.0139467,0.0244973,0.039611,76.8115,0
dls,0.0001,1699,3.398,0.0138342,0.0243132,0.0396981,76.4647,0
dls,0.0001,1700,3.4,0.0137243,0.0241332,0.0397834,76.1172,0
dls,0.0001,1701,3.402,0.0136168,0.0239572,0.039867,75.7692,0
dls,0.0001,1702,3.404,0.0135117,0.0237851,0.0399487,75.4206,0
dls,0.0001,1703,3.406,0.0134089,0.0236168,0.0400287,75.0718,0
dls,0.0001,1704,3.408,0.0133085,0.0234523,0.0401069,74.7228,0
dls,0.0001,1705,3.41,0.0132102,0.0232913,0.0401832,74.3738,0
dls,0.0001,1706,3.412,0.0131142,0.023134,0.0402578,74.0248,0
dls,0.0001,1707,3.414,0.0130203,0.0229801,0.0403305,73.676,0
dls,0.0001,1708,3.416,0.0129285,0.0228296,0.0404015,73.3275,0
dls,0.0001,1709,3.418,0.0128388,0.0226825,0.0404707,72.9795,0
dls,0.0001,1710,3.42,0.0127511,0.0225385,0.040538,72.6319,0
dls,0.0001,1711,3.422,0.0126653,0.0223978,0.0406037,72.285,0
dls,0.0001,1712,3.424,0.0125814,0.0222602,0.0406675,71.9387,0
dls,0.0001,1713,3.426,0.0124995,0.0221256,0.0407296,71.5933,0
dls,0.0001,1714,3.428,0.0124193,0.021994,0.0409702,71.2487,0
dls,0.0001,1715,3.43,0.012341,0.0218653,0.04127,70.9051,0
dls,0.0001,1716,3.432,0.0122644,0.0217394,0.0415624,70.5626,0
dls,0.0001,1717,3.434,0.0121895,0.0216163,0.0418473,70.2211,0
dls,0.0001,1718,3.436,0.0121163,0.0214959,0.0421251,69.8809,0
dls,0.0001,1719,3.438,0.0120447,0.0213781,0.0423957,69.5419,0
dls,0.0001,1720,3.44,0.0119748,0.021263,0.0426594,69.2042,0
dls,0.0001,1721,3.442,0.0119064,0.0211503,0.0429163,68.8679,0
dls,0.0001,1722,3.444,0.0118395,0.0210402,0.0431666,68.533,0
dls,0.0001,1723,3.446,0.0117742,0.0209325,0.0434103,68.1996,0
dls,0.0001,1724,3.448,0.0117103,0.0208271,0.0436475,67.8678,0
dls,0.0001,1725,3.45,0.0116478,0.0207241,0.0438786,67.5375,0
dls,0.0001,1726,3.452,0.0115868,0.0206233,0.0441034,67.2089,0
dls,0.0001,1727,3.454,0.0115271,0.0205247,0.0443223,66.8819,0
dls,0.0001,1728,3.456,0.0114688,0.0204283,0.0445353,66.5566,0
dls,0.0001,1729,3.458,0.0114117,0.0203341,0.0447425,66.233,0
dls,0.0001,1730,3.46,0.011356,0.0202419,0.0449441,65.9113,0
dls,0.0001,1731,3.462,0.0113015,0.0201517,0.0451401,65.5913,0
dls,0.0001,1732,3.464,0.0112483,0.0200635,0.0453308,65.2732,0
dls,0.0001,1733,3.466,0.0111962,0.0199772,0.0455163,64.9569,0
dls,0.0001,1734,3.468,0.0111453,0.0198928,0.0456965,64.6425,0
dls,0.0001,1735,3.47,0.0110956,0.0198103,0.0458718,64.33,0
dls,0.0001,1736,3.472,0.011047,0.0197296,0.0460421,64.0195,0
dls,0.0001,1737,3.474,0.0109995,0.0196506,0.0462076,63.7109,0
dls,0.0001,1738,3.476,0.0109531,0.0195734,0.0463684,63.4042,0
dls,0.0001,1739,3.478,0.0109077,0.0194979,0.0465246,63.0995,0
dls,0.0001,1740,3.48,0.0108633,0.019424,0.0466763,62.7968,0
dls,0.0001,1741,3.482,0.01082,0.0193517,0.0468237,62.4961,0
dls,0.0001,1742,3.484,0.0107776,0.019281,0.0469667,62.1975,0
dls,0.0001,1743,3.486,0.0107362,0.0192119,0.0471056,61.9008,0
dls,0.0001,1744,3.488,0.0106958,0.0191443,0.0472404,61.6061,0
dls,0.0001,1745,3.49,0.0106562,0.0190782,0.0473712,61.3135,0
dls,0.0001,1746,3.492,0.0106176,0.0190135,0.0474981,61.023,0
dls,0.0001,1747,3.494,0.0105798,0.0189502,0.0476213,60.7344,0
dls,0.0001,1748,3.496,0.0105429,0.0188883,0.0477407,60.4479,0
dls,0.0001,1749,3.498,0.0105068,0.0188278,0.0478565,60.1635,0
dls,0.0001,1750,3.5,0.0104716,0.0187686,0.0479687,59.8811,0
dls,0.0001,1751,3.502,0.0104372,0.0187106,0.0480776,59.6007,0
dls,0.0001,1752,3.504,0.0104035,0.018654,0.048183,59.3224,0
dls,0.0001,1753,3.506,0.0103707,0.0185986,0.0482852,59.0461,0
dls,0.0001,1754,3.508,0.0103385,0.0185443,0.0483842,58.7718,0
dls,0.0001,1755,3.51,0.0103071,0.0184913,0.04848,58.4996,0
dls,0.0001,1756,3.512,0.0102765,0.0184394,0.0485728,58.2294,0
dls,0.0001,1757,3.514,0.0102465,0.0183887,0.0486626,57.9612,0
dls,0.0001,1758,3.516,0.0102172,0.0183391,0.0487495,57.695,0
dls,0.0001,1759,3.518,0.0101886,0.0182905,0.0488336,57.4309,0
dls,0.0001,1760,3.52,0.0101607,0.018243,0.048915,57.1687,0
dls,0.0001,1761,3.522,0.0101334,0.0181966,0.0489936,56.9085,0
dls,0.0001,1762,3.524,0.0101067,0.0181511,0.0490696,56.6503,0
dls,0.0001,1763,3.526,0.0100807,0.0181067,0.049143,56.3941,0
dls,0.0001,1764,3.528,0.0100552,0.0180632,0.049214,56.1398,0
dls,0.0001,1765,3.53,0.0100303,0.0180206,0.0492825,55.8875,0
dls,0.0001,1766,3.532,0.0100061,0.017979,0.0493486,55.6371,0
dls,0.0001,1767,3.534,0.00998234,0.0179383,0.0494124,55.3887,0
dls,0.0001,1768,3.536,0.00995916,0.0178985,0.049474,55.1422,0
dls,0.0001,1769,3.538,0.00993653,0.0178595,0.0495333,54.8976,0
dls,0.0001,1770,3.54,0.00991442,0.0178214,0.0495905,54.6549,0
dls,0.0001,1771,3.542,0.00989283,0.0177841,0.0496456,54.4141,0
dls,0.0001,1772,3.544,0.00987174,0.0177476,0.0496987,54.1751,0
dls,0.0001,1773,3.546,0.00985114,0.0177119,0.0497498,53.938,0
dls,0.0001,1774,3.548,0.00983102,0.017677,0.0497989,53.7028,0
dls,0.0001,1775,3.55,0.00981138,0.0176428,0.0498461,53.4694,0
dls,0.0001,1776,3.552,0.00979219,0.0176094,0.0498915,53.2378,0
dls,0.0001,1777,3.554,0.00977345,0.0175767,0.0499351,53.0081,0
dls,0.0001,1778,3.556,0.00975516,0.0175447,0.0499769,52.7801,0
dls,0.0001,1779,3.558,0.00973729,0.0175134,0.050017,52.5539,0
dls,0.0001,1780,3.56,0.00971985,0.0174828,0.0500555,52.3295,0
dls,0.0001,1781,3.562,0.00970282,0.0174528,0.0500923,52.1068,0
dls,0.0001,1782,3.564,0.00968619,0.0174235,0.0501275,51.8859,0
dls,0.0001,1783,3.566,0.00966995,0.0173948,0.0501612,51.6667,0
dls,0.0001,1784,3.568,0.0096541,0.0173668,0.0501934,51.4493,0
dls,0.0001,1785,3.57,0.00963862,0.0173393,0.0502241,51.2335,0
dls,0.0001,1786,3.572,0.00962351,0.0173124,0.0502534,51.0194,0
dls,0.0001,1787,3.574,0.00960877,0.0172861,0.0502812,50.807,0
dls,0.0001,1788,3.576,0.00959437,0.0172604,0.0503077,50.5963,0
dls,0.0001,1789,3.578,0.00958032,0.0172352,0.0503329,50.3871,0
dls,0.0001,1790,3.58,0.0095666,0.0172106,0.0503568,50.1797,0
dls,0.0001,1791,3.582,0.00955321,0.0171865,0.0503794,49.9738,0
dls,0.0001,1792,3.584,0.00954014,0.0171629,0.0504008,49.7696,0
dls,0.0001,1793,3.586,0.00952739,0.0171398,0.050421,49.5669,0
dls,0.0001,1794,3.588,0.00951494,0.0171172,0.0504401,49.3658,0
dls,0.0001,1795,3.59,0.0095028,0.0170951,0.0504579,49.1663,0
dls,0.0001,1796,3.592,0.00949094,0.0170734,0.0504747,48.9683,0
dls,0.0001,1797,3.594,0.00947938,0.0170523,0.0504904,48.7718,0
dls,0.0001,1798,3.596,0.00946809,0.0170315,0.050505,48.5769,0
dls,0.0001,1799,3.598,0.00945708,0.0170113,0.0505186,48.3835,0
dls,0.0001,1800,3.6,0.00944634,0.0169914,0.0505312,48.1915,0
dls,0.0001,1801,3.602,0.00943586,0.016972,0.0505428,48.0011,0
dls,0.0001,1802,3.604,0.00942564,0.0169529,0.0505535,47.8121,0
dls,0.0001,1803,3.606,0.00941566,0.0169343,0.0505632,47.6246,0
dls,0.0001,1804,3.608,0.00940594,0.0169161,0.050572,47.4385,0
dls,0.0001,1805,3.61,0.00939645,0.0168983,0.0505799,47.2538,0
dls,0.0001,1806,3.612,0.00938719,0.0168808,0.050587,47.0705,0
dls,0.0001,1807,3.614,0.00937817,0.0168637,0.0505932,46.8887,0
dls,0.0001,1808,3.616,0.00936937,0.016847,0.0505986,46.7082,0
dls,0.0001,1809,3.618,0.00936078,0.0168306,0.0506032,46.5291,0
dls,0.0001,1810,3.62,0.00935241,0.0168145,0.050607,46.3513,0
dls,0.0001,1811,3.622,0.00934425,0.0167988,0.0506101,46.1749,0
dls,0.0001,1812,3.624,0.0093363,0.0167835,0.0506124,45.9998,0
dls,0.0001,1813,3.626,0.00932854,0.0167684,0.0506139,45.8261,0
dls,0.0001,1814,3.628,0.00932098,0.0167537,0.0506148,45.6536,0
dls,0.0001,1815,3.63,0.00931361,0.0167392,0.050615,45.4825,0
dls,0.0001,1816,3.632,0.00930643,0.0167251,0.0506145,45.3126,0
dls,0.0001,1817,3.634,0.00929943,0.0167113,0.0506134,45.144,0
dls,0.0001,1818,3.636,0.00929261,0.0166977,0.0506116,44.9767,0
dls,0.0001,1819,3.638,0.00928596,0.0166844,0.0506092,44.8106,0
dls,0.0001,1820,3.64,0.00927948,0.0166714,0.0506062,44.6457,0
dls,0.0001,1821,3.642,0.00927317,0.0166587,0.0506026,44.4821,0
dls,0.0001,1822,3.644,0.00926703,0.0166462,0.0505984,44.3197,0
dls,0.0001,1823,3.646,0.00926104,0.016634,0.0505936,44.1585,0
dls,0.0001,1824,3.648,0.0092552,0.016622,0.0505883,43.9984,0
dls,0.0001,1825,3.65,0.00924952,0.0166103,0.0505825,43.8396,0
dls,0.0001,1826,3.652,0.00924399,0.0165988,0.0505761,43.6819,0
dls,0.0001,1827,3.654,0.0092386,0.0165876,0.0505693,43.5253,0
dls,0.0001,1828,3.656,0.00923336,0.0165766,0.0505619,43.3699,0
dls,0.0001,1829,3.658,0.00922825,0.0165658,0.050554,43.2157,0
dls,0.0001,1830,3.66,0.00922328,0.0165552,0.0505457,43.0625,0
dls,0.0001,1831,3.662,0.00921844,0.0165448,0.0505369,42.9105,0
dls,0.0001,1832,3.664,0.00921373,0.0165347,0.0505276,42.7595,0
dls,0.0001,1833,3.666,0.00920915,0.0165247,0.0505179,42.6097,0
dls,0.0001,1834,3.668,0.00920469,0.016515,0.0505078,42.4609,0
dls,0.0001,1835,3.67,0.00920036,0.0165054,0.0504972,42.3132,0
dls,0.0001,1836,3.672,0.00919614,0.016496,0.0504863,42.1666,0
dls,0.0001,1837,3.674,0.00919203,0.0164869,0.0504749,42.021,0
dls,0.0001,1838,3.676,0.00918804,0.0164779,0.0504632,41.8764,0
dls,0.0001,1839,3.678,0.00918416,0.016469,0.050451,41.7329,0
dls,0.0001,1840,3.68,0.00918039,0.0164604,0.0504385,41.5904,0
dls,0.0001,1841,3.682,0.00917672,0.0164519,0.0504257,41.4489,0
dls,0.0001,1842,3.684,0.00917315,0.0164436,0.0504124,41.3083,0
dls,0.0001,1843,3.686,0.00916969,0.0164354,0.0503989,41.1688,0
dls,0.0001,1844,3.688,0.00916632,0.0164274,0.0503849,41.0303,0
dls,0.0001,1845,3.69,0.00916305,0.0164196,0.0503707,40.8927,0
dls,0.0001,1846,3.692,0.00915987,0.0164119,0.0503561,40.7561,0
dls,0.0001,1847,3.694,0.00915679,0.0164043,0.0503413,40.6204,0
dls,0.0001,1848,3.696,0.00915379,0.0163969,0.0503261,40.4857,0
dls,0.0001,1849,3.698,0.00915088,0.0163897,0.0503106,40.3519,0
dls,0.0001,1850,3.7,0.00914806,0.0163826,0.0502948,40.219,0
dls,0.0001,1851,3.702,0.00914532,0.0163756,0.0502787,40.0871,0
dls,0.0001,1852,3.704,0.00914266,0.0163687,0.0502624,39.956,0
dls,0.0001,1853,3.706,0.00914009,0.016362,0.0502457,39.8259,0
dls,0.0001,1854,3.708,0.00913759,0.0163554,0.0502289,39.6966,0
dls,0.0001,1855,3.71,0.00913516,0.0163489,0.0502117,39.5682,0
dls,0.0001,1856,3.712,0.00913281,0.0163425,0.0501943,39.4407,0
dls,0.0001,1857,3.714,0.00913053,0.0163363,0.0501766,39.3141,0
dls,0.0001,1858,3.716,0.00912833,0.0163301,0.0501587,39.1883,0
dls,0.0001,1859,3.718,0.00912619,0.0163241,0.0501406,39.0634,0
dls,0.0001,1860,3.72,0.00912412,0.0163182,0.0501222,38.9393,0
dls,0.0001,1861,3.722,0.00912211,0.0163124,0.0501036,38.816,0
dls,0.0001,1862,3.724,0.00912018,0.0163067,0.0500848,38.6936,0
dls,0.0001,1863,3.726,0.0091183,0.0163011,0.0500657,38.5719,0
dls,0.0001,1864,3.728,0.00911648,0.0162956,0.0500465,38.4511,0
dls,0.0001,1865,3.73,0.00911473,0.0162902,0.050027,38.3311,0
dls,0.0001,1866,3.732,0.00911303,0.0162849,0.0500073,38.2119,0
dls,0.0001,1867,3.734,0.00911139,0.0162797,0.0499875,38.0935,0
dls,0.0001,1868,3.736,0.00910981,0.0162745,0.0499674,37.9758,0
dls,0.0001,1869,3.738,0.00910828,0.0162695,0.0499472,37.8589,0
dls,0.0001,1870,3.74,0.0091068,0.0162645,0.0499267,37.7428,0
dls,0.0001,1871,3.742,0.00910538,0.0162597,0.0499061,37.6275,0
dls,0.0001,1872,3.744,0.009104,0.0162549,0.0498853,37.5129,0
dls,0.0001,1873,3.746,0.00910268,0.0162502,0.0498643,37.399,0
dls,0.0001,1874,3.748,0.0091014,0.0162455,0.0498432,37.2859,0
dls,0.0001,1875,3.75,0.00910017,0.016241,0.0498219,37.1735,0
dls,0.0001,1876,3.752,0.00909899,0.0162365,0.0498004,37.0618,0
dls,0.0001,1877,3.754,0.00909785,0.0162321,0.0497787,36.9508,0
dls,0.0001,1878,3.756,0.00909676,0.0162278,0.0497569,36.8406,0
dls,0.0001,1879,3.758,0.00909571,0.0162235,0.049735,36.7311,0
dls,0.0001,1880,3.76,0.0090947,0.0162193,0.0497129,36.6222,0
dls,0.0001,1881,3.762,0.00909373,0.0162151,0.0496906,36.5141,0
dls,0.0001,1882,3.764,0.0090928,0.0162111,0.0496683,36.4066,0
dls,0.0001,1883,3.766,0.00909191,0.0162071,0.0496457,36.2998,0
dls,0.0001,1884,3.768,0.00909106,0.0162031,0.049623,36.1937,0
dls,0.0001,1885,3.77,0.00909024,0.0161992,0.0496002,36.0883,0
dls,0.0001,1886,3.772,0.00908946,0.0161954,0.0495773,35.9835,0
dls,0.0001,1887,3.774,0.00908872,0.0161916,0.0495542,35.8794,0
dls,0.0001,1888,3.776,0.009088,0.0161879,0.049531,35.7759,0
dls,0.0001,1889,3.778,0.00908733,0.0161843,0.0495077,35.6731,0
dls,0.0001,1890,3.78,0.00908668,0.0161807,0.0494842,35.5709,0
dls,0.0001,1891,3.782,0.00908607,0.0161771,0.0494607,35.4693,0
dls,0.0001,1892,3.784,0.00908548,0.0161736,0.049437,35.3684,0
dls,0.0001,1893,3.786,0.00908493,0.0161701,0.0494132,35.2681,0
dls,0.0001,1894,3.788,0.00908441,0.0161667,0.0493893,35.1684,0
dls,0.0001,1895,3.79,0.00908391,0.0161634,0.0493652,35.0693,0
dls,0.0001,1896,3.792,0.00908345,0.0161601,0.0493411,34.9708,0
dls,0.0001,1897,3.794,0.009083,0.0161568,0.0493168,34.8729,0
dls,0.0001,1898,3.796,0.00908259,0.0161536,0.0492925,34.7756,0
dls,0.0001,1899,3.798,0.0090822,0.0161504,0.049268,34.6789,0
dls,0.0001,1900,3.8,0.00908184,0.0161472,0.0492435,34.5828,0
dls,0.0001,1901,3.802,0.0090815,0.0161441,0.0492188,34.4873,0
dls,0.0001,1902,3.804,0.00908118,0.0161411,0.049194,34.3923,0
dls,0.0001,1903,3.806,0.00908089,0.016138,0.0491692,34.2979,0
dls,0.0001,1904,3.808,0.00908062,0.0161351,0.0491442,34.2041,0
dls,0.0001,1905,3.81,0.00908037,0.0161321,0.0491192,34.1108,0
dls,0.0001,1906,3.812,0.00908015,0.0161292,0.049094,34.0181,0
dls,0.0001,1907,3.814,0.00907994,0.0161263,0.0490688,33.9259,0
dls,0.0001,1908,3.816,0.00907975,0.0161235,0.0490435,33.8343,0
dls,0.0001,1909,3.818,0.00907959,0.0161207,0.0490181,33.7432,0
dls,0.0001,1910,3.82,0.00907944,0.0161179,0.0489926,33.6527,0
dls,0.0001,1911,3.822,0.00907931,0.0161151,0.048967,33.5627,0
dls,0.0001,1912,3.824,0.0090792,0.0161124,0.0489414,33.4732,0
dls,0.0001,1913,3.826,0.0090791,0.0161097,0.0489156,33.3842,0
dls,0.0001,1914,3.828,0.00907903,0.016107,0.0488898,33.2958,0
dls,0.0001,1915,3.83,0.00907897,0.0161044,0.0488639,33.2079,0
dls,0.0001,1916,3.832,0.00907892,0.0161018,0.0488379,33.1204,0
dls,0.0001,1917,3.834,0.00907889,0.0160992,0.0488118,33.0335,0
dls,0.0001,1918,3.836,0.00907888,0.0160967,0.0487857,32.9471,0
dls,0.0001,1919,3.838,0.00907888,0.0160941,0.0487595,32.8612,0
dls,0.0001,1920,3.84,0.00907889,0.0160916,0.0487332,32.7758,0
dls,0.0001,1921,3.842,0.00907892,0.0160892,0.0487068,32.6908,0
dls,0.0001,1922,3.844,0.00907896,0.0160867,0.0486804,32.6064,0
dls,0.0001,1923,3.846,0.00907901,0.0160843,0.0486539,32.5224,0
dls,0.0001,1924,3.848,0.00907908,0.0160819,0.0486273,32.4389,0
dls,0.0001,1925,3.85,0.00907916,0.0160795,0.0486007,32.3559,0
dls,0.0001,1926,3.852,0.00907924,0.0160771,0.048574,32.2734,0
dls,0.0001,1927,3.854,0.00907935,0.0160748,0.0485472,32.1913,0
dls,0.0001,1928,3.856,0.00907946,0.0160724,0.0485204,32.1097,0
dls,0.0001,1929,3.858,0.00907958,0.0160701,0.0484934,32.0285,0
dls,0.0001,1930,3.86,0.00907971,0.0160678,0.0484665,31.9478,0
dls,0.0001,1931,3.862,0.00907985,0.0160656,0.0484394,31.8675,0
dls,0.0001,1932,3.864,0.00908,0.0160633,0.0484123,31.7877,0
dls,0.0001,1933,3.866,0.00908016,0.0160611,0.0483852,31.7083,0
dls,0.0001,1934,3.868,0.00908033,0.0160588,0.0483579,31.6294,0
dls,0.0001,1935,3.87,0.00908051,0.0160566,0.0483306,31.5509,0
dls,0.0001,1936,3.872,0.0090807,0.0160545,0.0483033,31.4729,0
dls,0.0001,1937,3.874,0.00908089,0.0160523,0.0482759,31.3952,0
dls,0.0001,1938,3.876,0.00908109,0.0160501,0.0482484,31.318,0
dls,0.0001,1939,3.878,0.0090813,0.016048,0.0482209,31.2412,0
dls,0.0001,1940,3.88,0.00908151,0.0160459,0.0481933,31.1649,0
dls,0.0001,1941,3.882,0.00908173,0.0160437,0.0481656,31.0889,0
dls,0.0001,1942,3.884,0.00908196,0.0160416,0.0481379,31.0134,0
dls,0.0001,1943,3.886,0.00908219,0.0160395,0.0481102,30.9383,0
dls,0.0001,1944,3.888,0.00908243,0.0160375,0.0480824,30.8635,0
dls,0.0001,1945,3.89,0.00908268,0.0160354,0.0480545,30.7892,0
dls,0.0001,1946,3.892,0.00908293,0.0160334,0.0480266,30.7153,0
dls,0.0001,1947,3.894,0.00908318,0.0160313,0.0479986,30.6418,0
dls,0.0001,1948,3.896,0.00908344,0.0160293,0.0479705,30.5687,0
dls,0.0001,1949,3.898,0.0090837,0.0160273,0.0479425,30.4959,0
dls,0.0001,1950,3.9,0.00908397,0.0160253,0.0479143,30.4236,0
dls,0.0001,1951,3.902,0.00908424,0.0160233,0.0478861,30.3516,0
dls,0.0001,1952,3.904,0.00908452,0.0160213,0.0478579,30.28,0
dls,0.0001,1953,3.906,0.0090848,0.0160193,0.0478296,30.2088,0
dls,0.0001,1954,3.908,0.00908508,0.0160173,0.0478012,30.138,0
dls,0.0001,1955,3.91,0.00908537,0.0160154,0.0477728,30.0675,0
dls,0.0001,1956,3.912,0.00908566,0.0160134,0.0477444,29.9975,0
dls,0.0001,1957,3.914,0.00908595,0.0160115,0.0477159,29.9277,0
dls,0.0001,1958,3.916,0.00908624,0.0160095,0.0476873,29.8584,0
dls,0.0001,1959,3.918,0.00908654,0.0160076,0.0476587,29.7894,0
dls,0.0001,1960,3.92,0.00908683,0.0160057,0.0476301,29.7208,0
dls,0.0001,1961,3.922,0.00908713,0.0160038,0.0476014,29.6525,0
dls,0.0001,1962,3.924,0.00908743,0.0160018,0.0475726,29.5846,0
dls,0.0001,1963,3.926,0.00908774,0.0159999,0.0475438,29.517,0
dls,0.0001,1964,3.928,0.00908804,0.0159981,0.047515,29.4498,0
dls,0.0001,1965,3.93,0.00908834,0.0159962,0.0474861,29.3829,0
dls,0.0001,1966,3.932,0.00908865,0.0159943,0.0474571,29.3164,0
dls,0.0001,1967,3.934,0.00908896,0.0159924,0.0474281,29.2502,0
dls,0.0001,1968,3.936,0.00908926,0.0159905,0.0473991,29.1843,0
dls,0.0001,1969,3.938,0.00908957,0.0159887,0.04737,29.1188,0
dls,0.0001,1970,3.94,0.00908988,0.0159868,0.0473409,29.0536,0
dls,0.0001,1971,3.942,0.00909018,0.0159849,0.0473117,28.9888,0
dls,0.0001,1972,3.944,0.00909049,0.0159831,0.0472825,28.9243,0
dls,0.0001,1973,3.946,0.0090908,0.0159813,0.0472532,28.8601,0
dls,0.0001,1974,3.948,0.0090911,0.0159794,0.0472239,28.7962,0
dls,0.0001,1975,3.95,0.00909141,0.0159776,0.0471945,28.7326,0
dls,0.0001,1976,3.952,0.00909172,0.0159757,0.0471651,28.6694,0
dls,0.0001,1977,3.954,0.00909202,0.0159739,0.0471356,28.6065,0
dls,0.0001,1978,3.956,0.00909232,0.0159721,0.0471061,28.5439,0
dls,0.0001,1979,3.958,0.00909262,0.0159703,0.0470766,28.4816,0
dls,0.0001,1980,3.96,0.00909292,0.0159684,0.047047,28.4196,0
dls,0.0001,1981,3.962,0.00909322,0.0159666,0.0470174,28.3579,0
dls,0.0001,1982,3.964,0.00909352,0.0159648,0.0469877,28.2966,0
dls,0.0001,1983,3.966,0.00909382,0.015963,0.046958,28.2355,0
dls,0.0001,1984,3.968,0.00909411,0.0159612,0.0469282,28.1747,0
dls,0.0001,1985,3.97,0.0090944,0.0159594,0.0468984,28.1143,0
dls,0.0001,1986,3.972,0.00909469,0.0159576,0.0468685,28.0541,0
dls,0.0001,1987,3.974,0.00909498,0.0159558,0.0468386,27.9943,0
dls,0.0001,1988,3.976,0.00909526,0.015954,0.0468087,27.9347,0
dls,0.0001,1989,3.978,0.00909555,0.0159522,0.0467787,27.8754,0
dls,0.0001,1990,3.98,0.00909583,0.0159504,0.0467487,27.8164,0
dls,0.0001,1991,3.982,0.0090961,0.0159486,0.0467186,27.7577,0
dls,0.0001,1992,3.984,0.00909638,0.0159468,0.0466885,27.6992,0
dls,0.0001,1993,3.986,0.00909665,0.015945,0.0466583,27.6411,0
dls,0.0001,1994,3.988,0.00909691,0.0159432,0.0466281,27.5832,0
dls,0.0001,1995,3.99,0.00909718,0.0159414,0.0465978,27.5257,0
dls,0.0001,1996,3.992,0.00909744,0.0159396,0.0465675,27.4683,0
dls,0.0001,1997,3.994,0.0090977,0.0159378,0.0465372,27.4113,0
dls,0.0001,1998,3.996,0.00909795,0.0159361,0.0465068,27.3546,0
dls,0.0001,1999,3.998,0.0090982,0.0159343,0.0464764,27.2981,0
dls,0.0001,2000,4.0,0.00909845,0.0159325,0.0464459,27.2418,0
dls,0.0001,2001,4.002,0.00909869,0.0159307,0.0464154,27.1859,0
dls,0.0001,2002,4.004,0.00909893,0.0159289,0.0463849,27.1302,0
dls,0.0001,2003,4.006,0.00909917,0.0159271,0.0463543,27.0748,0
dls,0.0001,2004,4.008,0.0090994,0.0159254,0.0463237,27.0196,0
dls,0.0001,2005,4.01,0.00909963,0.0159236,0.046293,26.9647,0
dls,0.0001,2006,4.012,0.00909985,0.0159218,0.0462623,26.9101,0
dls,0.0001,2007,4.014,0.00910007,0.01592,0.0462315,26.8557,0
dls,0.0001,2008,4.016,0.00910028,0.0159182,0.0462007,26.8016,0
dls,0.0001,2009,4.018,0.00910049,0.0159164,0.0461698,26.7477,0
dls,0.0001,2010,4.02,0.0091007,0.0159147,0.0461389,26.6941,0
dls,0.0001,2011,4.022,0.0091009,0.0159129,0.046108,26.6407,0
dls,0.0001,2012,4.024,0.00910109,0.0159111,0.046077,26.5876,0
dls,0.0001,2013,4.026,0.00910128,0.0159093,0.046046,26.5347,0
dls,0.0001,2014,4.028,0.00910147,0.0159075,0.046015,26.4821,0
dls,0.0001,2015,4.03,0.00910165,0.0159057,0.0459838,26.4297,0
dls,0.0001,2016,4.032,0.00910182,0.0159039,0.0459527,26.3775,0
dls,0.0001,2017,4.034,0.00910199,0.0159022,0.0459215,26.3256,0
dls,0.0001,2018,4.036,0.00910215,0.0159004,0.0458903,26.274,0
dls,0.0001,2019,4.038,0.00910231,0.0158986,0.045859,26.2225,0
dls,0.0001,2020,4.04,0.00910247,0.0158968,0.0458277,26.1713,0
dls,0.0001,2021,4.042,0.00910261,0.015895,0.0457963,26.1204,0
dls,0.0001,2022,4.044,0.00910275,0.0158932,0.0457649,26.0696,0
dls,0.0001,2023,4.046,0.00910289,0.0158914,0.0457335,26.0191,0
dls,0.0001,2024,4.048,0.00910302,0.0158896,0.045702,25.9689,0
dls,0.0001,2025,4.05,0.00910315,0.0158878,0.0456705,25.9188,0
dls,0.0001,2026,4.052,0.00910326,0.015886,0.0456389,25.869,0
dls,0.0001,2027,4.054,0.00910338,0.0158842,0.0456073,25.8194,0
dls,0.0001,2028,4.056,0.00910348,0.0158824,0.0455757,25.7701,0
dls,0.0001,2029,4.058,0.00910358,0.0158806,0.045544,25.7209,0
dls,0.0001,2030,4.06,0.00910368,0.0158788,0.0455122,25.672,0
dls,0.0001,2031,4.062,0.00910377,0.015877,0.0454805,25.6233,0
dls,0.0001,2032,4.064,0.00910385,0.0158752,0.0454486,25.5748,0
dls,0.0001,2033,4.066,0.00910392,0.0158734,0.0454168,25.5265,0
dls,0.0001,2034,4.068,0.00910399,0.0158716,0.0453849,25.4785,0
dls,0.0001,2035,4.07,0.00910405,0.0158698,0.0453529,25.4306,0
dls,0.0001,2036,4.072,0.00910411,0.015868,0.0453209,25.383,0
dls,0.0001,2037,4.074,0.00910416,0.0158662,0.0452889,25.3356,0
dls,0.0001,2038,4.076,0.0091042,0.0158644,0.0452568,25.2884,0
dls,0.0001,2039,4.078,0.00910424,0.0158626,0.0452247,25.2414,0
dls,0.0001,2040,4.08,0.00910427,0.0158607,0.0451926,25.1946,0
dls,0.0001,2041,4.082,0.00910429,0.0158589,0.0451604,25.148,0
dls,0.0001,2042,4.084,0.0091043,0.0158571,0.0451281,25.1016,0
dls,0.0001,2043,4.086,0.00910431,0.0158553,0.0450958,25.0555,0
dls,0.0001,2044,4.088,0.00910431,0.0158534,0.0450635,25.0095,0
dls,0.0001,2045,4.09,0.00910431,0.0158516,0.0450312,24.9637,0
dls,0.0001,2046,4.092,0.00910429,0.0158498,0.0449987,24.9181,0
dls,0.0001,2047,4.094,0.00910427,0.015848,0.0449663,24.8728,0
dls,0.0001,2048,4.096,0.00910424,0.0158461,0.0449338,24.8276,0
dls,0.0001,2049,4.098,0.00910421,0.0158443,0.0449013,24.7826,0
dls,0.0001,2050,4.1,0.00910417,0.0158425,0.0448687,24.7378,0
dls,0.0001,2051,4.102,0.00910411,0.0158406,0.0448361,24.6932,0
dls,0.0001,2052,4.104,0.00910406,0.0158388,0.0448034,24.6488,0
dls,0.0001,2053,4.106,0.00910399,0.0158369,0.0447707,24.6046,0
dls,0.0001,2054,4.108,0.00910392,0.0158351,0.0447379,24.5606,0
dls,0.0001,2055,4.11,0.00910384,0.0158332,0.0447051,24.5168,0
dls,0.0001,2056,4.112,0.00910375,0.0158314,0.0446723,24.4731,0
dls,0.0001,2057,4.114,0.00910365,0.0158295,0.0446394,24.4296,0
dls,0.0001,2058,4.116,0.00910355,0.0158277,0.0446065,24.3864,0
dls,0.0001,2059,4.118,0.00910344,0.0158258,0.0445736,24.3433,0
dls,0.0001,2060,4.12,0.00910332,0.0158239,0.0445406,24.3004,0
dls,0.0001,2061,4.122,0.00910319,0.0158221,0.0445075,24.2577,0
dls,0.0001,2062,4.124,0.00910306,0.0158202,0.0444744,24.2151,0
dls,0.0001,2063,4.126,0.00910291,0.0158184,0.0444413,24.1728,0
dls,0.0001,2064,4.128,0.00910276,0.0158165,0.0444081,24.1306,0
dls,0.0001,2065,4.13,0.0091026,0.0158146,0.0443749,24.0886,0
dls,0.0001,2066,4.132,0.00910243,0.0158127,0.0443416,24.0467,0
dls,0.0001,2067,4.134,0.00910226,0.0158109,0.0443083,24.0051,0
dls,0.0001,2068,4.136,0.00910207,0.015809,0.044275,23.9636,0
dls,0.0001,2069,4.138,0.00910188,0.0158071,0.0442416,23.9223,0
dls,0.0001,2070,4.14,0.00910168,0.0158052,0.0442082,23.8812,0
dls,0.0001,2071,4.142,0.00910147,0.0158033,0.0441747,23.8402,0
dls,0.0001,2072,4.144,0.00910125,0.0158014,0.0441412,23.7994,0
dls,0.0001,2073,4.146,0.00910103,0.0157995,0.0441076,23.7588,0
dls,0.0001,2074,4.148,0.00910079,0.0157976,0.044074,23.7184,0
dls,0.0001,2075,4.15,0.00910055,0.0157957,0.0440404,23.6781,0
dls,0.0001,2076,4.152,0.0091003,0.0157938,0.0440067,23.638,0
dls,0.0001,2077,4.154,0.00910004,0.0157919,0.043973,23.598,0
dls,0.0001,2078,4.156,0.00909977,0.01579,0.0439392,23.5582,0
dls,0.0001,2079,4.158,0.00909949,0.0157881,0.0439054,23.5186,0
dls,0.0001,2080,4.16,0.0090992,0.0157862,0.0438715,23.4792,0
dls,0.0001,2081,4.162,0.00909891,0.0157843,0.0438376,23.4399,0
dls,0.0001,2082,4.164,0.0090986,0.0157824,0.0438037,23.4007,0
dls,0.0001,2083,4.166,0.00909829,0.0157805,0.0437697,23.3618,0
dls,0.0001,2084,4.168,0.00909797,0.0157785,0.0437356,23.3229,0
dls,0.0001,2085,4.17,0.00909764,0.0157766,0.0437016,23.2843,0
dls,0.0001,2086,4.172,0.0090973,0.0157747,0.0436674,23.2458,0
dls,0.0001,2087,4.174,0.00909695,0.0157728,0.0436333,23.2074,0
dls,0.0001,2088,4.176,0.00909659,0.0157708,0.0435991,23.1693,0
dls,0.0001,2089,4.178,0.00909622,0.0157689,0.0435648,23.1312,0
dls,0.0001,2090,4.18,0.00909584,0.015767,0.0435305,23.0933,0
dls,0.0001,2091,4.182,0.00909546,0.015765,0.0434962,23.0556,0
dls,0.0001,2092,4.184,0.00909506,0.0157631,0.0434618,23.018,0
dls,0.0001,2093,4.186,0.00909466,0.0157611,0.0434274,22.9806,0
dls,0.0001,2094,4.188,0.00909425,0.0157592,0.0433929,22.9433,0
dls,0.0001,2095,4.19,0.00909382,0.0157572,0.0433584,22.9062,0
dls,0.0001,2096,4.192,0.00909339,0.0157553,0.0433239,22.8692,0
dls,0.0001,2097,4.194,0.00909295,0.0157533,0.0432893,22.8324,0
dls,0.0001,2098,4.196,0.0090925,0.0157514,0.0432546,22.7957,0
dls,0.0001,2099,4.198,0.00909204,0.0157494,0.04322,22.7592,0
dls,0.0001,2100,4.2,0.00909157,0.0157474,0.0431852,22.7228,0
dls,0.0001,2101,4.202,0.00909109,0.0157455,0.0431505,22.6866,0
dls,0.0001,2102,4.204,0.0090906,0.0157435,0.0431157,22.6505,0
dls,0.0001,2103,4.206,0.0090901,0.0157415,0.0430808,22.6145,0
dls,0.0001,2104,4.208,0.00908959,0.0157396,0.0430459,22.5787,0
dls,0.0001,2105,4.21,0.00908908,0.0157376,0.043011,22.543,0
dls,0.0001,2106,4.212,0.00908855,0.0157356,0.042976,22.5075,0
dls,0.0001,2107,4.214,0.00908801,0.0157336,0.0429409,22.4721,0
dls,0.0001,2108,4.216,0.00908747,0.0157316,0.0429059,22.4369,0
dls,0.0001,2109,4.218,0.00908691,0.0157297,0.0428707,22.4018,0
dls,0.0001,2110,4.22,0.00908634,0.0157277,0.0428356,22.3668,0
dls,0.0001,2111,4.222,0.00908577,0.0157257,0.0428004,22.3319,0
dls,0.0001,2112,4.224,0.00908518,0.0157237,0.0427651,22.2972,0
dls,0.0001,2113,4.226,0.00908458,0.0157217,0.0427298,22.2627,0
dls,0.0001,2114,4.228,0.00908398,0.0157197,0.0426945,22.2282,0
dls,0.0001,2115,4.23,0.00908336,0.0157177,0.0426591,22.194,0
dls,0.0001,2116,4.232,0.00908274,0.0157157,0.0426237,22.1598,0
dls,0.0001,2117,4.234,0.0090821,0.0157137,0.0425882,22.1258,0
dls,0.0001,2118,4.236,0.00908145,0.0157116,0.0425527,22.0919,0
dls,0.0001,2119,4.238,0.0090808,0.0157096,0.0425172,22.0581,0
dls,0.0001,2120,4.24,0.00908013,0.0157076,0.0424816,22.0245,0
dls,0.0001,2121,4.242,0.00907946,0.0157056,0.0424459,21.9909,0
dls,0.0001,2122,4.244,0.00907877,0.0157036,0.0424102,21.9576,0
dls,0.0001,2123,4.246,0.00907807,0.0157015,0.0423745,21.9243,0
dls,0.0001,2124,4.248,0.00907737,0.0156995,0.0423387,21.8912,0
dls,0.0001,2125,4.25,0.00907665,0.0156975,0.0423029,21.8582,0
dls,0.0001,2126,4.252,0.00907592,0.0156955,0.042267,21.8253,0
dls,0.0001,2127,4.254,0.00907518,0.0156934,0.0422311,21.7926,0
dls,0.0001,2128,4.256,0.00907444,0.0156914,0.0421952,21.76,0
dls,0.0001,2129,4.258,0.00907368,0.0156893,0.0421592,21.7275,0
dls,0.0001,2130,4.26,0.00907291,0.0156873,0.0421231,21.6951,0
dls,0.0001,2131,4.262,0.00907213,0.0156853,0.042087,21.6629,0
dls,0.0001,2132,4.264,0.00907134,0.0156832,0.0420509,21.6307,0
dls,0.0001,2133,4.266,0.00907054,0.0156812,0.0420147,21.5987,0
dls,0.0001,2134,4.268,0.00906973,0.0156791,0.0419785,21.5669,0
dls,0.0001,2135,4.27,0.00906891,0.015677,0.0419423,21.5351,0
dls,0.0001,2136,4.272,0.00906808,0.015675,0.0419059,21.5034,0
dls,0.0001,2137,4.274,0.00906724,0.0156729,0.0418696,21.4719,0
dls,0.0001,2138,4.276,0.00906638,0.0156709,0.0418332,21.4405,0
dls,0.0001,2139,4.278,0.00906552,0.0156688,0.0417968,21.4092,0
dls,0.0001,2140,4.28,0.00906465,0.0156667,0.0417603,21.3781,0
dls,0.0001,2141,4.282,0.00906376,0.0156647,0.0417237,21.347,0
dls,0.0001,2142,4.284,0.00906287,0.0156626,0.0416872,21.3161,0
dls,0.0001,2143,4.286,0.00906196,0.0156605,0.0416506,21.2853,0
dls,0.0001,2144,4.288,0.00906105,0.0156584,0.0416139,21.2546,0
dls,0.0001,2145,4.29,0.00906012,0.0156563,0.0415772,21.224,0
dls,0.0001,2146,4.292,0.00905918,0.0156543,0.0415404,21.1935,0
dls,0.0001,2147,4.294,0.00905823,0.0156522,0.0415036,21.1632,0
dls,0.0001,2148,4.296,0.00905727,0.0156501,0.0414668,21.1329,0
dls,0.0001,2149,4.298,0.0090563,0.015648,0.0414299,21.1028,0
dls,0.0001,2150,4.3,0.00905532,0.0156459,0.041393,21.0727,0
dls,0.0001,2151,4.302,0.00905433,0.0156438,0.041356,21.0428,0
dls,0.0001,2152,4.304,0.00905333,0.0156417,0.041319,21.013,0
dls,0.0001,2153,4.306,0.00905232,0.0156396,0.0412819,20.9833,0
dls,0.0001,2154,4.308,0.00905129,0.0156375,0.0412448,20.9538,0
dls,0.0001,2155,4.31,0.00905026,0.0156354,0.0412077,20.9243,0
dls,0.0001,2156,4.312,0.00904921,0.0156333,0.0411705,20.8949,0
dls,0.0001,2157,4.314,0.00904815,0.0156312,0.0411332,20.8657,0
dls,0.0001,2158,4.316,0.00904708,0.0156291,0.041096,20.8365,0
dls,0.0001,2159,4.318,0.009046,0.0156269,0.0410586,20.8075,0
dls,0.0001,2160,4.32,0.00904491,0.0156248,0.0410213,20.7785,0
dls,0.0001,2161,4.322,0.00904381,0.0156227,0.0409838,20.7497,0
dls,0.0001,2162,4.324,0.0090427,0.0156206,0.0409464,20.721,0
dls,0.0001,2163,4.326,0.00904158,0.0156184,0.0409089,20.6924,0
dls,0.0001,2164,4.328,0.00904044,0.0156163,0.0408713,20.6639,0
dls,0.0001,2165,4.33,0.0090393,0.0156142,0.0408337,20.6354,0
dls,0.0001,2166,4.332,0.00903814,0.0156121,0.0407961,20.6071,0
dls,0.0001,2167,4.334,0.00903697,0.0156099,0.0407584,20.5789,0
dls,0.0001,2168,4.336,0.00903579,0.0156078,0.0407207,20.5508,0
dls,0.0001,2169,4.338,0.0090346,0.0156056,0.0406829,20.5228,0
dls,0.0001,2170,4.34,0.0090334,0.0156035,0.0406451,20.4949,0
dls,0.0001,2171,4.342,0.00903218,0.0156014,0.0406072,20.4671,0
dls,0.0001,2172,4.344,0.00903096,0.0155992,0.0405693,20.4394,0
dls,0.0001,2173,4.346,0.00902972,0.0155971,0.0405314,20.4118,0
dls,0.0001,2174,4.348,0.00902848,0.0155949,0.0404934,20.3843,0
dls,0.0001,2175,4.35,0.00902722,0.0155928,0.0404553,20.3569,0
dls,0.0001,2176,4.352,0.00902595,0.0155906,0.0404172,20.3296,0
dls,0.0001,2177,4.354,0.00902467,0.0155884,0.0403791,20.3024,0
dls,0.0001,2178,4.356,0.00902338,0.0155863,0.0403409,20.2753,0
dls,0.0001,2179,4.358,0.00902207,0.0155841,0.0403027,20.2483,0
dls,0.0001,2180,4.36,0.00902076,0.015582,0.0402644,20.2214,0
dls,0.0001,2181,4.362,0.00901943,0.0155798,0.0402261,20.1945,0
dls,0.0001,2182,4.364,0.00901809,0.0155776,0.0401878,20.1678,0
dls,0.0001,2183,4.366,0.00901674,0.0155754,0.0401494,20.1412,0
dls,0.0001,2184,4.368,0.00901538,0.0155733,0.0401109,20.1147,0
dls,0.0001,2185,4.37,0.00901401,0.0155711,0.0400724,20.0882,0
dls,0.0001,2186,4.372,0.00901263,0.0155689,0.0400339,20.0619,0
dls,0.0001,2187,4.374,0.00901123,0.0155667,0.0399953,20.0356,0
dls,0.0001,2188,4.376,0.00900983,0.0155646,0.0399567,20.0095,0
dls,0.0001,2189,4.378,0.00900841,0.0155624,0.039918,19.9834,0
dls,0.0001,2190,4.38,0.00900698,0.0155602,0.0398793,19.9574,0
dls,0.0001,2191,4.382,0.00900554,0.015558,0.0398406,19.9315,0
dls,0.0001,2192,4.384,0.00900408,0.0155558,0.0398018,19.9057,0
dls,0.0001,2193,4.386,0.00900262,0.0155536,0.0397629,19.88,0
dls,0.0001,2194,4.388,0.00900114,0.0155514,0.039724,19.8544,0
dls,0.0001,2195,4.39,0.00899965,0.0155492,0.0396851,19.8289,0
dls,0.0001,2196,4.392,0.00899816,0.015547,0.0396461,19.8035,0
dls,0.0001,2197,4.394,0.00899664,0.0155448,0.0396071,19.7781,0
dls,0.0001,2198,4.396,0.00899512,0.0155426,0.039568,19.7529,0
dls,0.0001,2199,4.398,0.00899359,0.0155404,0.0395289,19.7277,0
dls,0.0001,2200,4.4,0.00899204,0.0155382,0.0394897,19.7026,0
dls,0.0001,2201,4.402,0.00899048,0.015536,0.0394505,19.6776,0
dls,0.0001,2202,4.404,0.00898891,0.0155338,0.0394113,19.6527,0
dls,0.0001,2203,4.406,0.00898733,0.0155316,0.039372,19.6279,0
dls,0.0001,2204,4.408,0.00898574,0.0155294,0.0393326,19.6032,0
dls,0.0001,2205,4.41,0.00898414,0.0155271,0.0392933,19.5785,0
dls,0.0001,2206,4.412,0.00898252,0.0155249,0.0392538,19.554,0
dls,0.0001,2207,4.414,0.00898089,0.0155227,0.0392143,19.5295,0
dls,0.0001,2208,4.416,0.00897925,0.0155205,0.0391748,19.5051,0
dls,0.0001,2209,4.418,0.0089776,0.0155183,0.0391353,19.4808,0
dls,0.0001,2210,4.42,0.00897594,0.015516,0.0390957,19.4566,0
dls,0.0001,2211,4.422,0.00897426,0.0155138,0.039056,19.4325,0
dls,0.0001,2212,4.424,0.00897258,0.0155116,0.0390163,19.4084,0
dls,0.0001,2213,4.426,0.00897088,0.0155093,0.0389766,19.3844,0
dls,0.0001,2214,4.428,0.00896917,0.0155071,0.0389368,19.3605,0
dls,0.0001,2215,4.43,0.00896744,0.0155049,0.038897,19.3367,0
dls,0.0001,2216,4.432,0.00896571,0.0155026,0.0388571,19.313,0
dls,0.0001,2217,4.434,0.00896396,0.0155004,0.0388172,19.2894,0
dls,0.0001,2218,4.436,0.00896221,0.0154981,0.0387772,19.2658,0
dls,0.0001,2219,4.438,0.00896044,0.0154959,0.0387372,19.2423,0
dls,0.0001,2220,4.44,0.00895865,0.0154936,0.0386971,19.2189,0
dls,0.0001,2221,4.442,0.00895686,0.0154914,0.038657,19.1956,0
dls,0.0001,2222,4.444,0.00895506,0.0154892,0.0386169,19.1723,0
dls,0.0001,2223,4.446,0.00895324,0.0154869,0.0385767,19.1492,0
dls,0.0001,2224,4.448,0.00895141,0.0154846,0.0385365,19.1261,0
dls,0.0001,2225,4.45,0.00894957,0.0154824,0.0384962,19.1031,0
dls,0.0001,2226,4.452,0.00894771,0.0154801,0.0384559,19.0801,0
dls,0.0001,2227,4.454,0.00894585,0.0154779,0.0384155,19.0573,0
dls,0.0001,2228,4.456,0.00894397,0.0154756,0.0383751,19.0345,0
dls,0.0001,2229,4.458,0.00894208,0.0154734,0.0383346,19.0118,0
dls,0.0001,2230,4.46,0.00894018,0.0154711,0.0382941,18.9892,0
dls,0.0001,2231,4.462,0.00893827,0.0154688,0.0382536,18.9667,0
dls,0.0001,2232,4.464,0.00893635,0.0154666,0.038213,18.9442,0
dls,0.0001,2233,4.466,0.00893441,0.0154643,0.0381724,18.9218,0
dls,0.0001,2234,4.468,0.00893246,0.015462,0.0381317,18.8995,0
dls,0.0001,2235,4.47,0.0089305,0.0154597,0.038091,18.8772,0
dls,0.0001,2236,4.472,0.00892853,0.0154575,0.0380502,18.8551,0
dls,0.0001,2237,4.474,0.00892654,0.0154552,0.0380094,18.833,0
dls,0.0001,2238,4.476,0.00892455,0.0154529,0.0379685,18.811,0
dls,0.0001,2239,4.478,0.00892254,0.0154506,0.0379276,18.789,0
dls,0.0001,2240,4.48,0.00892052,0.0154484,0.0378867,18.7671,0
dls,0.0001,2241,4.482,0.00891848,0.0154461,0.0378457,18.7453,0
dls,0.0001,2242,4.484,0.00891644,0.0154438,0.0378047,18.7236,0
dls,0.0001,2243,4.486,0.00891438,0.0154415,0.0377636,18.702,0
dls,0.0001,2244,4.488,0.00891231,0.0154392,0.0377225,18.6804,0
dls,0.0001,2245,4.49,0.00891023,0.0154369,0.0376813,18.6589,0
dls,0.0001,2246,4.492,0.00890814,0.0154347,0.0376401,18.6374,0
dls,0.0001,2247,4.494,0.00890604,0.0154324,0.0375988,18.6161,0
dls,0.0001,2248,4.496,0.00890392,0.0154301,0.0375575,18.5948,0
dls,0.0001,2249,4.498,0.00890179,0.0154278,0.0375162,18.5736,0
dls,0.0001,2250,4.5,0.00889965,0.0154255,0.0374748,18.5524,0
dls,0.0001,2251,4.502,0.0088975,0.0154232,0.0374334,18.5313,0
dls,0.0001,2252,4.504,0.00889533,0.0154209,0.0373919,18.5103,0
dls,0.0001,2253,4.506,0.00889316,0.0154186,0.0373504,18.4894,0
dls,0.0001,2254,4.508,0.00889097,0.0154163,0.0373088,18.4685,0
dls,0.0001,2255,4.51,0.00888877,0.015414,0.0372672,18.4477,0
dls,0.0001,2256,4.512,0.00888655,0.0154117,0.0372256,18.427,0
dls,0.0001,2257,4.514,0.00888433,0.0154094,0.0371839,18.4063,0
dls,0.0001,2258,4.516,0.00888209,0.0154071,0.0371421,18.3857,0
dls,0.0001,2259,4.518,0.00887984,0.0154048,0.0371003,18.3652,0
dls,0.0001,2260,4.52,0.00887758,0.0154024,0.0370585,18.3447,0
dls,0.0001,2261,4.522,0.00887531,0.0154001,0.0370166,18.3243,0
dls,0.0001,2262,4.524,0.00887302,0.0153978,0.0369747,18.304,0
dls,0.0001,2263,4.526,0.00887072,0.0153955,0.0369327,18.2837,0
dls,0.0001,2264,4.528,0.00886841,0.0153932,0.0368907,18.2635,0
dls,0.0001,2265,4.53,0.00886609,0.0153909,0.0368487,18.2434,0
dls,0.0001,2266,4.532,0.00886376,0.0153886,0.0368066,18.2233,0
dls,0.0001,2267,4.534,0.00886141,0.0153862,0.0367644,18.2033,0
dls,0.0001,2268,4.536,0.00885906,0.0153839,0.0367223,18.1834,0
dls,0.0001,2269,4.538,0.00885669,0.0153816,0.03668,18.1635,0
dls,0.0001,2270,4.54,0.0088543,0.0153793,0.0366378,18.1437,0
dls,0.0001,2271,4.542,0.00885191,0.0153769,0.0365954,18.124,0
dls,0.0001,2272,4.544,0.00884951,0.0153746,0.0365531,18.1043,0
dls,0.0001,2273,4.546,0.00884709,0.0153723,0.0365107,18.0847,0
dls,0.0001,2274,4.548,0.00884466,0.01537,0.0364682,18.0651,0
dls,0.0001,2275,4.55,0.00884222,0.0153676,0.0364257,18.0456,0
dls,0.0001,2276,4.552,0.00883976,0.0153653,0.0363832,18.0262,0
dls,0.0001,2277,4.554,0.0088373,0.015363,0.0363406,18.0069,0
dls,0.0001,2278,4.556,0.00883482,0.0153606,0.036298,17.9876,0
dls,0.0001,2279,4.558,0.00883233,0.0153583,0.0362553,17.9683,0
dls,0.0001,2280,4.56,0.00882982,0.015356,0.0362126,17.9492,0
dls,0.0001,2281,4.562,0.00882731,0.0153536,0.0361699,17.93,0
dls,0.0001,2282,4.564,0.00882478,0.0153513,0.0361271,17.911,0
dls,0.0001,2283,4.566,0.00882225,0.015349,0.0360842,17.892,0
dls,0.0001,2284,4.568,0.0088197,0.0153466,0.0360413,17.8731,0
dls,0.0001,2285,4.57,0.00881713,0.0153443,0.0359984,17.8542,0
dls,0.0001,2286,4.572,0.00881456,0.0153419,0.0359554,17.8354,0
dls,0.0001,2287,4.574,0.00881197,0.0153396,0.0359124,17.8167,0
dls,0.0001,2288,4.576,0.00880937,0.0153372,0.0358694,17.798,0
dls,0.0001,2289,4.578,0.00880676,0.0153349,0.0358263,17.7794,0
dls,0.0001,2290,4.58,0.00880414,0.0153326,0.0357831,17.7608,0
dls,0.0001,2291,4.582,0.00880151,0.0153302,0.0357399,17.7423,0
dls,0.0001,2292,4.584,0.00879886,0.0153279,0.0356967,17.7239,0
dls,0.0001,2293,4.586,0.0087962,0.0153255,0.0356534,17.7055,0
dls,0.0001,2294,4.588,0.00879353,0.0153232,0.0356101,17.6872,0
dls,0.0001,2295,4.59,0.00879085,0.0153208,0.0355667,17.6689,0
dls,0.0001,2296,4.592,0.00878816,0.0153185,0.0355233,17.6507,0
dls,0.0001,2297,4.594,0.00878545,0.0153161,0.0354799,17.6325,0
dls,0.0001,2298,4.596,0.00878273,0.0153137,0.0354364,17.6144,0
dls,0.0001,2299,4.598,0.00878,0.0153114,0.0353928,17.5964,0
dls,0.0001,2300,4.6,0.00877726,0.015309,0.0353492,17.5784,0
dls,0.0001,2301,4.602,0.00877451,0.0153067,0.0353056,17.5605,0
dls,0.0001,2302,4.604,0.00877174,0.0153043,0.0352619,17.5426,0
dls,0.0001,2303,4.606,0.00876897,0.015302,0.0352182,17.5248,0
dls,0.0001,2304,4.608,0.00876618,0.0152996,0.0351745,17.5071,0
dls,0.0001,2305,4.61,0.00876338,0.0152972,0.0351307,17.4894,0
dls,0.0001,2306,4.612,0.00876056,0.0152949,0.0350868,17.4718,0
dls,0.0001,2307,4.614,0.00875774,0.0152925,0.0350429,17.4542,0
dls,0.0001,2308,4.616,0.0087549,0.0152902,0.034999,17.4366,0
dls,0.0001,2309,4.618,0.00875205,0.0152878,0.034955,17.4192,0
dls,0.0001,2310,4.62,0.00874919,0.0152854,0.034911,17.4018,0
dls,0.0001,2311,4.622,0.00874632,0.0152831,0.034867,17.3844,0
dls,0.0001,2312,4.624,0.00874343,0.0152807,0.0348229,17.3671,0
dls,0.0001,2313,4.626,0.00874054,0.0152783,0.0347787,17.3499,0
dls,0.0001,2314,4.628,0.00873763,0.015276,0.0347345,17.3327,0
dls,0.0001,2315,4.63,0.00873471,0.0152736,0.0346903,17.3155,0
dls,0.0001,2316,4.632,0.00873178,0.0152712,0.034646,17.2984,0
dls,0.0001,2317,4.634,0.00872884,0.0152688,0.0346017,17.2814,0
dls,0.0001,2318,4.636,0.00872588,0.0152665,0.0345573,17.2644,0
dls,0.0001,2319,4.638,0.00872291,0.0152641,0.0345129,17.2475,0
dls,0.0001,2320,4.64,0.00871994,0.0152617,0.0344685,17.2306,0
dls,0.0001,2321,4.642,0.00871695,0.0152594,0.034424,17.2138,0
dls,0.0001,2322,4.644,0.00871394,0.015257,0.0343795,17.197,0
dls,0.0001,2323,4.646,0.00871093,0.0152546,0.0343349,17.1803,0
dls,0.0001,2324,4.648,0.00870791,0.0152522,0.0342903,17.1636,0
dls,0.0001,2325,4.65,0.00870487,0.0152499,0.0342456,17.147,0
dls,0.0001,2326,4.652,0.00870182,0.0152475,0.0342009,17.1305,0
dls,0.0001,2327,4.654,0.00869876,0.0152451,0.0341562,17.114,0
dls,0.0001,2328,4.656,0.00869569,0.0152427,0.0341114,17.0975,0
dls,0.0001,2329,4.658,0.00869261,0.0152403,0.0340666,17.0811,0
dls,0.0001,2330,4.66,0.00868951,0.015238,0.0340217,17.0648,0
dls,0.0001,2331,4.662,0.0086864,0.0152356,0.0339768,17.0485,0
dls,0.0001,2332,4.664,0.00868329,0.0152332,0.0339318,17.0322,0
dls,0.0001,2333,4.666,0.00868016,0.0152308,0.0338868,17.016,0
dls,0.0001,2334,4.668,0.00867701,0.0152284,0.0338418,16.9999,0
dls,0.0001,2335,4.67,0.00867386,0.0152261,0.0337967,16.9838,0
dls,0.0001,2336,4.672,0.0086707,0.0152237,0.0337515,16.9677,0
dls,0.0001,2337,4.674,0.00866752,0.0152213,0.0337064,16.9517,0
dls,0.0001,2338,4.676,0.00866433,0.0152189,0.0336612,16.9358,0
dls,0.0001,2339,4.678,0.00866113,0.0152165,0.0336159,16.9199,0
dls,0.0001,2340,4.68,0.00865792,0.0152142,0.0335706,16.904,0
dls,0.0001,2341,4.682,0.0086547,0.0152118,0.0335253,16.8882,0
dls,0.0001,2342,4.684,0.00865147,0.0152094,0.0334799,16.8725,0
dls,0.0001,2343,4.686,0.00864822,0.015207,0.0334345,16.8568,0
dls,0.0001,2344,4.688,0.00864497,0.0152046,0.033389,16.8411,0
dls,0.0001,2345,4.69,0.0086417,0.0152022,0.0333435,16.8255,0
dls,0.0001,2346,4.692,0.00863842,0.0151998,0.0332979,16.8099,0
dls,0.0001,2347,4.694,0.00863513,0.0151975,0.0332523,16.7944,0
dls,0.0001,2348,4.696,0.00863183,0.0151951,0.0332067,16.779,0
dls,0.0001,2349,4.698,0.00862852,0.0151927,0.033161,16.7636,0
dls,0.0001,2350,4.7,0.00862519,0.0151903,0.0331153,16.7482,0
dls,0.0001,2351,4.702,0.00862186,0.0151879,0.0330695,16.7329,0
dls,0.0001,2352,4.704,0.00861851,0.0151855,0.0330237,16.7176,0
dls,0.0001,2353,4.706,0.00861515,0.0151831,0.0329779,16.7024,0
dls,0.0001,2354,4.708,0.00861178,0.0151807,0.032932,16.6872,0
dls,0.0001,2355,4.71,0.0086084,0.0151783,0.0328861,16.6721,0
dls,0.0001,2356,4.712,0.00860501,0.015176,0.0328401,16.657,0
dls,0.0001,2357,4.714,0.00860161,0.0151736,0.0327941,16.642,0
dls,0.0001,2358,4.716,0.0085982,0.0151712,0.032748,16.627,0
dls,0.0001,2359,4.718,0.00859477,0.0151688,0.0327019,16.612,0
dls,0.0001,2360,4.72,0.00859133,0.0151664,0.0326558,16.5971,0
dls,0.0001,2361,4.722,0.00858789,0.015164,0.0326096,16.5823,0
dls,0.0001,2362,4.724,0.00858443,0.0151616,0.0325634,16.5675,0
dls,0.0001,2363,4.726,0.00858096,0.0151592,0.0325171,16.5527,0
dls,0.0001,2364,4.728,0.00857748,0.0151568,0.0324708,16.538,0
dls,0.0001,2365,4.73,0.00857399,0.0151544,0.0324245,16.5233,0
dls,0.0001,2366,4.732,0.00857049,0.015152,0.0323781,16.5087,0
dls,0.0001,2367,4.734,0.00856697,0.0151496,0.0323316,16.4941,0
dls,0.0001,2368,4.736,0.00856345,0.0151473,0.0322852,16.4796,0
dls,0.0001,2369,4.738,0.00855991,0.0151449,0.0322387,16.4651,0
dls,0.0001,2370,4.74,0.00855637,0.0151425,0.0321921,16.4506,0
dls,0.0001,2371,4.742,0.00855281,0.0151401,0.0321455,16.4362,0
dls,0.0001,2372,4.744,0.00854924,0.0151377,0.0320989,16.4219,0
dls,0.0001,2373,4.746,0.00854566,0.0151353,0.0320542,16.4076,0
dls,0.0001,2374,4.748,0.00854207,0.0151329,0.0320264,16.3933,0
dls,0.0001,2375,4.75,0.00853847,0.0151305,0.0319985,16.3791,0
dls,0.0001,2376,4.752,0.00853486,0.0151281,0.0319706,16.3649,0
dls,0.0001,2377,4.754,0.00853124,0.0151257,0.0319426,16.3507,0
dls,0.0001,2378,4.756,0.00852761,0.0151233,0.0319146,16.3366,0
dls,0.0001,2379,4.758,0.00852397,0.0151209,0.0318866,16.3226,0
dls,0.0001,2380,4.76,0.00852031,0.0151185,0.0318585,16.3086,0
dls,0.0001,2381,4.762,0.00851665,0.0151161,0.0318304,16.2946,0
dls,0.0001,2382,4.764,0.00851297,0.0151138,0.0318023,16.2807,0
dls,0.0001,2383,4.766,0.00850929,0.0151114,0.0317741,16.2668,0
dls,0.0001,2384,4.768,0.00850559,0.015109,0.0317459,16.2529,0
dls,0.0001,2385,4.77,0.00850188,0.0151066,0.0317176,16.2391,0
dls,0.0001,2386,4.772,0.00849817,0.0151042,0.0316893,16.2254,0
dls,0.0001,2387,4.774,0.00849444,0.0151018,0.031661,16.2117,0
dls,0.0001,2388,4.776,0.0084907,0.0150994,0.0316326,16.198,0
dls,0.0001,2389,4.778,0.00848695,0.015097,0.0316042,16.1844,0
dls,0.0001,2390,4.78,0.00848319,0.0150946,0.0315758,16.1708,0
dls,0.0001,2391,4.782,0.00847942,0.0150922,0.0315473,16.1572,0
dls,0.0001,2392,4.784,0.00847564,0.0150898,0.0315188,16.1437,0
dls,0.0001,2393,4.786,0.00847185,0.0150874,0.0314902,16.1302,0
dls,0.0001,2394,4.788,0.00846805,0.015085,0.0314617,16.1168,0
dls,0.0001,2395,4.79,0.00846424,0.0150826,0.031433,16.1034,0
dls,0.0001,2396,4.792,0.00846042,0.0150803,0.0314044,16.0901,0
dls,0.0001,2397,4.794,0.00845659,0.0150779,0.0313756,16.0768,0
dls,0.0001,2398,4.796,0.00845275,0.0150755,0.0313469,16.0635,0
dls,0.0001,2399,4.798,0.0084489,0.0150731,0.0313181,16.0503,0
dls,0.0001,2400,4.8,0.00844504,0.0150707,0.0312893,16.0371,0
dls,0.0001,2401,4.802,0.00844117,0.0150683,0.0312605,16.024,0
dls,0.0001,2402,4.804,0.00843728,0.0150659,0.0312316,16.0108,0
dls,0.0001,2403,4.806,0.00843339,0.0150635,0.0312026,15.9978,0
dls,0.0001,2404,4.808,0.00842949,0.0150611,0.0311737,15.9848,0
dls,0.0001,2405,4.81,0.00842558,0.0150587,0.0311447,15.9718,0
dls,0.0001,2406,4.812,0.00842166,0.0150563,0.0311156,15.9588,0
dls,0.0001,2407,4.814,0.00841772,0.015054,0.0310865,15.9459,0
dls,0.0001,2408,4.816,0.00841378,0.0150516,0.0310574,15.933,0
dls,0.0001,2409,4.818,0.00840983,0.0150492,0.0310283,15.9202,0
dls,0.0001,2410,4.82,0.00840587,0.0150468,0.0309991,15.9074,0
dls,0.0001,2411,4.822,0.0084019,0.0150444,0.0309698,15.8947,0
dls,0.0001,2412,4.824,0.00839792,0.015042,0.0309406,15.8819,0
dls,0.0001,2413,4.826,0.00839393,0.0150396,0.0309113,15.8693,0
dls,0.0001,2414,4.828,0.00838993,0.0150372,0.0308819,15.8566,0
dls,0.0001,2415,4.83,0.00838592,0.0150349,0.0308526,15.844,0
dls,0.0001,2416,4.832,0.0083819,0.0150325,0.0308231,15.8315,0
dls,0.0001,2417,4.834,0.00837787,0.0150301,0.0307937,15.8189,0
dls,0.0001,2418,4.836,0.00837383,0.0150277,0.0307642,15.8065,0
dls,0.0001,2419,4.838,0.00836978,0.0150253,0.0307347,15.794,0
dls,0.0001,2420,4.84,0.00836572,0.0150229,0.0307051,15.7816,0
dls,0.0001,2421,4.842,0.00836166,0.0150206,0.0306755,15.7692,0
dls,0.0001,2422,4.844,0.00835758,0.0150182,0.0306459,15.7569,0
dls,0.0001,2423,4.846,0.0083535,0.0150158,0.0306162,15.7446,0
dls,0.0001,2424,4.848,0.0083494,0.0150134,0.0305865,15.7323,0
dls,0.0001,2425,4.85,0.0083453,0.015011,0.0305567,15.7201,0
dls,0.0001,2426,4.852,0.00834118,0.0150086,0.030527,15.7079,0
dls,0.0001,2427,4.854,0.00833706,0.0150063,0.0304971,15.6958,0
dls,0.0001,2428,4.856,0.00833293,0.0150039,0.0304673,15.6836,0
dls,0.0001,2429,4.858,0.00832878,0.0150015,0.0304374,15.6716,0
dls,0.0001,2430,4.86,0.00832463,0.0149991,0.0304074,15.6595,0
dls,0.0001,2431,4.862,0.00832047,0.0149967,0.0303775,15.6475,0
dls,0.0001,2432,4.864,0.0083163,0.0149944,0.0303475,15.6355,0
dls,0.0001,2433,4.866,0.00831213,0.014992,0.0303174,15.6236,0
dls,0.0001,2434,4.868,0.00830794,0.0149896,0.0302873,15.6117,0
dls,0.0001,2435,4.87,0.00830374,0.0149872,0.0302572,15.5998,0
dls,0.0001,2436,4.872,0.00829954,0.0149849,0.0302271,15.588,0
dls,0.0001,2437,4.874,0.00829532,0.0149825,0.0301969,15.5762,0
dls,0.0001,2438,4.876,0.0082911,0.0149801,0.0301667,15.5645,0
dls,0.0001,2439,4.878,0.00828687,0.0149777,0.0301364,15.5528,0
dls,0.0001,2440,4.88,0.00828263,0.0149754,0.0301061,15.5411,0
dls,0.0001,2441,4.882,0.00827838,0.014973,0.0300757,15.5294,0
dls,0.0001,2442,4.884,0.00827412,0.0149706,0.0300454,15.5178,0
dls,0.0001,2443,4.886,0.00826986,0.0149683,0.030015,15.5062,0
dls,0.0001,2444,4.888,0.00826558,0.0149659,0.0299845,15.4947,0
dls,0.0001,2445,4.89,0.0082613,0.0149635,0.029954,15.4832,0
dls,0.0001,2446,4.892,0.00825701,0.0149611,0.0299235,15.4717,0
dls,0.0001,2447,4.894,0.00825271,0.0149588,0.0298929,15.4602,0
dls,0.0001,2448,4.896,0.0082484,0.0149564,0.0298624,15.4488,0
dls,0.0001,2449,4.898,0.00824408,0.014954,0.0298317,15.4375,0
dls,0.0001,2450,4.9,0.00823975,0.0149517,0.0298011,15.4261,0
dls,0.0001,2451,4.902,0.00823542,0.0149493,0.0297703,15.4148,0
dls,0.0001,2452,4.904,0.00823108,0.014947,0.0297396,15.4035,0
dls,0.0001,2453,4.906,0.00822673,0.0149446,0.0297088,15.3923,0
dls,0.0001,2454,4.908,0.00822237,0.0149422,0.029678,15.3811,0
dls,0.0001,2455,4.91,0.008218,0.0149399,0.0296472,15.3699,0
dls,0.0001,2456,4.912,0.00821363,0.0149375,0.0296163,15.3588,0
dls,0.0001,2457,4.914,0.00820924,0.0149351,0.0295854,15.3477,0
dls,0.0001,2458,4.916,0.00820485,0.0149328,0.0295544,15.3366,0
dls,0.0001,2459,4.918,0.00820045,0.0149304,0.0295234,15.3256,0
dls,0.0001,2460,4.92,0.00819605,0.0149281,0.0294924,15.3146,0
dls,0.0001,2461,4.922,0.00819163,0.0149257,0.0294613,15.3036,0
dls,0.0001,2462,4.924,0.00818721,0.0149234,0.0294302,15.2927,0
dls,0.0001,2463,4.926,0.00818278,0.014921,0.0293991,15.2818,0
dls,0.0001,2464,4.928,0.00817834,0.0149187,0.0293679,15.2709,0
dls,0.0001,2465,4.93,0.00817389,0.0149163,0.0293367,15.26,0
dls,0.0001,2466,4.932,0.00816944,0.014914,0.0293054,15.2492,0
dls,0.0001,2467,4.934,0.00816498,0.0149116,0.0292741,15.2385,0
dls,0.0001,2468,4.936,0.00816051,0.0149093,0.0292428,15.2277,0
dls,0.0001,2469,4.938,0.00815603,0.0149069,0.0292114,15.217,0
dls,0.0001,2470,4.94,0.00815155,0.0149046,0.0291801,15.2063,0
dls,0.0001,2471,4.942,0.00814705,0.0149022,0.0291486,15.1957,0
dls,0.0001,2472,4.944,0.00814255,0.0148999,0.0291172,15.1851,0
dls,0.0001,2473,4.946,0.00813805,0.0148975,0.0290857,15.1745,0
dls,0.0001,2474,4.948,0.00813353,0.0148952,0.0290541,15.1639,0
dls,0.0001,2475,4.95,0.00812901,0.0148928,0.0290225,15.1534,0
dls,0.0001,2476,4.952,0.00812448,0.0148905,0.0289909,15.1429,0
dls,0.0001,2477,4.954,0.00811995,0.0148882,0.0289593,15.1325,0
dls,0.0001,2478,4.956,0.00811541,0.0148858,0.0289276,15.122,0
dls,0.0001,2479,4.958,0.00811086,0.0148835,0.0288959,15.1116,0
dls,0.0001,2480,4.96,0.0081063,0.0148812,0.0288641,15.1013,0
dls,0.0001,2481,4.962,0.00810174,0.0148788,0.0288323,15.0909,0
dls,0.0001,2482,4.964,0.00809717,0.0148765,0.0288005,15.0806,0
dls,0.0001,2483,4.966,0.00809259,0.0148742,0.0287687,15.0704,0
dls,0.0001,2484,4.968,0.008088,0.0148718,0.0287368,15.0601,0
dls,0.0001,2485,4.97,0.00808341,0.0148695,0.0287048,15.0499,0
dls,0.0001,2486,4.972,0.00807882,0.0148672,0.0286729,15.0397,0
dls,0.0001,2487,4.974,0.00807421,0.0148648,0.0286409,15.0296,0
dls,0.0001,2488,4.976,0.0080696,0.0148625,0.0286088,15.0195,0
dls,0.0001,2489,4.978,0.00806498,0.0148602,0.0285768,15.0094,0
dls,0.0001,2490,4.98,0.00806036,0.0148579,0.0285446,14.9993,0
dls,0.0001,2491,4.982,0.00805573,0.0148555,0.0285125,14.9893,0
dls,0.0001,2492,4.984,0.00805109,0.0148532,0.0284803,14.9793,0
dls,0.0001,2493,4.986,0.00804645,0.0148509,0.0284481,14.9693,0
dls,0.0001,2494,4.988,0.0080418,0.0148486,0.0284158,14.9594,0
dls,0.0001,2495,4.99,0.00803714,0.0148463,0.0283836,14.9495,0
dls,0.0001,2496,4.992,0.00803248,0.0148439,0.0283512,14.9396,0
dls,0.0001,2497,4.994,0.00802781,0.0148416,0.0283189,14.9298,0
dls,0.0001,2498,4.996,0.00802314,0.0148393,0.0282865,14.92,0
dls,0.0001,2499,4.998,0.00801845,0.014837,0.0282541,14.9102,0
dls,0.0001,2500,5.0,0.00801377,0.0148347,0.0282216,14.9004,0
dls,0.0001,2501,5.002,0.00800908,0.0148324,0.0281891,14.8907,0
dls,0.0001,2502,5.004,0.00800438,0.0148301,0.0281566,14.881,0
dls,0.0001,2503,5.006,0.00799967,0.0148278,0.028124,14.8713,0
dls,0.0001,2504,5.008,0.00799496,0.0148255,0.0280914,14.8617,0
dls,0.0001,2505,5.01,0.00799025,0.0148232,0.0280588,14.8521,0
dls,0.0001,2506,5.012,0.00798553,0.0148209,0.0280261,14.8425,0
dls,0.0001,2507,5.014,0.0079808,0.0148186,0.0279934,14.8329,0
dls,0.0001,2508,5.016,0.00797607,0.0148163,0.0279606,14.8234,0
dls,0.0001,2509,5.018,0.00797133,0.014814,0.0279278,14.8139,0
dls,0.0001,2510,5.02,0.00796658,0.0148117,0.027895,14.8044,0
dls,0.0001,2511,5.022,0.00796184,0.0148094,0.0278622,14.795,0
dls,0.0001,2512,5.024,0.00795708,0.0148071,0.0278293,14.7856,0
dls,0.0001,2513,5.026,0.00795232,0.0148048,0.0277964,14.7762,0
dls,0.0001,2514,5.028,0.00794756,0.0148025,0.0277634,14.7668,0
dls,0.0001,2515,5.03,0.00794279,0.0148002,0.0277304,14.7575,0
dls,0.0001,2516,5.032,0.00793801,0.0147979,0.0276974,14.7482,0
dls,0.0001,2517,5.034,0.00793323,0.0147956,0.0276644,14.7389,0
dls,0.0001,2518,5.036,0.00792845,0.0147933,0.0276313,14.7297,0
dls,0.0001,2519,5.038,0.00792366,0.0147911,0.0275981,14.7205,0
dls,0.0001,2520,5.04,0.00791886,0.0147888,0.027565,14.7113,0
dls,0.0001,2521,5.042,0.00791406,0.0147865,0.0275318,14.7021,0
dls,0.0001,2522,5.044,0.00790926,0.0147842,0.0274985,14.693,0
dls,0.0001,2523,5.046,0.00790445,0.0147819,0.0274653,14.6839,0
dls,0.0001,2524,5.048,0.00789963,0.0147797,0.027432,14.6748,0
dls,0.0001,2525,5.05,0.00789482,0.0147774,0.0273986,14.6658,0
dls,0.0001,2526,5.052,0.00788999,0.0147751,0.0273653,14.6568,0
dls,0.0001,2527,5.054,0.00788517,0.0147729,0.0273319,14.6478,0
dls,0.0001,2528,5.056,0.00788033,0.0147706,0.0272984,14.6388,0
dls,0.0001,2529,5.058,0.0078755,0.0147683,0.027265,14.6299,0
dls,0.0001,2530,5.06,0.00787066,0.0147661,0.0272315,14.6209,0
dls,0.0001,2531,5.062,0.00786581,0.0147638,0.0271979,14.6121,0
dls,0.0001,2532,5.064,0.00786096,0.0147615,0.0271643,14.6032,0
dls,0.0001,2533,5.066,0.00785611,0.0147593,0.0271307,14.5944,0
dls,0.0001,2534,5.068,0.00785126,0.014757,0.0270971,14.5856,0
dls,0.0001,2535,5.07,0.00784639,0.0147548,0.0270634,14.5768,0
dls,0.0001,2536,5.072,0.00784153,0.0147525,0.0270297,14.568,0
dls,0.0001,2537,5.074,0.00783666,0.0147502,0.026996,14.5593,0
dls,0.0001,2538,5.076,0.00783179,0.014748,0.0269622,14.5506,0
dls,0.0001,2539,5.078,0.00782691,0.0147457,0.0269284,14.5419,0
dls,0.0001,2540,5.08,0.00782203,0.0147435,0.0268945,14.5333,0
dls,0.0001,2541,5.082,0.00781715,0.0147413,0.0268606,14.5247,0
dls,0.0001,2542,5.084,0.00781226,0.014739,0.0268267,14.5161,0
dls,0.0001,2543,5.086,0.00780738,0.0147368,0.0267928,14.5075,0
dls,0.0001,2544,5.088,0.00780248,0.0147345,0.0267588,14.499,0
dls,0.0001,2545,5.09,0.00779759,0.0147323,0.0267248,14.4904,0
dls,0.0001,2546,5.092,0.00779269,0.01473,0.0266907,14.482,0
dls,0.0001,2547,5.094,0.00778778,0.0147278,0.0266567,14.4735,0
dls,0.0001,2548,5.096,0.00778288,0.0147256,0.0266225,14.4651,0
dls,0.0001,2549,5.098,0.00777797,0.0147233,0.0265884,14.4566,0
dls,0.0001,2550,5.1,0.00777305,0.0147211,0.0265542,14.4483,0
dls,0.0001,2551,5.102,0.00776814,0.0147189,0.02652,14.4399,0
dls,0.0001,2552,5.104,0.00776322,0.0147167,0.0264857,14.4316,0
dls,0.0001,2553,5.106,0.0077583,0.0147144,0.0264515,14.4233,0
dls,0.0001,2554,5.108,0.00775338,0.0147122,0.0264171,14.415,0
dls,0.0001,2555,5.11,0.00774845,0.01471,0.0263828,14.4067,0
dls,0.0001,2556,5.112,0.00774352,0.0147078,0.0263484,14.3985,0
dls,0.0001,2557,5.114,0.00773859,0.0147056,0.026314,14.3903,0
dls,0.0001,2558,5.116,0.00773366,0.0147034,0.0262795,14.3821,0
dls,0.0001,2559,5.118,0.00772872,0.0147011,0.0262451,14.3739,0
dls,0.0001,2560,5.12,0.00772378,0.0146989,0.0262105,14.3658,0
dls,0.0001,2561,5.122,0.00771884,0.0146967,0.026176,14.3577,0
dls,0.0001,2562,5.124,0.0077139,0.0146945,0.0261414,14.3496,0
dls,0.0001,2563,5.126,0.00770896,0.0146923,0.0261068,14.3415,0
dls,0.0001,2564,5.128,0.00770401,0.0146901,0.0260721,14.3335,0
dls,0.0001,2565,5.13,0.00769906,0.0146879,0.0260375,14.3255,0
dls,0.0001,2566,5.132,0.00769411,0.0146857,0.0260028,14.3175,0
dls,0.0001,2567,5.134,0.00768916,0.0146835,0.025968,14.3096,0
dls,0.0001,2568,5.136,0.0076842,0.0146813,0.0259332,14.3016,0
dls,0.0001,2569,5.138,0.00767925,0.0146791,0.0258984,14.2937,0
dls,0.0001,2570,5.14,0.00767429,0.014677,0.0258636,14.2858,0
dls,0.0001,2571,5.142,0.00766933,0.0146748,0.0258287,14.278,0
dls,0.0001,2572,5.144,0.00766437,0.0146726,0.0257938,14.2701,0
dls,0.0001,2573,5.146,0.00765941,0.0146704,0.0257588,14.2623,0
dls,0.0001,2574,5.148,0.00765445,0.0146682,0.0257239,14.2545,0
dls,0.0001,2575,5.15,0.00764948,0.014666,0.0256889,14.2468,0
dls,0.0001,2576,5.152,0.00764452,0.0146639,0.0256538,14.239,0
dls,0.0001,2577,5.154,0.00763955,0.0146617,0.0256187,14.2313,0
dls,0.0001,2578,5.156,0.00763459,0.0146595,0.0255836,14.2236,0
dls,0.0001,2579,5.158,0.00762962,0.0146573,0.0255485,14.2159,0
dls,0.0001,2580,5.16,0.00762465,0.0146552,0.0255133,14.2083,0
dls,0.0001,2581,5.162,0.00761968,0.014653,0.0254781,14.2007,0
dls,0.0001,2582,5.164,0.00761471,0.0146509,0.0254429,14.1931,0
dls,0.0001,2583,5.166,0.00760974,0.0146487,0.0254076,14.1855,0
dls,0.0001,2584,5.168,0.00760477,0.0146465,0.0253723,14.1779,0
dls,0.0001,2585,5.17,0.00759979,0.0146444,0.025337,14.1704,0
dls,0.0001,2586,5.172,0.00759482,0.0146422,0.0253016,14.1629,0
dls,0.0001,2587,5.174,0.00758985,0.0146401,0.0252662,14.1554,0
dls,0.0001,2588,5.176,0.00758488,0.0146379,0.0252308,14.148,0
dls,0.0001,2589,5.178,0.0075799,0.0146358,0.0251954,14.1405,0
dls,0.0001,2590,5.18,0.00757493,0.0146336,0.0251599,14.1331,0
dls,0.0001,2591,5.182,0.00756996,0.0146315,0.0251243,14.1257,0
dls,0.0001,2592,5.184,0.00756498,0.0146293,0.0250888,14.1184,0
dls,0.0001,2593,5.186,0.00756001,0.0146272,0.0250532,14.111,0
dls,0.0001,2594,5.188,0.00755504,0.0146251,0.0250176,14.1037,0
dls,0.0001,2595,5.19,0.00755006,0.0146229,0.0249819,14.0964,0
dls,0.0001,2596,5.192,0.00754509,0.0146208,0.0249463,14.0892,0
dls,0.0001,2597,5.194,0.00754012,0.0146187,0.0249106,14.0819,0
dls,0.0001,2598,5.196,0.00753515,0.0146166,0.0248748,14.0747,0
dls,0.0001,2599,5.198,0.00753018,0.0146144,0.024839,14.0675,0
dls,0.0001,2600,5.2,0.00752521,0.0146123,0.0248032,14.0603,0
dls,0.0001,2601,5.202,0.00752024,0.0146102,0.0247674,14.0531,0
dls,0.0001,2602,5.204,0.00751527,0.0146081,0.0247315,14.046,0
dls,0.0001,2603,5.206,0.0075103,0.014606,0.0246956,14.0389,0
dls,0.0001,2604,5.208,0.00750534,0.0146038,0.0246597,14.0318,0
dls,0.0001,2605,5.21,0.00750037,0.0146017,0.0246237,14.0247,0
dls,0.0001,2606,5.212,0.00749541,0.0145996,0.0245877,14.0177,0
dls,0.0001,2607,5.214,0.00749045,0.0145975,0.0245517,14.0106,0
dls,0.0001,2608,5.216,0.00748549,0.0145954,0.0245157,14.0036,0
dls,0.0001,2609,5.218,0.00748053,0.0145933,0.0244796,13.9967,0
dls,0.0001,2610,5.22,0.00747557,0.0145912,0.0244435,13.9897,0
dls,0.0001,2611,5.222,0.00747061,0.0145891,0.0244073,13.9828,0
dls,0.0001,2612,5.224,0.00746566,0.014587,0.0243711,13.9759,0
dls,0.0001,2613,5.226,0.0074607,0.014585,0.0243349,13.969,0
dls,0.0001,2614,5.228,0.00745575,0.0145829,0.0242987,13.9621,0
dls,0.0001,2615,5.23,0.0074508,0.0145808,0.0242624,13.9553,0
dls,0.0001,2616,5.232,0.00744585,0.0145787,0.0242261,13.9484,0
dls,0.0001,2617,5.234,0.00744091,0.0145766,0.0241898,13.9416,0
dls,0.0001,2618,5.236,0.00743597,0.0145746,0.0241534,13.9348,0
dls,0.0001,2619,5.238,0.00743103,0.0145725,0.024117,13.9281,0
dls,0.0001,2620,5.24,0.00742609,0.0145704,0.0240806,13.9213,0
dls,0.0001,2621,5.242,0.00742115,0.0145683,0.0240442,13.9146,0
dls,0.0001,2622,5.244,0.00741622,0.0145663,0.0240077,13.9079,0
dls,0.0001,2623,5.246,0.00741129,0.0145642,0.0239712,13.9013,0
dls,0.0001,2624,5.248,0.00740636,0.0145621,0.0239346,13.8946,0
dls,0.0001,2625,5.25,0.00740143,0.0145601,0.023898,13.888,0
dls,0.0001,2626,5.252,0.00739651,0.014558,0.0238614,13.8814,0
dls,0.0001,2627,5.254,0.00739159,0.014556,0.0238248,13.8748,0
dls,0.0001,2628,5.256,0.00738667,0.0145539,0.0237881,13.8682,0
dls,0.0001,2629,5.258,0.00738176,0.0145519,0.0237515,13.8617,0
dls,0.0001,2630,5.26,0.00737685,0.0145498,0.0237147,13.8551,0
dls,0.0001,2631,5.262,0.00737194,0.0145478,0.023678,13.8486,0
dls,0.0001,2632,5.264,0.00736704,0.0145458,0.0236412,13.8421,0
dls,0.0001,2633,5.266,0.00736214,0.0145437,0.0236044,13.8357,0
dls,0.0001,2634,5.268,0.00735724,0.0145417,0.0235675,13.8292,0
dls,0.0001,2635,5.27,0.00735235,0.0145397,0.0235307,13.8228,0
dls,0.0001,2636,5.272,0.00734746,0.0145376,0.0234938,13.8164,0
dls,0.0001,2637,5.274,0.00734258,0.0145356,0.0234568,13.81,0
dls,0.0001,2638,5.276,0.00733769,0.0145336,0.0234199,13.8037,0
dls,0.0001,2639,5.278,0.00733282,0.0145316,0.0233829,13.7974,0
dls,0.0001,2640,5.28,0.00732794,0.0145296,0.0233459,13.791,0
dls,0.0001,2641,5.282,0.00732307,0.0145275,0.0233088,13.7847,0
dls,0.0001,2642,5.284,0.00731821,0.0145255,0.0232717,13.7785,0
dls,0.0001,2643,5.286,0.00731335,0.0145235,0.0232346,13.7722,0
dls,0.0001,2644,5.288,0.00730849,0.0145215,0.0231975,13.766,0
dls,0.0001,2645,5.29,0.00730364,0.0145195,0.0231603,13.7598,0
dls,0.0001,2646,5.292,0.0072988,0.0145175,0.0231231,13.7536,0
dls,0.0001,2647,5.294,0.00729395,0.0145155,0.0230859,13.7474,0
dls,0.0001,2648,5.296,0.00728912,0.0145135,0.0230487,13.7413,0
dls,0.0001,2649,5.298,0.00728428,0.0145115,0.0230114,13.7351,0
dls,0.0001,2650,5.3,0.00727946,0.0145095,0.0229741,13.729,0
dls,0.0001,2651,5.302,0.00727463,0.0145076,0.0229368,13.7229,0
dls,0.0001,2652,5.304,0.00726982,0.0145056,0.0228994,13.7168,0
dls,0.0001,2653,5.306,0.00726501,0.0145036,0.022862,13.7108,0
dls,0.0001,2654,5.308,0.0072602,0.0145016,0.0228246,13.7048,0
dls,0.0001,2655,5.31,0.0072554,0.0144996,0.0227871,13.6988,0
dls,0.0001,2656,5.312,0.0072506,0.0144977,0.0227496,13.6928,0
dls,0.0001,2657,5.314,0.00724581,0.0144957,0.0227121,13.6868,0
dls,0.0001,2658,5.316,0.00724103,0.0144937,0.0226746,13.6808,0
dls,0.0001,2659,5.318,0.00723625,0.0144918,0.022637,13.6749,0
dls,0.0001,2660,5.32,0.00723148,0.0144898,0.0225994,13.669,0
dls,0.0001,2661,5.322,0.00722671,0.0144879,0.0225618,13.6631,0
dls,0.0001,2662,5.324,0.00722195,0.0144859,0.0225242,13.6572,0
dls,0.0001,2663,5.326,0.0072172,0.014484,0.0224865,13.6514,0
dls,0.0001,2664,5.328,0.00721245,0.014482,0.0224488,13.6456,0
dls,0.0001,2665,5.33,0.00720771,0.0144801,0.0224111,13.6397,0
dls,0.0001,2666,5.332,0.00720297,0.0144781,0.0223733,13.634,0
dls,0.0001,2667,5.334,0.00719825,0.0144762,0.0223355,13.6282,0
dls,0.0001,2668,5.336,0.00719353,0.0144743,0.0222977,13.6224,0
dls,0.0001,2669,5.338,0.00718881,0.0144723,0.0222599,13.6167,0
dls,0.0001,2670,5.34,0.0071841,0.0144704,0.022222,13.611,0
dls,0.0001,2671,5.342,0.0071794,0.0144685,0.0221841,13.6053,0
dls,0.0001,2672,5.344,0.00717471,0.0144665,0.0221462,13.5996,0
dls,0.0001,2673,5.346,0.00717002,0.0144646,0.0221082,13.5939,0
dls,0.0001,2674,5.348,0.00716534,0.0144627,0.0220702,13.5883,0
dls,0.0001,2675,5.35,0.00716067,0.0144608,0.0220322,13.5827,0
dls,0.0001,2676,5.352,0.00715601,0.0144589,0.0219942,13.5771,0
dls,0.0001,2677,5.354,0.00715135,0.014457,0.0219561,13.5715,0
dls,0.0001,2678,5.356,0.0071467,0.0144551,0.021918,13.566,0
dls,0.0001,2679,5.358,0.00714206,0.0144532,0.0218799,13.5604,0
dls,0.0001,2680,5.36,0.00713742,0.0144513,0.0218418,13.5549,0
dls,0.0001,2681,5.362,0.0071328,0.0144494,0.0218036,13.5494,0
dls,0.0001,2682,5.364,0.00712818,0.0144475,0.0217654,13.5439,0
dls,0.0001,2683,5.366,0.00712357,0.0144456,0.0217272,13.5384,0
dls,0.0001,2684,5.368,0.00711897,0.0144437,0.0216889,13.533,0
dls,0.0001,2685,5.37,0.00711438,0.0144418,0.0216507,13.5276,0
dls,0.0001,2686,5.372,0.00710979,0.01444,0.0216124,13.5222,0
dls,0.0001,2687,5.374,0.00710521,0.0144381,0.021574,13.5168,0
dls,0.0001,2688,5.376,0.00710065,0.0144362,0.0215357,13.5114,0
dls,0.0001,2689,5.378,0.00709609,0.0144344,0.0214973,13.506,0
dls,0.0001,2690,5.38,0.00709154,0.0144325,0.0214589,13.5007,0
dls,0.0001,2691,5.382,0.007087,0.0144306,0.0214205,13.4954,0
dls,0.0001,2692,5.384,0.00708246,0.0144288,0.021382,13.4901,0
dls,0.0001,2693,5.386,0.00707794,0.0144269,0.0213435,13.4848,0
dls,0.0001,2694,5.388,0.00707343,0.0144251,0.021305,13.4796,0
dls,0.0001,2695,5.39,0.00706892,0.0144232,0.0212665,13.4743,0
dls,0.0001,2696,5.392,0.00706443,0.0144214,0.0212279,13.4691,0
dls,0.0001,2697,5.394,0.00705994,0.0144195,0.0211893,13.4639,0
dls,0.0001,2698,5.396,0.00705547,0.0144177,0.0211507,13.4587,0
dls,0.0001,2699,5.398,0.007051,0.0144158,0.021112,13.4535,0
dls,0.0001,2700,5.4,0.00704654,0.014414,0.0210734,13.4484,0
dls,0.0001,2701,5.402,0.0070421,0.0144122,0.0210347,13.4433,0
dls,0.0001,2702,5.404,0.00703766,0.0144104,0.020996,13.4381,0
dls,0.0001,2703,5.406,0.00703323,0.0144085,0.0209572,13.4331,0
dls,0.0001,2704,5.408,0.00702882,0.0144067,0.0209184,13.428,0
dls,0.0001,2705,5.41,0.00702441,0.0144049,0.0208796,13.4229,0
dls,0.0001,2706,5.412,0.00702001,0.0144031,0.0208408,13.4179,0
dls,0.0001,2707,5.414,0.00701563,0.0144013,0.020802,13.4129,0
dls,0.0001,2708,5.416,0.00701125,0.0143995,0.0207631,13.4079,0
dls,0.0001,2709,5.418,0.00700689,0.0143977,0.0207242,13.4029,0
dls,0.0001,2710,5.42,0.00700254,0.0143959,0.0206853,13.3979,0
dls,0.0001,2711,5.422,0.00699819,0.0143941,0.0206464,13.393,0
dls,0.0001,2712,5.424,0.00699386,0.0143923,0.0206074,13.388,0
dls,0.0001,2713,5.426,0.00698954,0.0143905,0.0205684,13.3831,0
dls,0.0001,2714,5.428,0.00698523,0.0143887,0.0205294,13.3782,0
dls,0.0001,2715,5.43,0.00698094,0.0143869,0.0204903,13.3733,0
dls,0.0001,2716,5.432,0.00697665,0.0143852,0.0204513,13.3685,0
dls,0.0001,2717,5.434,0.00697237,0.0143834,0.0204122,13.3636,0
dls,0.0001,2718,5.436,0.00696811,0.0143816,0.020373,13.3588,0
dls,0.0001,2719,5.438,0.00696386,0.0143799,0.0203339,13.354,0
dls,0.0001,2720,5.44,0.00695962,0.0143781,0.0202947,13.3492,0
dls,0.0001,2721,5.442,0.00695539,0.0143763,0.0202555,13.3444,0
dls,0.0001,2722,5.444,0.00695118,0.0143746,0.0202163,13.3397,0
dls,0.0001,2723,5.446,0.00694697,0.0143728,0.0201771,13.3349,0
dls,0.0001,2724,5.448,0.00694278,0.0143711,0.0201378,13.3302,0
dls,0.0001,2725,5.45,0.0069386,0.0143693,0.0200985,13.3255,0
dls,0.0001,2726,5.452,0.00693443,0.0143676,0.0200592,13.3208,0
dls,0.0001,2727,5.454,0.00693028,0.0143658,0.0200199,13.3162,0
dls,0.0001,2728,5.456,0.00692614,0.0143641,0.0199805,13.3115,0
dls,0.0001,2729,5.458,0.00692201,0.0143624,0.0199412,13.3069,0
dls,0.0001,2730,5.46,0.00691789,0.0143606,0.0199017,13.3023,0
dls,0.0001,2731,5.462,0.00691379,0.0143589,0.0198623,13.2977,0
dls,0.0001,2732,5.464,0.0069097,0.0143572,0.0198229,13.2931,0
dls,0.0001,2733,5.466,0.00690562,0.0143555,0.0197834,13.2885,0
dls,0.0001,2734,5.468,0.00690156,0.0143538,0.0197439,13.284,0
dls,0.0001,2735,5.47,0.00689751,0.0143521,0.0197044,13.2795,0
dls,0.0001,2736,5.472,0.00689347,0.0143504,0.0196648,13.275,0
dls,0.0001,2737,5.474,0.00688945,0.0143487,0.0196253,13.2705,0
dls,0.0001,2738,5.476,0.00688544,0.014347,0.0195857,13.266,0
dls,0.0001,2739,5.478,0.00688144,0.0143453,0.019546,13.2615,0
dls,0.0001,2740,5.48,0.00687746,0.0143436,0.0195064,13.2571,0
dls,0.0001,2741,5.482,0.00687349,0.0143419,0.0194667,13.2527,0
dls,0.0001,2742,5.484,0.00686954,0.0143402,0.0194271,13.2482,0
dls,0.0001,2743,5.486,0.0068656,0.0143385,0.0193874,13.2439,0
dls,0.0001,2744,5.488,0.00686167,0.0143368,0.0193476,13.2395,0
dls,0.0001,2745,5.49,0.00685776,0.0143352,0.0193079,13.2351,0
dls,0.0001,2746,5.492,0.00685386,0.0143335,0.0192681,13.2308,0
dls,0.0001,2747,5.494,0.00684998,0.0143318,0.0192283,13.2265,0
dls,0.0001,2748,5.496,0.00684611,0.0143302,0.0191885,13.2222,0
dls,0.0001,2749,5.498,0.00684226,0.0143285,0.0191487,13.2179,0
dls,0.0001,2750,5.5,0.00683842,0.0143269,0.0191088,13.2136,0
dls,0.0001,2751,5.502,0.0068346,0.0143252,0.0190689,13.2093,0
dls,0.0001,2752,5.504,0.00683079,0.0143236,0.019029,13.2051,0
dls,0.0001,2753,5.506,0.00682699,0.0143219,0.0189891,13.2009,0
dls,0.0001,2754,5.508,0.00682322,0.0143203,0.0189491,13.1967,0
dls,0.0001,2755,5.51,0.00681945,0.0143186,0.0189092,13.1925,0
dls,0.0001,2756,5.512,0.00681571,0.014317,0.0188692,13.1883,0
dls,0.0001,2757,5.514,0.00681197,0.0143154,0.0188291,13.1841,0
dls,0.0001,2758,5.516,0.00680826,0.0143137,0.0187891,13.18,0
dls,0.0001,2759,5.518,0.00680456,0.0143121,0.0187491,13.1759,0
dls,0.0001,2760,5.52,0.00680087,0.0143105,0.018709,13.1718,0
dls,0.0001,2761,5.522,0.0067972,0.0143089,0.0186689,13.1677,0
dls,0.0001,2762,5.524,0.00679355,0.0143073,0.0186288,13.1636,0
dls,0.0001,2763,5.526,0.00678992,0.0143057,0.0185886,13.1595,0
dls,0.0001,2764,5.528,0.0067863,0.0143041,0.0185484,13.1555,0
dls,0.0001,2765,5.53,0.00678269,0.0143025,0.0185083,13.1515,0
dls,0.0001,2766,5.532,0.0067791,0.0143009,0.0184681,13.1475,0
dls,0.0001,2767,5.534,0.00677553,0.0142993,0.0184278,13.1435,0
dls,0.0001,2768,5.536,0.00677198,0.0142977,0.0183876,13.1395,0
dls,0.0001,2769,5.538,0.00676844,0.0142961,0.0183473,13.1355,0
dls,0.0001,2770,5.54,0.00676492,0.0142946,0.018307,13.1316,0
dls,0.0001,2771,5.542,0.00676142,0.014293,0.0182667,13.1277,0
dls,0.0001,2772,5.544,0.00675793,0.0142914,0.0182264,13.1238,0
dls,0.0001,2773,5.546,0.00675446,0.0142898,0.018186,13.1199,0
dls,0.0001,2774,5.548,0.00675101,0.0142883,0.0181457,13.116,0
dls,0.0001,2775,5.55,0.00674758,0.0142867,0.0181053,13.1121,0
dls,0.0001,2776,5.552,0.00674416,0.0142852,0.0180649,13.1083,0
dls,0.0001,2777,5.554,0.00674076,0.0142836,0.0180244,13.1044,0
dls,0.0001,2778,5.556,0.00673738,0.0142821,0.017984,13.1006,0
dls,0.0001,2779,5.558,0.00673401,0.0142805,0.0179435,13.0968,0
dls,0.0001,2780,5.56,0.00673067,0.014279,0.017903,13.0931,0
dls,0.0001,2781,5.562,0.00672734,0.0142775,0.0178625,13.0893,0
dls,0.0001,2782,5.564,0.00672403,0.0142759,0.017822,13.0855,0
dls,0.0001,2783,5.566,0.00672074,0.0142744,0.0177814,13.0818,0
dls,0.0001,2784,5.568,0.00671746,0.0142729,0.0177409,13.0781,0
dls,0.0001,2785,5.57,0.00671421,0.0142714,0.0177003,13.0744,0
dls,0.0001,2786,5.572,0.00671097,0.0142698,0.0176597,13.0707,0
dls,0.0001,2787,5.574,0.00670775,0.0142683,0.0176191,13.067,0
dls,0.0001,2788,5.576,0.00670455,0.0142668,0.0175784,13.0634,0
dls,0.0001,2789,5.578,0.00670137,0.0142653,0.0175377,13.0597,0
dls,0.0001,2790,5.58,0.00669821,0.0142638,0.0174971,13.0561,0
dls,0.0001,2791,5.582,0.00669506,0.0142623,0.0174564,13.0525,0
dls,0.0001,2792,5.584,0.00669194,0.0142608,0.0174156,13.0489,0
dls,0.0001,2793,5.586,0.00668883,0.0142593,0.0173749,13.0453,0
dls,0.0001,2794,5.588,0.00668575,0.0142579,0.0173341,13.0418,0
dls,0.0001,2795,5.59,0.00668268,0.0142564,0.0172934,13.0382,0
dls,0.0001,2796,5.592,0.00667963,0.0142549,0.0172526,13.0347,0
dls,0.0001,2797,5.594,0.00667661,0.0142534,0.0172118,13.0312,0
dls,0.0001,2798,5.596,0.0066736,0.014252,0.0171709,13.0277,0
dls,0.0001,2799,5.598,0.00667061,0.0142505,0.0171301,13.0242,0
dls,0.0001,2800,5.6,0.00666764,0.0142491,0.0170892,13.0207,0
dls,0.0001,2801,5.602,0.00666469,0.0142476,0.0170483,13.0173,0
dls,0.0001,2802,5.604,0.00666176,0.0142462,0.0170074,13.0138,0
dls,0.0001,2803,5.606,0.00665885,0.0142447,0.0169665,13.0104,0
dls,0.0001,2804,5.608,0.00665596,0.0142433,0.0169255,13.007,0
dls,0.0001,2805,5.61,0.00665309,0.0142418,0.0168846,13.0036,0
dls,0.0001,2806,5.612,0.00665025,0.0142404,0.0168436,13.0003,0
dls,0.0001,2807,5.614,0.00664742,0.014239,0.0168026,12.9969,0
dls,0.0001,2808,5.616,0.00664461,0.0142375,0.0167616,12.9936,0
dls,0.0001,2809,5.618,0.00664182,0.0142361,0.0167206,12.9902,0
dls,0.0001,2810,5.62,0.00663906,0.0142347,0.0166795,12.9869,0
dls,0.0001,2811,5.622,0.00663631,0.0142333,0.0166385,12.9836,0
dls,0.0001,2812,5.624,0.00663359,0.0142319,0.0165974,12.9803,0
dls,0.0001,2813,5.626,0.00663088,0.0142305,0.0165563,12.9771,0
dls,0.0001,2814,5.628,0.0066282,0.0142291,0.0165152,12.9738,0
dls,0.0001,2815,5.63,0.00662554,0.0142277,0.016474,12.9706,0
dls,0.0001,2816,5.632,0.0066229,0.0142263,0.0164329,12.9674,0
dls,0.0001,2817,5.634,0.00662028,0.0142249,0.0163917,12.9641,0
dls,0.0001,2818,5.636,0.00661768,0.0142235,0.0163506,12.961,0
dls,0.0001,2819,5.638,0.00661511,0.0142221,0.0163094,12.9578,0
dls,0.0001,2820,5.64,0.00661255,0.0142208,0.0162681,12.9546,0
dls,0.0001,2821,5.642,0.00661002,0.0142194,0.0162269,12.9515,0
dls,0.0001,2822,5.644,0.00660751,0.014218,0.0161857,12.9483,0
dls,0.0001,2823,5.646,0.00660502,0.0142167,0.0161444,12.9452,0
dls,0.0001,2824,5.648,0.00660255,0.0142153,0.0161031,12.9421,0
dls,0.0001,2825,5.65,0.00660011,0.014214,0.0160618,12.939,0
dls,0.0001,2826,5.652,0.00659769,0.0142126,0.0160205,12.936,0
dls,0.0001,2827,5.654,0.00659528,0.0142113,0.0159792,12.9329,0
dls,0.0001,2828,5.656,0.00659291,0.0142099,0.0159378,12.9299,0
dls,0.0001,2829,5.658,0.00659055,0.0142086,0.0158965,12.9269,0
dls,0.0001,2830,5.66,0.00658822,0.0142073,0.0158551,12.9238,0
dls,0.0001,2831,5.662,0.00658591,0.0142059,0.0158137,12.9209,0
dls,0.0001,2832,5.664,0.00658362,0.0142046,0.0157723,12.9179,0
dls,0.0001,2833,5.666,0.00658135,0.0142033,0.0157309,12.9149,0
dls,0.0001,2834,5.668,0.00657911,0.014202,0.0156895,12.912,0
dls,0.0001,2835,5.67,0.00657689,0.0142007,0.015648,12.909,0
dls,0.0001,2836,5.672,0.00657469,0.0141994,0.0156065,12.9061,0
dls,0.0001,2837,5.674,0.00657252,0.0141981,0.0155651,12.9032,0
dls,0.0001,2838,5.676,0.00657037,0.0141968,0.0155236,12.9003,0
dls,0.0001,2839,5.678,0.00656824,0.0141955,0.015482,12.8974,0
dls,0.0001,2840,5.68,0.00656613,0.0141942,0.0154405,12.8946,0
dls,0.0001,2841,5.682,0.00656405,0.0141929,0.015399,12.8917,0
dls,0.0001,2842,5.684,0.00656199,0.0141916,0.0153574,12.8889,0
dls,0.0001,2843,5.686,0.00655996,0.0141903,0.0153159,12.8861,0
dls,0.0001,2844,5.688,0.00655795,0.0141891,0.0152743,12.8833,0
dls,0.0001,2845,5.69,0.00655596,0.0141878,0.0152327,12.8805,0
dls,0.0001,2846,5.692,0.006554,0.0141865,0.0151911,12.8777,0
dls,0.0001,2847,5.694,0.00655206,0.0141853,0.0151494,12.8749,0
dls,0.0001,2848,5.696,0.00655014,0.014184,0.0151078,12.8722,0
dls,0.0001,2849,5.698,0.00654825,0.0141828,0.0150661,12.8695,0
dls,0.0001,2850,5.7,0.00654638,0.0141815,0.0150245,12.8668,0
dls,0.0001,2851,5.702,0.00654454,0.0141803,0.0149828,12.8641,0
dls,0.0001,2852,5.704,0.00654272,0.014179,0.0149411,12.8614,0
dls,0.0001,2853,5.706,0.00654093,0.0141778,0.0148994,12.8587,0
dls,0.0001,2854,5.708,0.00653916,0.0141766,0.0148577,12.856,0
dls,0.0001,2855,5.71,0.00653741,0.0141754,0.0148159,12.8534,0
dls,0.0001,2856,5.712,0.00653569,0.0141741,0.0147742,12.8508,0
dls,0.0001,2857,5.714,0.00653399,0.0141729,0.0147324,12.8482,0
dls,0.0001,2858,5.716,0.00653232,0.0141717,0.0146906,12.8456,0
dls,0.0001,2859,5.718,0.00653067,0.0141705,0.0146488,12.843,0
dls,0.0001,2860,5.72,0.00652905,0.0141693,0.014607,12.8404,0
dls,0.0001,2861,5.722,0.00652745,0.0141681,0.0145652,12.8379,0
dls,0.0001,2862,5.724,0.00652588,0.0141669,0.0145234,12.8353,0
dls,0.0001,2863,5.726,0.00652433,0.0141657,0.0144816,12.8328,0
dls,0.0001,2864,5.728,0.00652281,0.0141646,0.0144397,12.8303,0
dls,0.0001,2865,5.73,0.00652131,0.0141634,0.0143978,12.8278,0
dls,0.0001,2866,5.732,0.00651983,0.0141622,0.014356,12.8253,0
dls,0.0001,2867,5.734,0.00651839,0.014161,0.0143141,12.8228,0
dls,0.0001,2868,5.736,0.00651696,0.0141599,0.0142722,12.8204,0
dls,0.0001,2869,5.738,0.00651557,0.0141587,0.0142303,12.8179,0
dls,0.0001,2870,5.74,0.0065142,0.0141576,0.0141883,12.8155,0
dls,0.0001,2871,5.742,0.00651285,0.0141564,0.0141464,12.8131,0
dls,0.0001,2872,5.744,0.00651153,0.0141553,0.0141044,12.8107,0
dls,0.0001,2873,5.746,0.00651023,0.0141541,0.0140625,12.8083,0
dls,0.0001,2874,5.748,0.00650896,0.014153,0.0140205,12.8059,0
dls,0.0001,2875,5.75,0.00650772,0.0141519,0.0139785,12.8036,0
dls,0.0001,2876,5.752,0.0065065,0.0141507,0.0139365,12.8012,0
dls,0.0001,2877,5.754,0.00650531,0.0141496,0.0138945,12.7989,0
dls,0.0001,2878,5.756,0.00650415,0.0141485,0.0138525,12.7966,0
dls,0.0001,2879,5.758,0.00650301,0.0141474,0.0138105,12.7943,0
dls,0.0001,2880,5.76,0.00650189,0.0141463,0.0137684,12.792,0
dls,0.0001,2881,5.762,0.0065008,0.0141452,0.0137264,12.7898,0
dls,0.0001,2882,5.764,0.00649974,0.0141441,0.0136843,12.7875,0
dls,0.0001,2883,5.766,0.00649871,0.014143,0.0136422,12.7853,0
dls,0.0001,2884,5.768,0.0064977,0.0141419,0.0136002,12.783,0
dls,0.0001,2885,5.77,0.00649672,0.0141408,0.0135581,12.7808,0
dls,0.0001,2886,5.772,0.00649576,0.0141397,0.013516,12.7786,0
dls,0.0001,2887,5.774,0.00649483,0.0141386,0.0134738,12.7764,0
dls,0.0001,2888,5.776,0.00649393,0.0141375,0.0134317,12.7743,0
dls,0.0001,2889,5.778,0.00649305,0.0141365,0.0133896,12.7721,0
dls,0.0001,2890,5.78,0.0064922,0.0141354,0.0133474,12.77,0
dls,0.0001,2891,5.782,0.00649138,0.0141344,0.0133053,12.7678,0
dls,0.0001,2892,5.784,0.00649058,0.0141333,0.0132631,12.7657,0
dls,0.0001,2893,5.786,0.00648981,0.0141323,0.0132209,12.7636,0
dls,0.0001,2894,5.788,0.00648907,0.0141312,0.0131787,12.7615,0
dls,0.0001,2895,5.79,0.00648835,0.0141302,0.0131365,12.7595,0
dls,0.0001,2896,5.792,0.00648766,0.0141291,0.0130943,12.7574,0
dls,0.0001,2897,5.794,0.006487,0.0141281,0.0130521,12.7554,0
dls,0.0001,2898,5.796,0.00648636,0.0141271,0.0130099,12.7533,0
dls,0.0001,2899,5.798,0.00648576,0.0141261,0.0129677,12.7513,0
dls,0.0001,2900,5.8,0.00648518,0.014125,0.0129254,12.7493,0
dls,0.0001,2901,5.802,0.00648462,0.014124,0.0128832,12.7473,0
dls,0.0001,2902,5.804,0.00648409,0.014123,0.0128409,12.7453,0
dls,0.0001,2903,5.806,0.00648359,0.014122,0.0127986,12.7434,0
dls,0.0001,2904,5.808,0.00648312,0.014121,0.0127564,12.7414,0
dls,0.0001,2905,5.81,0.00648268,0.01412,0.0127141,12.7395,0
dls,0.0001,2906,5.812,0.00648226,0.014119,0.0126718,12.7376,0
dls,0.0001,2907,5.814,0.00648187,0.014118,0.0126295,12.7357,0
dls,0.0001,2908,5.816,0.00648151,0.0141171,0.0125872,12.7338,0
dls,0.0001,2909,5.818,0.00648117,0.0141161,0.0125448,12.7319,0
dls,0.0001,2910,5.82,0.00648086,0.0141151,0.0125025,12.73,0
dls,0.0001,2911,5.822,0.00648058,0.0141142,0.0124602,12.7282,0
dls,0.0001,2912,5.824,0.00648033,0.0141132,0.0124178,12.7263,0
dls,0.0001,2913,5.826,0.0064801,0.0141122,0.0123755,12.7245,0
dls,0.0001,2914,5.828,0.00647991,0.0141113,0.0123331,12.7227,0
dls,0.0001,2915,5.83,0.00647974,0.0141103,0.0122907,12.7209,0
dls,0.0001,2916,5.832,0.0064796,0.0141094,0.0122483,12.7191,0
dls,0.0001,2917,5.834,0.00647948,0.0141085,0.012206,12.7174,0
dls,0.0001,2918,5.836,0.00647939,0.0141075,0.0121636,12.7156,0
dls,0.0001,2919,5.838,0.00647934,0.0141066,0.0121212,12.7139,0
dls,0.0001,2920,5.84,0.00647931,0.0141057,0.0120788,12.7121,0
dls,0.0001,2921,5.842,0.0064793,0.0141048,0.0120363,12.7104,0
dls,0.0001,2922,5.844,0.00647933,0.0141038,0.0119939,12.7087,0
dls,0.0001,2923,5.846,0.00647938,0.0141029,0.0119515,12.707,0
dls,0.0001,2924,5.848,0.00647946,0.014102,0.0119091,12.7054,0
dls,0.0001,2925,5.85,0.00647957,0.0141011,0.0118666,12.7037,0
dls,0.0001,2926,5.852,0.00647971,0.0141002,0.0118242,12.7021,0
dls,0.0001,2927,5.854,0.00647987,0.0140993,0.0117817,12.7004,0
dls,0.0001,2928,5.856,0.00648007,0.0140985,0.0117393,12.6988,0
dls,0.0001,2929,5.858,0.00648029,0.0140976,0.0116968,12.6972,0
dls,0.0001,2930,5.86,0.00648054,0.0140967,0.0116543,12.6956,0
dls,0.0001,2931,5.862,0.00648081,0.0140958,0.0116118,12.694,0
dls,0.0001,2932,5.864,0.00648112,0.014095,0.0115693,12.6925,0
dls,0.0001,2933,5.866,0.00648145,0.0140941,0.0115268,12.6909,0
dls,0.0001,2934,5.868,0.00648182,0.0140933,0.0114843,12.6894,0
dls,0.0001,2935,5.87,0.00648221,0.0140924,0.0114418,12.6878,0
dls,0.0001,2936,5.872,0.00648262,0.0140916,0.0113993,12.6863,0
dls,0.0001,2937,5.874,0.00648307,0.0140907,0.0113568,12.6848,0
dls,0.0001,2938,5.876,0.00648355,0.0140899,0.0113143,12.6834,0
dls,0.0001,2939,5.878,0.00648405,0.014089,0.0112718,12.6819,0
dls,0.0001,2940,5.88,0.00648458,0.0140882,0.0112292,12.6804,0
dls,0.0001,2941,5.882,0.00648514,0.0140874,0.0111867,12.679,0
dls,0.0001,2942,5.884,0.00648573,0.0140866,0.0111442,12.6776,0
dls,0.0001,2943,5.886,0.00648635,0.0140858,0.0111016,12.6761,0
dls,0.0001,2944,5.888,0.00648699,0.014085,0.0110591,12.6747,0
dls,0.0001,2945,5.89,0.00648767,0.0140842,0.0110165,12.6733,0
dls,0.0001,2946,5.892,0.00648837,0.0140834,0.0109739,12.672,0
dls,0.0001,2947,5.894,0.0064891,0.0140826,0.0109314,12.6706,0
dls,0.0001,2948,5.896,0.00648986,0.0140818,0.0108888,12.6693,0
dls,0.0001,2949,5.898,0.00649065,0.014081,0.0108462,12.6679,0
dls,0.0001,2950,5.9,0.00649146,0.0140802,0.0108036,12.6666,0
dls,0.0001,2951,5.902,0.00649231,0.0140794,0.0107611,12.6653,0
dls,0.0001,2952,5.904,0.00649318,0.0140787,0.0107185,12.664,0
dls,0.0001,2953,5.906,0.00649408,0.0140779,0.0106759,12.6627,0
dls,0.0001,2954,5.908,0.00649501,0.0140772,0.0106333,12.6615,0
dls,0.0001,2955,5.91,0.00649597,0.0140764,0.0105907,12.6602,0
dls,0.0001,2956,5.912,0.00649695,0.0140757,0.0105481,12.659,0
dls,0.0001,2957,5.914,0.00649797,0.0140749,0.0105055,12.6577,0
dls,0.0001,2958,5.916,0.00649901,0.0140742,0.0104628,12.6565,0
dls,0.0001,2959,5.918,0.00650009,0.0140734,0.0104202,12.6553,0
dls,0.0001,2960,5.92,0.00650119,0.0140727,0.0103776,12.6541,0
dls,0.0001,2961,5.922,0.00650231,0.014072,0.010335,12.6529,0
dls,0.0001,2962,5.924,0.00650347,0.0140713,0.0102924,12.6518,0
dls,0.0001,2963,5.926,0.00650466,0.0140705,0.0102497,12.6506,0
dls,0.0001,2964,5.928,0.00650587,0.0140698,0.0102071,12.6495,0
dls,0.0001,2965,5.93,0.00650712,0.0140691,0.0101645,12.6484,0
dls,0.0001,2966,5.932,0.00650839,0.0140684,0.0101218,12.6473,0
dls,0.0001,2967,5.934,0.00650969,0.0140677,0.0100792,12.6462,0
dls,0.0001,2968,5.936,0.00651102,0.014067,0.0100366,12.6451,0
dls,0.0001,2969,5.938,0.00651237,0.0140664,0.00999392,12.644,0
dls,0.0001,2970,5.94,0.00651376,0.0140657,0.00995127,12.643,0
dls,0.0001,2971,5.942,0.00651517,0.014065,0.00990862,12.6419,0
dls,0.0001,2972,5.944,0.00651661,0.0140643,0.00986597,12.6409,0
dls,0.0001,2973,5.946,0.00651809,0.0140637,0.00982332,12.6399,0
dls,0.0001,2974,5.948,0.00651958,0.014063,0.00978066,12.6389,0
dls,0.0001,2975,5.95,0.00652111,0.0140624,0.00973801,12.6379,0
dls,0.0001,2976,5.952,0.00652267,0.0140617,0.00969535,12.6369,0
dls,0.0001,2977,5.954,0.00652425,0.0140611,0.00965269,12.636,0
dls,0.0001,2978,5.956,0.00652586,0.0140604,0.00961003,12.635,0
dls,0.0001,2979,5.958,0.00652751,0.0140598,0.00956737,12.6341,0
dls,0.0001,2980,5.96,0.00652918,0.0140592,0.0095247,12.6331,0
dls,0.0001,2981,5.962,0.00653087,0.0140585,0.00948204,12.6322,0
dls,0.0001,2982,5.964,0.0065326,0.0140579,0.00943937,12.6313,0
dls,0.0001,2983,5.966,0.00653435,0.0140573,0.0093967,12.6305,0
dls,0.0001,2984,5.968,0.00653614,0.0140567,0.00935403,12.6296,0
dls,0.0001,2985,5.97,0.00653795,0.0140561,0.00931136,12.6287,0
dls,0.0001,2986,5.972,0.00653979,0.0140555,0.00926869,12.6279,0
dls,0.0001,2987,5.974,0.00654165,0.0140549,0.00922602,12.6271,0
dls,0.0001,2988,5.976,0.00654355,0.0140543,0.00918335,12.6262,0
dls,0.0001,2989,5.978,0.00654547,0.0140537,0.00914068,12.6254,0
dls,0.0001,2990,5.98,0.00654742,0.0140531,0.00909801,12.6246,0
dls,0.0001,2991,5.982,0.0065494,0.0140525,0.00905534,12.6239,0
dls,0.0001,2992,5.984,0.00655141,0.014052,0.00901266,12.6231,0
dls,0.0001,2993,5.986,0.00655345,0.0140514,0.00896999,12.6223,0
dls,0.0001,2994,5.988,0.00655551,0.0140508,0.00892732,12.6216,0
dls,0.0001,2995,5.99,0.0065576,0.0140503,0.00888465,12.6209,0
dls,0.0001,2996,5.992,0.00655972,0.0140497,0.00884198,12.6202,0
dls,0.0001,2997,5.994,0.00656187,0.0140492,0.00879931,12.6195,0
dls,0.0001,2998,5.996,0.00656405,0.0140487,0.00875663,12.6188,0
dls,0.0001,2999,5.998,0.00656625,0.0140481,0.00871396,12.6181,0
dls,0.001,0,0.0,6.84228e-49,2.46519e-32,2.46519e-32,12.6544,0
dls,0.001,1,0.002,2.81556e-05,6.01251e-05,3.63828e-05,12.654,0
dls,0.001,2,0.004,7.75882e-05,0.000165633,9.50685e-05,12.6534,0
dls,0.001,3,0.006,0.000143485,0.000305564,0.00016912,12.6526,0
dls,0.001,4,0.008,0.000222215,0.000471859,0.000254551,12.6517,0
dls,0.001,5,0.01,0.000310914,0.000658379,0.000348682,12.6508,0
dls,0.001,6,0.012,0.000407278,0.000860304,0.000449531,12.6497,0
dls,0.001,7,0.014,0.000509438,0.00107378,0.000555554,12.6487,0
dls,0.001,8,0.016,0.000615873,0.00129569,0.000665518,12.6476,0
dls,0.001,9,0.018,0.000725344,0.00152352,0.00077843,12.6465,0
dls,0.001,10,0.02,0.000836844,0.00175522,0.000893485,12.6454,0
dls,0.001,11,0.022,0.000949554,0.00198913,0.00101003,12.6443,0
dls,0.001,12,0.024,0.00106281,0.00222391,0.00112754,12.6432,0
dls,0.001,13,0.026,0.00117609,0.00245847,0.00124558,12.642,0
dls,0.001,14,0.028,0.00128895,0.00269194,0.00136381,12.6409,0
dls,0.001,15,0.03,0.00140105,0.00292365,0.00148196,12.6399,0
dls,0.001,16,0.032,0.00151212,0.00315302,0.0015998,12.6388,0
dls,0.001,17,0.034,0.00162194,0.00337962,0.00171717,12.6377,0
dls,0.001,18,0.036,0.00173034,0.00360313,0.00183392,12.6367,0
dls,0.001,19,0.038,0.0018372,0.00382327,0.00194995,12.6357,0
dls,0.001,20,0.04,0.00194241,0.00403985,0.00206516,12.6347,0
dls,0.001,21,0.042,0.00204591,0.00425273,0.00217952,12.6337,0
dls,0.001,22,0.044,0.00214763,0.00446181,0.00229295,12.6328,0
dls,0.001,23,0.046,0.00224756,0.00466702,0.00240544,12.6319,0
dls,0.001,24,0.048,0.00234566,0.00486831,0.00251696,12.631,0
dls,0.001,25,0.05,0.00244192,0.00506568,0.0026275,12.6301,0
dls,0.001,26,0.052,0.00253636,0.00525913,0.00273705,12.6293,0
dls,0.001,27,0.054,0.00262896,0.00544867,0.00284561,12.6284,0
dls,0.001,28,0.056,0.00271976,0.00563434,0.00295318,12.6276,0
dls,0.001,29,0.058,0.00280875,0.00581616,0.00305978,12.6268,0
dls,0.001,30,0.06,0.00289597,0.0059942,0.00316541,12.6261,0
dls,0.001,31,0.062,0.00298144,0.00616849,0.00327009,12.6254,0
dls,0.001,32,0.064,0.00306519,0.0063391,0.00337382,12.6246,0
dls,0.001,33,0.066,0.00314724,0.00650608,0.00347663,12.624,0
dls,0.001,34,0.068,0.00322762,0.0066695,0.00357853,12.6233,0
dls,0.001,35,0.07,0.00330636,0.00682941,0.00367954,12.6226,0
dls,0.001,36,0.072,0.0033835,0.00698589,0.00377968,12.622,0
dls,0.001,37,0.074,0.00345905,0.00713901,0.00387895,12.6214,0
dls,0.001,38,0.076,0.00353307,0.00728881,0.00397739,12.6209,0
dls,0.001,39,0.078,0.00360557,0.00743538,0.00407501,12.6203,0
dls,0.001,40,0.08,0.00367659,0.00757877,0.00417183,12.6198,0
dls,0.001,41,0.082,0.00374615,0.00771905,0.00426786,12.6193,0
dls,0.001,42,0.084,0.00381429,0.00785629,0.00436313,12.6188,0
dls,0.001,43,0.086,0.00388104,0.00799055,0.00445765,12.6183,0
dls,0.001,44,0.088,0.00394643,0.00812189,0.00455143,12.6179,0
dls,0.001,45,0.09,0.00401049,0.00825037,0.0046445,12.6174,0
dls,0.001,46,0.092,0.00407324,0.00837606,0.00473687,12.617,0
dls,0.001,47,0.094,0.00413472,0.00849901,0.00482855,12.6166,0
dls,0.001,48,0.096,0.00419496,0.00861928,0.00491957,12.6163,0
dls,0.001,49,0.098,0.00425397,0.00873693,0.00500994,12.6159,0
dls,0.001,50,0.1,0.00431179,0.00885202,0.00509966,12.6156,0
dls,0.001,51,0.102,0.00436844,0.0089646,0.00518877,12.6153,0
dls,0.001,52,0.104,0.00442395,0.00907473,0.00527727,12.615,0
dls,0.001,53,0.106,0.00447835,0.00918245,0.00536518,12.6148,0
dls,0.001,54,0.108,0.00453165,0.00928783,0.0054525,12.6145,0
dls,0.001,55,0.11,0.00458389,0.00939091,0.00553926,12.6143,0
dls,0.001,56,0.112,0.00463508,0.00949174,0.00562547,12.6141,0
dls,0.001,57,0.114,0.00468526,0.00959037,0.00571113,12.6139,0
dls,0.001,58,0.116,0.00473444,0.00968685,0.00579627,12.6137,0
dls,0.001,59,0.118,0.00478265,0.00978123,0.00588089,12.6136,0
dls,0.001,60,0.12,0.0048299,0.00987355,0.00596501,12.6135,0
dls,0.001,61,0.122,0.00487622,0.00996385,0.00604864,12.6133,0
dls,0.001,62,0.124,0.00492163,0.0100522,0.00613178,12.6132,0
dls,0.001,63,0.126,0.00496615,0.0101386,0.00621446,12.6132,0
dls,0.001,64,0.128,0.0050098,0.0102231,0.00629667,12.6131,0
dls,0.001,65,0.13,0.0050526,0.0103058,0.00637844,12.6131,0
dls,0.001,66,0.132,0.00509457,0.0103867,0.00645976,12.6131,0
dls,0.001,67,0.134,0.00513573,0.0104658,0.00654066,12.613,0
dls,0.001,68,0.136,0.00517609,0.0105432,0.00662114,12.6131,0
dls,0.001,69,0.138,0.00521567,0.0106189,0.00670121,12.6131,0
dls,0.001,70,0.14,0.0052545,0.010693,0.00678087,12.6131,0
dls,0.001,71,0.142,0.00529259,0.0107654,0.00686015,12.6132,0
dls,0.001,72,0.144,0.00532994,0.0108363,0.00693904,12.6133,0
dls,0.001,73,0.146,0.00536659,0.0109056,0.00701756,12.6134,0
dls,0.001,74,0.148,0.00540255,0.0109734,0.00709571,12.6135,0
dls,0.001,75,0.15,0.00543783,0.0110397,0.00717351,12.6136,0
dls,0.001,76,0.152,0.00547245,0.0111046,0.00725096,12.6138,0
dls,0.001,77,0.154,0.00550642,0.0111681,0.00732806,12.614,0
dls,0.001,78,0.156,0.00553976,0.0112302,0.00740483,12.6142,0
dls,0.001,79,0.158,0.00557248,0.0112909,0.00748127,12.6144,0
dls,0.001,80,0.16,0.0056046,0.0113503,0.00755739,12.6146,0
dls,0.001,81,0.162,0.00563613,0.0114085,0.0076332,12.6148,0
dls,0.001,82,0.164,0.00566708,0.0114653,0.00770871,12.6151,0
dls,0.001,83,0.166,0.00569747,0.0115209,0.00778391,12.6153,0
dls,0.001,84,0.168,0.0057273,0.0115753,0.00785882,12.6156,0
dls,0.001,85,0.17,0.0057566,0.0116286,0.00793345,12.6159,0
dls,0.001,86,0.172,0.00578537,0.0116806,0.00800779,12.6162,0
dls,0.001,87,0.174,0.00581363,0.0117316,0.00808186,12.6166,0
dls,0.001,88,0.176,0.00584139,0.0117814,0.00815567,12.6169,0
dls,0.001,89,0.178,0.00586865,0.0118301,0.00822921,12.6173,0
dls,0.001,90,0.18,0.00589544,0.0118778,0.00830249,12.6177,0
dls,0.001,91,0.182,0.00592175,0.0119245,0.00837553,12.6181,0
dls,0.001,92,0.184,0.00594761,0.0119701,0.00844831,12.6185,0
dls,0.001,93,0.186,0.00597302,0.0120147,0.00852086,12.6189,0
dls,0.001,94,0.188,0.005998,0.0120584,0.00859317,12.6194,0
dls,0.001,95,0.19,0.00602254,0.0121011,0.00866525,12.6198,0
dls,0.001,96,0.192,0.00604667,0.0121429,0.00873711,12.6203,0
dls,0.001,97,0.194,0.00607039,0.0121838,0.00880875,12.6208,0
dls,0.001,98,0.196,0.00609372,0.0122238,0.00888017,12.6213,0
dls,0.001,99,0.198,0.00611665,0.012263,0.00895138,12.6218,0
dls,0.001,100,0.2,0.0061392,0.0123012,0.00902238,12.6224,0
dls,0.001,101,0.202,0.00616139,0.0123387,0.00909318,12.6229,0
dls,0.001,102,0.204,0.0061832,0.0123753,0.00916378,12.6235,0
dls,0.001,103,0.206,0.00620467,0.0124112,0.00923419,12.6241,0
dls,0.001,104,0.208,0.00622579,0.0124463,0.00930441,12.6247,0
dls,0.001,105,0.21,0.00624657,0.0124806,0.00937444,12.6253,0
dls,0.001,106,0.212,0.00626701,0.0125141,0.00944429,12.6259,0
dls,0.001,107,0.214,0.00628714,0.012547,0.00951396,12.6266,0
dls,0.001,108,0.216,0.00630695,0.0125791,0.00958346,12.6272,0
dls,0.001,109,0.218,0.00632645,0.0126105,0.00965278,12.6279,0
dls,0.001,110,0.22,0.00634566,0.0126413,0.00972194,12.6286,0
dls,0.001,111,0.222,0.00636456,0.0126714,0.00979094,12.6293,0
dls,0.001,112,0.224,0.00638318,0.0127008,0.00985977,12.63,0
dls,0.001,113,0.226,0.00640152,0.0127296,0.00992845,12.6308,0
dls,0.001,114,0.228,0.00641959,0.0127578,0.00999697,12.6315,0
dls,0.001,115,0.23,0.00643739,0.0127854,0.0100653,12.6323,0
dls,0.001,116,0.232,0.00645493,0.0128124,0.0101336,12.633,0
dls,0.001,117,0.234,0.00647221,0.0128388,0.0102016,12.6338,0
dls,0.001,118,0.236,0.00648924,0.0128646,0.0102696,12.6347,0
dls,0.001,119,0.238,0.00650603,0.0128899,0.0103374,12.6355,0
dls,0.001,120,0.24,0.00652259,0.0129146,0.010405,12.6363,0
dls,0.001,121,0.242,0.00653891,0.0129388,0.0104726,12.6372,0
dls,0.001,122,0.244,0.006555,0.0129624,0.01054,12.638,0
dls,0.001,123,0.246,0.00657088,0.0129856,0.0106072,12.6389,0
dls,0.001,124,0.248,0.00658653,0.0130083,0.0106744,12.6398,0
dls,0.001,125,0.25,0.00660198,0.0130305,0.0107414,12.6407,0
dls,0.001,126,0.252,0.00661722,0.0130522,0.0108083,12.6417,0
dls,0.001,127,0.254,0.00663226,0.0130734,0.0108751,12.6426,0
dls,0.001,128,0.256,0.0066471,0.0130942,0.0109418,12.6436,0
dls,0.001,129,0.258,0.00666176,0.0131145,0.0110083,12.6445,0
dls,0.001,130,0.26,0.00667622,0.0131344,0.0110748,12.6455,0
dls,0.001,131,0.262,0.0066905,0.0131539,0.0111411,12.6465,0
dls,0.001,132,0.264,0.00670461,0.013173,0.0112073,12.6475,0
dls,0.001,133,0.266,0.00671854,0.0131916,0.0112734,12.6485,0
dls,0.001,134,0.268,0.0067323,0.0132099,0.0113395,12.6496,0
dls,0.001,135,0.27,0.0067459,0.0132277,0.0114054,12.6506,0
dls,0.001,136,0.272,0.00675933,0.0132452,0.0114712,12.6517,0
dls,0.001,137,0.274,0.00677261,0.0132623,0.0115369,12.6528,0
dls,0.001,138,0.276,0.00678573,0.0132791,0.0116025,12.6539,0
dls,0.001,139,0.278,0.0067987,0.0132954,0.0116681,12.655,0
dls,0.001,140,0.28,0.00681152,0.0133115,0.0117335,12.6561,0
dls,0.001,141,0.282,0.00682421,0.0133272,0.0117989,12.6573,0
dls,0.001,142,0.284,0.00683675,0.0133426,0.0118641,12.6584,0
dls,0.001,143,0.286,0.00684915,0.0133576,0.0119293,12.6596,0
dls,0.001,144,0.288,0.00686143,0.0133723,0.0119944,12.6608,0
dls,0.001,145,0.29,0.00687357,0.0133867,0.0120594,12.662,0
dls,0.001,146,0.292,0.00688559,0.0134008,0.0121243,12.6632,0
dls,0.001,147,0.294,0.00689748,0.0134147,0.0121891,12.6644,0
dls,0.001,148,0.296,0.00690925,0.0134282,0.0122539,12.6657,0
dls,0.001,149,0.298,0.00692091,0.0134414,0.0123186,12.6669,0
dls,0.001,150,0.3,0.00693245,0.0134544,0.0123832,12.6682,0
dls,0.001,151,0.302,0.00694388,0.013467,0.0124477,12.6695,0
dls,0.001,152,0.304,0.00695519,0.0134795,0.0125122,12.6708,0
dls,0.001,153,0.306,0.00696641,0.0134916,0.0125766,12.6721,0
dls,0.001,154,0.308,0.00697752,0.0135035,0.0126409,12.6734,0
dls,0.001,155,0.31,0.00698853,0.0135152,0.0127052,12.6748,0
dls,0.001,156,0.312,0.00699944,0.0135266,0.0127694,12.6761,0
dls,0.001,157,0.314,0.00701025,0.0135378,0.0128335,12.6775,0
dls,0.001,158,0.316,0.00702097,0.0135487,0.0128975,12.6789,0
dls,0.001,159,0.318,0.0070316,0.0135594,0.0129615,12.6803,0
dls,0.001,160,0.32,0.00704213,0.0135699,0.0130254,12.6817,0
dls,0.001,161,0.322,0.00705259,0.0135802,0.0130893,12.6831,0
dls,0.001,162,0.324,0.00706295,0.0135902,0.0131531,12.6846,0
dls,0.001,163,0.326,0.00707324,0.0136001,0.0132168,12.686,0
dls,0.001,164,0.328,0.00708344,0.0136097,0.0132805,12.6875,0
dls,0.001,165,0.33,0.00709357,0.0136192,0.0133441,12.689,0
dls,0.001,166,0.332,0.00710362,0.0136284,0.0134077,12.6905,0
dls,0.001,167,0.334,0.00711359,0.0136375,0.0134712,12.692,0
dls,0.001,168,0.336,0.00712349,0.0136464,0.0135346,12.6935,0
dls,0.001,169,0.338,0.00713332,0.0136551,0.013598,12.695,0
dls,0.001,170,0.34,0.00714308,0.0136636,0.0136613,12.6966,0
dls,0.001,171,0.342,0.00715278,0.013672,0.0137246,12.6982,0
dls,0.001,172,0.344,0.00716241,0.0136801,0.0137879,12.6997,0
dls,0.001,173,0.346,0.00717197,0.0136882,0.0138511,12.7013,0
dls,0.001,174,0.348,0.00718147,0.013696,0.0139142,12.7029,0
dls,0.001,175,0.35,0.00719091,0.0137037,0.0139773,12.7046,0
dls,0.001,176,0.352,0.0072003,0.0137112,0.0140403,12.7062,0
dls,0.001,177,0.354,0.00720962,0.0137186,0.0141033,12.7079,0
dls,0.001,178,0.356,0.00721889,0.0137259,0.0141662,12.7095,0
dls,0.001,179,0.358,0.00722811,0.013733,0.0142291,12.7112,0
dls,0.001,180,0.36,0.00723727,0.0137399,0.014292,12.7129,0
dls,0.001,181,0.362,0.00724638,0.0137467,0.0143548,12.7146,0
dls,0.001,182,0.364,0.00725544,0.0137534,0.0144175,12.7163,0
dls,0.001,183,0.366,0.00726445,0.01376,0.0144802,12.7181,0
dls,0.001,184,0.368,0.00727341,0.0137664,0.0145429,12.7198,0
dls,0.001,185,0.37,0.00728233,0.0137727,0.0146055,12.7216,0
dls,0.001,186,0.372,0.0072912,0.0137789,0.0146681,12.7234,0
dls,0.001,187,0.374,0.00730002,0.0137849,0.0147306,12.7251,0
dls,0.001,188,0.376,0.00730881,0.0137908,0.0147931,12.727,0
dls,0.001,189,0.378,0.00731755,0.0137967,0.0148556,12.7288,0
dls,0.001,190,0.38,0.00732625,0.0138024,0.014918,12.7306,0
dls,0.001,191,0.382,0.00733491,0.013808,0.0149804,12.7325,0
dls,0.001,192,0.384,0.00734353,0.0138135,0.0150427,12.7343,0
dls,0.001,193,0.386,0.00735212,0.0138188,0.015105,12.7362,0
dls,0.001,194,0.388,0.00736067,0.0138241,0.0151673,12.7381,0
dls,0.001,195,0.39,0.00736918,0.0138293,0.0152295,12.74,0
dls,0.001,196,0.392,0.00737766,0.0138344,0.0152917,12.7419,0
dls,0.001,197,0.394,0.00738611,0.0138394,0.0153539,12.7438,0
dls,0.001,198,0.396,0.00739452,0.0138443,0.015416,12.7458,0
dls,0.001,199,0.398,0.0074029,0.0138491,0.0154781,12.7477,0
dls,0.001,200,0.4,0.00741125,0.0138538,0.0155401,12.7497,0
dls,0.001,201,0.402,0.00741958,0.0138584,0.0156021,12.7517,0
dls,0.001,202,0.404,0.00742787,0.013863,0.0156641,12.7537,0
dls,0.001,203,0.406,0.00743613,0.0138674,0.0157261,12.7557,0
dls,0.001,204,0.408,0.00744437,0.0138718,0.015788,12.7578,0
dls,0.001,205,0.41,0.00745258,0.0138761,0.0158498,12.7598,0
dls,0.001,206,0.412,0.00746076,0.0138803,0.0159117,12.7619,0
dls,0.001,207,0.414,0.00746892,0.0138845,0.0159735,12.7639,0
dls,0.001,208,0.416,0.00747705,0.0138885,0.0160353,12.766,0
dls,0.001,209,0.418,0.00748516,0.0138925,0.016097,12.7681,0
dls,0.001,210,0.42,0.00749325,0.0138965,0.0161587,12.7703,0
dls,0.001,211,0.422,0.00750131,0.0139003,0.0162204,12.7724,0
dls,0.001,212,0.424,0.00750935,0.0139041,0.0162821,12.7745,0
dls,0.001,213,0.426,0.00751737,0.0139078,0.0163437,12.7767,0
dls,0.001,214,0.428,0.00752537,0.0139115,0.0164053,12.7789,0
dls,0.001,215,0.43,0.00753335,0.0139151,0.0164669,12.7811,0
dls,0.001,216,0.432,0.00754131,0.0139186,0.0165284,12.7833,0
dls,0.001,217,0.434,0.00754925,0.0139221,0.0165899,12.7855,0
dls,0.001,218,0.436,0.00755718,0.0139255,0.0166514,12.7877,0
dls,0.001,219,0.438,0.00756508,0.0139289,0.0167128,12.79,0
dls,0.001,220,0.44,0.00757297,0.0139322,0.0167743,12.7922,0
dls,0.001,221,0.442,0.00758084,0.0139355,0.0168356,12.7945,0
dls,0.001,222,0.444,0.0075887,0.0139387,0.016897,12.7968,0
dls,0.001,223,0.446,0.00759653,0.0139418,0.0169583,12.7991,0
dls,0.001,224,0.448,0.00760436,0.0139449,0.0170196,12.8014,0
dls,0.001,225,0.45,0.00761217,0.013948,0.0170809,12.8037,0
dls,0.001,226,0.452,0.00761996,0.013951,0.0171422,12.8061,0
dls,0.001,227,0.454,0.00762774,0.0139539,0.0172034,12.8084,0
dls,0.001,228,0.456,0.00763551,0.0139568,0.0172646,12.8108,0
dls,0.001,229,0.458,0.00764326,0.0139597,0.0173258,12.8132,0
dls,0.001,230,0.46,0.007651,0.0139625,0.0173869,12.8156,0
dls,0.001,231,0.462,0.00765873,0.0139653,0.017448,12.818,0
dls,0.001,232,0.464,0.00766645,0.013968,0.0175091,12.8204,0
dls,0.001,233,0.466,0.00767415,0.0139707,0.0175702,12.8229,0
dls,0.001,234,0.468,0.00768185,0.0139734,0.0176312,12.8254,0
dls,0.001,235,0.47,0.00768953,0.013976,0.0176923,12.8278,0
dls,0.001,236,0.472,0.0076972,0.0139786,0.0177533,12.8303,0
dls,0.001,237,0.474,0.00770486,0.0139811,0.0178142,12.8328,0
dls,0.001,238,0.476,0.00771252,0.0139836,0.0178752,12.8353,0
dls,0.001,239,0.478,0.00772016,0.0139861,0.0179361,12.8379,0
dls,0.001,240,0.48,0.00772779,0.0139885,0.017997,12.8404,0
dls,0.001,241,0.482,0.00773542,0.0139909,0.0180578,12.843,0
dls,0.001,242,0.484,0.00774303,0.0139933,0.0181187,12.8456,0
dls,0.001,243,0.486,0.00775064,0.0139956,0.0181795,12.8482,0
dls,0.001,244,0.488,0.00775824,0.0139979,0.0182403,12.8508,0
dls,0.001,245,0.49,0.00776583,0.0140002,0.0183011,12.8534,0
dls,0.001,246,0.492,0.00777341,0.0140025,0.0183618,12.856,0
dls,0.001,247,0.494,0.00778099,0.0140047,0.0184225,12.8587,0
dls,0.001,248,0.496,0.00778855,0.0140069,0.0184832,12.8613,0
dls,0.001,249,0.498,0.00779611,0.014009,0.0185439,12.864,0
dls,0.001,250,0.5,0.00780367,0.0140112,0.0186046,12.8667,0
dls,0.001,251,0.502,0.00781122,0.0140133,0.0186652,12.8694,0
dls,0.001,252,0.504,0.00781876,0.0140154,0.0187258,12.8721,0
dls,0.001,253,0.506,0.00782629,0.0140175,0.0187864,12.8749,0
dls,0.001,254,0.508,0.00783382,0.0140195,0.0188469,12.8776,0
dls,0.001,255,0.51,0.00784134,0.0140215,0.0189075,12.8804,0
dls,0.001,256,0.512,0.00784886,0.0140235,0.018968,12.8832,0
dls,0.001,257,0.514,0.00785637,0.0140255,0.0190285,12.886,0
dls,0.001,258,0.516,0.00786388,0.0140274,0.0190889,12.8888,0
dls,0.001,259,0.518,0.00787138,0.0140294,0.0191494,12.8916,0
dls,0.001,260,0.52,0.00787888,0.0140313,0.0192098,12.8945,0
dls,0.001,261,0.522,0.00788637,0.0140332,0.0192702,12.8973,0
dls,0.001,262,0.524,0.00789386,0.014035,0.0193306,12.9002,0
dls,0.001,263,0.526,0.00790134,0.0140369,0.0193909,12.9031,0
dls,0.001,264,0.528,0.00790882,0.0140387,0.0194512,12.906,0
dls,0.001,265,0.53,0.0079163,0.0140405,0.0195115,12.9089,0
dls,0.001,266,0.532,0.00792377,0.0140423,0.0195718,12.9118,0
dls,0.001,267,0.534,0.00793123,0.0140441,0.0196321,12.9148,0
dls,0.001,268,0.536,0.00793869,0.0140459,0.0196923,12.9177,0
dls,0.001,269,0.538,0.00794615,0.0140476,0.0197525,12.9207,0
dls,0.001,270,0.54,0.00795361,0.0140494,0.0198127,12.9237,0
dls,0.001,271,0.542,0.00796106,0.0140511,0.0198729,12.9267,0
dls,0.001,272,0.544,0.00796851,0.0140528,0.0199331,12.9297,0
dls,0.001,273,0.546,0.00797595,0.0140545,0.0199932,12.9328,0
dls,0.001,274,0.548,0.00798339,0.0140562,0.0200533,12.9358,0
dls,0.001,275,0.55,0.00799083,0.0140578,0.0201134,12.9389,0
dls,0.001,276,0.552,0.00799826,0.0140595,0.0201734,12.9419,0
dls,0.001,277,0.554,0.0080057,0.0140611,0.0202335,12.945,0
dls,0.001,278,0.556,0.00801313,0.0140627,0.0202935,12.9482,0
dls,0.001,279,0.558,0.00802055,0.0140644,0.0203535,12.9513,0
dls,0.001,280,0.56,0.00802797,0.014066,0.0204135,12.9544,0
dls,0.001,281,0.562,0.0080354,0.0140676,0.0204734,12.9576,0
dls,0.001,282,0.564,0.00804281,0.0140691,0.0205334,12.9607,0
dls,0.001,283,0.566,0.00805023,0.0140707,0.0205933,12.9639,0
dls,0.001,284,0.568,0.00805764,0.0140723,0.0206531,12.9671,0
dls,0.001,285,0.57,0.00806505,0.0140738,0.020713,12.9704,0
dls,0.001,286,0.572,0.00807246,0.0140754,0.0207729,12.9736,0
dls,0.001,287,0.574,0.00807986,0.0140769,0.0208327,12.9768,0
dls,0.001,288,0.576,0.00808727,0.0140784,0.0208925,12.9801,0
dls,0.001,289,0.578,0.00809467,0.0140799,0.0209523,12.9834,0
dls,0.001,290,0.58,0.00810206,0.0140814,0.021012,12.9867,0
dls,0.001,291,0.582,0.00810946,0.0140829,0.0210717,12.99,0
dls,0.001,292,0.584,0.00811685,0.0140844,0.0211314,12.9933,0
dls,0.001,293,0.586,0.00812425,0.0140859,0.0211911,12.9966,0
dls,0.001,294,0.588,0.00813164,0.0140874,0.0212508,13.0,0
dls,0.001,295,0.59,0.00813902,0.0140889,0.0213105,13.0034,0
dls,0.001,296,0.592,0.00814641,0.0140903,0.0213701,13.0068,0
dls,0.001,297,0.594,0.00815379,0.0140918,0.0214297,13.0102,0
dls,0.001,298,0.596,0.00816117,0.0140932,0.0214893,13.0136,0
dls,0.001,299,0.598,0.00816855,0.0140947,0.0215488,13.017,0
dls,0.001,300,0.6,0.00817593,0.0140961,0.0216084,13.0205,0
dls,0.001,301,0.602,0.0081833,0.0140976,0.0216679,13.0239,0
dls,0.001,302,0.604,0.00819067,0.014099,0.0217274,13.0274,0
dls,0.001,303,0.606,0.00819804,0.0141004,0.0217868,13.0309,0
dls,0.001,304,0.608,0.00820541,0.0141018,0.0218463,13.0344,0
dls,0.001,305,0.61,0.00821278,0.0141032,0.0219057,13.0379,0
dls,0.001,306,0.612,0.00822014,0.0141046,0.0219651,13.0415,0
dls,0.001,307,0.614,0.00822751,0.014106,0.0220245,13.045,0
dls,0.001,308,0.616,0.00823487,0.0141074,0.0220838,13.0486,0
dls,0.001,309,0.618,0.00824222,0.0141088,0.0221432,13.0522,0
dls,0.001,310,0.62,0.00824958,0.0141102,0.0222025,13.0558,0
dls,0.001,311,0.622,0.00825693,0.0141116,0.0222618,13.0594,0
dls,0.001,312,0.624,0.00826429,0.014113,0.0223211,13.063,0
dls,0.001,313,0.626,0.00827164,0.0141144,0.0223803,13.0667,0
dls,0.001,314,0.628,0.00827898,0.0141158,0.0224395,13.0704,0
dls,0.001,315,0.63,0.00828633,0.0141171,0.0224987,13.074,0
dls,0.001,316,0.632,0.00829367,0.0141185,0.0225579,13.0777,0
dls,0.001,317,0.634,0.00830101,0.0141199,0.0226171,13.0815,0
dls,0.001,318,0.636,0.00830835,0.0141213,0.0226762,13.0852,0
dls,0.001,319,0.638,0.00831569,0.0141226,0.0227353,13.0889,0
dls,0.001,320,0.64,0.00832303,0.014124,0.0227944,13.0927,0
dls,0.001,321,0.642,0.00833036,0.0141254,0.0228535,13.0965,0
dls,0.001,322,0.644,0.00833769,0.0141267,0.0229125,13.1003,0
dls,0.001,323,0.646,0.00834502,0.0141281,0.0229716,13.1041,0
dls,0.001,324,0.648,0.00835234,0.0141294,0.0230306,13.1079,0
dls,0.001,325,0.65,0.00835967,0.0141308,0.0230896,13.1118,0
dls,0.001,326,0.652,0.00836699,0.0141321,0.0231485,13.1156,0
dls,0.001,327,0.654,0.00837431,0.0141335,0.0232075,13.1195,0
dls,0.001,328,0.656,0.00838162,0.0141348,0.0232664,13.1234,0
dls,0.001,329,0.658,0.00838894,0.0141362,0.0233253,13.1273,0
dls,0.001,330,0.66,0.00839625,0.0141375,0.0233841,13.1312,0
dls,0.001,331,0.662,0.00840356,0.0141389,0.023443,13.1352,0
dls,0.001,332,0.664,0.00841087,0.0141402,0.0235018,13.1391,0
dls,0.001,333,0.666,0.00841817,0.0141416,0.0235606,13.1431,0
dls,0.001,334,0.668,0.00842547,0.0141429,0.0236194,13.1471,0
dls,0.001,335,0.67,0.00843277,0.0141443,0.0236781,13.1511,0
dls,0.001,336,0.672,0.00844007,0.0141456,0.0237368,13.1551,0
dls,0.001,337,0.674,0.00844736,0.014147,0.0237955,13.1591,0
dls,0.001,338,0.676,0.00845465,0.0141483,0.0238542,13.1632,0
dls,0.001,339,0.678,0.00846194,0.0141497,0.0239129,13.1673,0
dls,0.001,340,0.68,0.00846922,0.014151,0.0239715,13.1714,0
dls,0.001,341,0.682,0.00847651,0.0141524,0.0240301,13.1755,0
dls,0.001,342,0.684,0.00848378,0.0141537,0.0240887,13.1796,0
dls,0.001,343,0.686,0.00849106,0.0141551,0.0241473,13.1837,0
dls,0.001,344,0.688,0.00849833,0.0141564,0.0242058,13.1879,0
dls,0.001,345,0.69,0.0085056,0.0141578,0.0242644,13.192,0
dls,0.001,346,0.692,0.00851287,0.0141591,0.0243229,13.1962,0
dls,0.001,347,0.694,0.00852014,0.0141605,0.0243813,13.2004,0
dls,0.001,348,0.696,0.0085274,0.0141618,0.0244398,13.2047,0
dls,0.001,349,0.698,0.00853465,0.0141632,0.0244982,13.2089,0
dls,0.001,350,0.7,0.00854191,0.0141645,0.0245566,13.2131,0
dls,0.001,351,0.702,0.00854916,0.0141659,0.024615,13.2174,0
dls,0.001,352,0.704,0.00855641,0.0141672,0.0246733,13.2217,0
dls,0.001,353,0.706,0.00856365,0.0141686,0.0247317,13.226,0
dls,0.001,354,0.708,0.00857089,0.0141699,0.02479,13.2303,0
dls,0.001,355,0.71,0.00857813,0.0141713,0.0248483,13.2347,0
dls,0.001,356,0.712,0.00858536,0.0141726,0.0249065,13.239,0
dls,0.001,357,0.714,0.00859259,0.014174,0.0249648,13.2434,0
dls,0.001,358,0.716,0.00859982,0.0141754,0.025023,13.2478,0
dls,0.001,359,0.718,0.00860704,0.0141767,0.0250812,13.2522,0
dls,0.001,360,0.72,0.00861426,0.0141781,0.0251393,13.2566,0
dls,0.001,361,0.722,0.00862147,0.0141795,0.0251975,13.261,0
dls,0.001,362,0.724,0.00862868,0.0141808,0.0252556,13.2655,0
dls,0.001,363,0.726,0.00863589,0.0141822,0.0253137,13.27,0
dls,0.001,364,0.728,0.00864309,0.0141836,0.0253717,13.2745,0
dls,0.001,365,0.73,0.00865029,0.0141849,0.0254298,13.279,0
dls,0.001,366,0.732,0.00865749,0.0141863,0.0254878,13.2835,0
dls,0.001,367,0.734,0.00866468,0.0141877,0.0255458,13.288,0
dls,0.001,368,0.736,0.00867186,0.0141891,0.0256038,13.2926,0
dls,0.001,369,0.738,0.00867904,0.0141905,0.0256617,13.2972,0
dls,0.001,370,0.74,0.00868622,0.0141918,0.0257196,13.3018,0
dls,0.001,371,0.742,0.0086934,0.0141932,0.0257775,13.3064,0
dls,0.001,372,0.744,0.00870056,0.0141946,0.0258354,13.311,0
dls,0.001,373,0.746,0.00870773,0.014196,0.0258932,13.3157,0
dls,0.001,374,0.748,0.00871489,0.0141974,0.025951,13.3203,0
dls,0.001,375,0.75,0.00872204,0.0141988,0.0260088,13.325,0
dls,0.001,376,0.752,0.00872919,0.0142002,0.0260666,13.3297,0
dls,0.001,377,0.754,0.00873634,0.0142016,0.0261244,13.3344,0
dls,0.001,378,0.756,0.00874348,0.014203,0.0261821,13.3391,0
dls,0.001,379,0.758,0.00875062,0.0142044,0.0262398,13.3439,0
dls,0.001,380,0.76,0.00875775,0.0142058,0.0262974,13.3487,0
dls,0.001,381,0.762,0.00876487,0.0142072,0.0263551,13.3535,0
dls,0.001,382,0.764,0.008772,0.0142086,0.0264127,13.3583,0
dls,0.001,383,0.766,0.00877911,0.01421,0.0264703,13.3631,0
dls,0.001,384,0.768,0.00878622,0.0142114,0.0265279,13.3679,0
dls,0.001,385,0.77,0.00879333,0.0142129,0.0265854,13.3728,0
dls,0.001,386,0.772,0.00880043,0.0142143,0.0266429,13.3776,0
dls,0.001,387,0.774,0.00880753,0.0142157,0.0267004,13.3825,0
dls,0.001,388,0.776,0.00881461,0.0142171,0.0267579,13.3875,0
dls,0.001,389,0.778,0.0088217,0.0142186,0.0268153,13.3924,0
dls,0.001,390,0.78,0.00882878,0.01422,0.0268727,13.3973,0
dls,0.001,391,0.782,0.00883585,0.0142214,0.0269301,13.4023,0
dls,0.001,392,0.784,0.00884292,0.0142229,0.0269875,13.4073,0
dls,0.001,393,0.786,0.00884998,0.0142243,0.0270448,13.4123,0
dls,0.001,394,0.788,0.00885704,0.0142257,0.0271021,13.4173,0
dls,0.001,395,0.79,0.00886409,0.0142272,0.0271594,13.4223,0
dls,0.001,396,0.792,0.00887113,0.0142286,0.0272167,13.4274,0
dls,0.001,397,0.794,0.00887817,0.0142301,0.0272739,13.4325,0
dls,0.001,398,0.796,0.00888521,0.0142315,0.0273311,13.4375,0
dls,0.001,399,0.798,0.00889223,0.014233,0.0273883,13.4427,0
dls,0.001,400,0.8,0.00889925,0.0142345,0.0274454,13.4478,0
dls,0.001,401,0.802,0.00890627,0.0142359,0.0275025,13.4529,0
dls,0.001,402,0.804,0.00891328,0.0142374,0.0275596,13.4581,0
dls,0.001,403,0.806,0.00892028,0.0142389,0.0276167,13.4633,0
dls,0.001,404,0.808,0.00892728,0.0142403,0.0276738,13.4685,0
dls,0.001,405,0.81,0.00893426,0.0142418,0.0277308,13.4737,0
dls,0.001,406,0.812,0.00894125,0.0142433,0.0277878,13.4789,0
dls,0.001,407,0.814,0.00894822,0.0142448,0.0278447,13.4842,0
dls,0.001,408,0.816,0.00895519,0.0142462,0.0279017,13.4895,0
dls,0.001,409,0.818,0.00896216,0.0142477,0.0279586,13.4948,0
dls,0.001,410,0.82,0.00896911,0.0142492,0.0280155,13.5001,0
dls,0.001,411,0.822,0.00897606,0.0142507,0.0280723,13.5054,0
dls,0.001,412,0.824,0.00898301,0.0142522,0.0281291,13.5107,0
dls,0.001,413,0.826,0.00898994,0.0142537,0.0281859,13.5161,0
dls,0.001,414,0.828,0.00899687,0.0142552,0.0282427,13.5215,0
dls,0.001,415,0.83,0.0090038,0.0142567,0.0282995,13.5269,0
dls,0.001,416,0.832,0.00901071,0.0142582,0.0283562,13.5323,0
dls,0.001,417,0.834,0.00901762,0.0142597,0.0284129,13.5378,0
dls,0.001,418,0.836,0.00902452,0.0142612,0.0284695,13.5432,0
dls,0.001,419,0.838,0.00903141,0.0142628,0.0285262,13.5487,0
dls,0.001,420,0.84,0.0090383,0.0142643,0.0285828,13.5542,0
dls,0.001,421,0.842,0.00904518,0.0142658,0.0286394,13.5597,0
dls,0.001,422,0.844,0.00905205,0.0142673,0.0286959,13.5653,0
dls,0.001,423,0.846,0.00905892,0.0142689,0.0287525,13.5708,0
dls,0.001,424,0.848,0.00906577,0.0142704,0.028809,13.5764,0
dls,0.001,425,0.85,0.00907262,0.0142719,0.0288654,13.582,0
dls,0.001,426,0.852,0.00907946,0.0142735,0.0289219,13.5876,0
dls,0.001,427,0.854,0.0090863,0.014275,0.0289783,13.5932,0
dls,0.001,428,0.856,0.00909312,0.0142766,0.0290347,13.5989,0
dls,0.001,429,0.858,0.00909994,0.0142781,0.029091,13.6046,0
dls,0.001,430,0.86,0.00910675,0.0142797,0.0291474,13.6103,0
dls,0.001,431,0.862,0.00911356,0.0142812,0.0292037,13.616,0
dls,0.001,432,0.864,0.00912035,0.0142828,0.0292599,13.6217,0
dls,0.001,433,0.866,0.00912714,0.0142843,0.0293162,13.6274,0
dls,0.001,434,0.868,0.00913392,0.0142859,0.0293724,13.6332,0
dls,0.001,435,0.87,0.00914069,0.0142875,0.0294286,13.639,0
dls,0.001,436,0.872,0.00914745,0.0142891,0.0294847,13.6448,0
dls,0.001,437,0.874,0.0091542,0.0142906,0.0295409,13.6506,0
dls,0.001,438,0.876,0.00916095,0.0142922,0.029597,13.6565,0
dls,0.001,439,0.878,0.00916768,0.0142938,0.029653,13.6624,0
dls,0.001,440,0.88,0.00917441,0.0142954,0.0297091,13.6682,0
dls,0.001,441,0.882,0.00918113,0.014297,0.0297651,13.6741,0
dls,0.001,442,0.884,0.00918784,0.0142986,0.0298211,13.6801,0
dls,0.001,443,0.886,0.00919455,0.0143002,0.029877,13.686,0
dls,0.001,444,0.888,0.00920124,0.0143018,0.029933,13.692,0
dls,0.001,445,0.89,0.00920793,0.0143034,0.0299889,13.698,0
dls,0.001,446,0.892,0.0092146,0.014305,0.0300447,13.704,0
dls,0.001,447,0.894,0.00922127,0.0143066,0.0301006,13.71,0
dls,0.001,448,0.896,0.00922793,0.0143082,0.0301564,13.7161,0
dls,0.001,449,0.898,0.00923458,0.0143098,0.0302122,13.7221,0
dls,0.001,450,0.9,0.00924122,0.0143114,0.0302679,13.7282,0
dls,0.001,451,0.902,0.00924785,0.014313,0.0303236,13.7343,0
dls,0.001,452,0.904,0.00925447,0.0143147,0.0303793,13.7404,0
dls,0.001,453,0.906,0.00926109,0.0143163,0.030435,13.7466,0
dls,0.001,454,0.908,0.00926769,0.0143179,0.0304906,13.7528,0
dls,0.001,455,0.91,0.00927428,0.0143196,0.0305462,13.7589,0
dls,0.001,456,0.912,0.00928087,0.0143212,0.0306018,13.7651,0
dls,0.001,457,0.914,0.00928745,0.0143229,0.0306574,13.7714,0
dls,0.001,458,0.916,0.00929401,0.0143245,0.0307129,13.7776,0
dls,0.001,459,0.918,0.00930057,0.0143261,0.0307683,13.7839,0
dls,0.001,460,0.92,0.00930712,0.0143278,0.0308238,13.7902,0
dls,0.001,461,0.922,0.00931365,0.0143295,0.0308792,13.7965,0
dls,0.001,462,0.924,0.00932018,0.0143311,0.0309346,13.8028,0
dls,0.001,463,0.926,0.0093267,0.0143328,0.03099,13.8092,0
dls,0.001,464,0.928,0.00933321,0.0143344,0.0310453,13.8156,0
dls,0.001,465,0.93,0.00933971,0.0143361,0.0311006,13.822,0
dls,0.001,466,0.932,0.0093462,0.0143378,0.0311559,13.8284,0
dls,0.001,467,0.934,0.00935267,0.0143395,0.0312111,13.8348,0
dls,0.001,468,0.936,0.00935914,0.0143411,0.0312663,13.8413,0
dls,0.001,469,0.938,0.0093656,0.0143428,0.0313215,13.8477,0
dls,0.001,470,0.94,0.00937205,0.0143445,0.0313767,13.8542,0
dls,0.001,471,0.942,0.00937849,0.0143462,0.0314318,13.8608,0
dls,0.001,472,0.944,0.00938492,0.0143479,0.0314869,13.8673,0
dls,0.001,473,0.946,0.00939133,0.0143496,0.0315419,13.8739,0
dls,0.001,474,0.948,0.00939774,0.0143513,0.0315969,13.8804,0
dls,0.001,475,0.95,0.00940414,0.014353,0.0316519,13.887,0
dls,0.001,476,0.952,0.00941052,0.0143547,0.0317069,13.8937,0
dls,0.001,477,0.954,0.0094169,0.0143564,0.0317618,13.9003,0
dls,0.001,478,0.956,0.00942326,0.0143581,0.0318167,13.907,0
dls,0.001,479,0.958,0.00942962,0.0143598,0.0318716,13.9137,0
dls,0.001,480,0.96,0.00943596,0.0143615,0.0319264,13.9204,0
dls,0.001,481,0.962,0.0094423,0.0143633,0.0319813,13.9271,0
dls,0.001,482,0.964,0.00944862,0.014365,0.032036,13.9339,0
dls,0.001,483,0.966,0.00945493,0.0143667,0.0320908,13.9407,0
dls,0.001,484,0.968,0.00946123,0.0143685,0.0321455,13.9475,0
dls,0.001,485,0.97,0.00946752,0.0143702,0.0322002,13.9543,0
dls,0.001,486,0.972,0.0094738,0.0143719,0.0322548,13.9611,0
dls,0.001,487,0.974,0.00948007,0.0143737,0.0323094,13.968,0
dls,0.001,488,0.976,0.00948632,0.0143754,0.032364,13.9749,0
dls,0.001,489,0.978,0.00949257,0.0143772,0.0324186,13.9818,0
dls,0.001,490,0.98,0.0094988,0.0143789,0.0324731,13.9887,0
dls,0.001,491,0.982,0.00950503,0.0143807,0.0325276,13.9957,0
dls,0.001,492,0.984,0.00951124,0.0143824,0.032582,14.0026,0
dls,0.001,493,0.986,0.00951744,0.0143842,0.0326365,14.0096,0
dls,0.001,494,0.988,0.00952363,0.0143859,0.0326909,14.0167,0
dls,0.001,495,0.99,0.0095298,0.0143877,0.0327452,14.0237,0
dls,0.001,496,0.992,0.00953597,0.0143895,0.0327995,14.0308,0
dls,0.001,497,0.994,0.00954213,0.0143913,0.0328538,14.0378,0
dls,0.001,498,0.996,0.00954827,0.014393,0.0329081,14.045,0
dls,0.001,499,0.998,0.0095544,0.0143948,0.0329623,14.0521,0
dls,0.001,500,1.0,0.00956052,0.0143966,0.0330165,14.0592,0
dls,0.001,501,1.002,0.00956663,0.0143984,0.0330707,14.0664,0
dls,0.001,502,1.004,0.00957272,0.0144002,0.0331248,14.0736,0
dls,0.001,503,1.006,0.00957881,0.014402,0.0331789,14.0808,0
dls,0.001,504,1.008,0.00958488,0.0144038,0.033233,14.0881,0
dls,0.001,505,1.01,0.00959094,0.0144056,0.033287,14.0953,0
dls,0.001,506,1.012,0.00959699,0.0144074,0.033341,14.1026,0
dls,0.001,507,1.014,0.00960303,0.0144092,0.033395,14.1099,0
dls,0.001,508,1.016,0.00960905,0.014411,0.0334489,14.1173,0
dls,0.001,509,1.018,0.00961506,0.0144128,0.0335028,14.1246,0
dls,0.001,510,1.02,0.00962106,0.0144146,0.0335567,14.132,0
dls,0.001,511,1.022,0.00962705,0.0144164,0.0336105,14.1394,0
dls,0.001,512,1.024,0.00963303,0.0144182,0.0336643,14.1469,0
dls,0.001,513,1.026,0.00963899,0.0144201,0.0337181,14.1543,0
dls,0.001,514,1.028,0.00964494,0.0144219,0.0337718,14.1618,0
dls,0.001,515,1.03,0.00965088,0.0144237,0.0338256,14.1693,0
dls,0.001,516,1.032,0.0096568,0.0144255,0.0338792,14.1768,0
dls,0.001,517,1.034,0.00966272,0.0144274,0.0339329,14.1843,0
dls,0.001,518,1.036,0.00966862,0.0144292,0.0339865,14.1919,0
dls,0.001,519,1.038,0.00967451,0.0144311,0.03404,14.1995,0
dls,0.001,520,1.04,0.00968038,0.0144329,0.0340936,14.2071,0
dls,0.001,521,1.042,0.00968625,0.0144348,0.0341471,14.2148,0
dls,0.001,522,1.044,0.0096921,0.0144366,0.0342005,14.2224,0
dls,0.001,523,1.046,0.00969793,0.0144385,0.034254,14.2301,0
dls,0.001,524,1.048,0.00970376,0.0144403,0.0343074,14.2378,0
dls,0.001,525,1.05,0.00970957,0.0144422,0.0343607,14.2456,0
dls,0.001,526,1.052,0.00971537,0.014444,0.0344141,14.2533,0
dls,0.001,527,1.054,0.00972116,0.0144459,0.0344674,14.2611,0
dls,0.001,528,1.056,0.00972693,0.0144478,0.0345206,14.2689,0
dls,0.001,529,1.058,0.00973269,0.0144497,0.0345738,14.2767,0
dls,0.001,530,1.06,0.00973844,0.0144515,0.034627,14.2846,0
dls,0.001,531,1.062,0.00974417,0.0144534,0.0346802,14.2925,0
dls,0.001,532,1.064,0.00974989,0.0144553,0.0347333,14.3004,0
dls,0.001,533,1.066,0.0097556,0.0144572,0.0347864,14.3083,0
dls,0.001,534,1.068,0.00976129,0.0144591,0.0348395,14.3163,0
dls,0.001,535,1.07,0.00976697,0.0144609,0.0348925,14.3242,0
dls,0.001,536,1.072,0.00977264,0.0144628,0.0349455,14.3322,0
dls,0.001,537,1.074,0.00977829,0.0144647,0.0349984,14.3403,0
dls,0.001,538,1.076,0.00978394,0.0144666,0.0350513,14.3483,0
dls,0.001,539,1.078,0.00978956,0.0144685,0.0351042,14.3564,0
dls,0.001,540,1.08,0.00979518,0.0144704,0.0351571,14.3645,0
dls,0.001,541,1.082,0.00980078,0.0144723,0.0352099,14.3726,0
dls,0.001,542,1.084,0.00980636,0.0144743,0.0352627,14.3808,0
dls,0.001,543,1.086,0.00981194,0.0144762,0.0353154,14.3889,0
dls,0.001,544,1.088,0.0098175,0.0144781,0.0353681,14.3971,0
dls,0.001,545,1.09,0.00982304,0.01448,0.0354208,14.4054,0
dls,0.001,546,1.092,0.00982857,0.0144819,0.0354734,14.4136,0
dls,0.001,547,1.094,0.00983409,0.0144839,0.035526,14.4219,0
dls,0.001,548,1.096,0.0098396,0.0144858,0.0355786,14.4302,0
dls,0.001,549,1.098,0.00984509,0.0144877,0.0356311,14.4385,0
dls,0.001,550,1.1,0.00985056,0.0144896,0.0356836,14.4469,0
dls,0.001,551,1.102,0.00985602,0.0144916,0.0357361,14.4553,0
dls,0.001,552,1.104,0.00986147,0.0144935,0.0357885,14.4637,0
dls,0.001,553,1.106,0.00986691,0.0144955,0.0358409,14.4721,0
dls,0.001,554,1.108,0.00987233,0.0144974,0.0358932,14.4806,0
dls,0.001,555,1.11,0.00987773,0.0144994,0.0359456,14.489,0
dls,0.001,556,1.112,0.00988313,0.0145013,0.0359978,14.4975,0
dls,0.001,557,1.114,0.0098885,0.0145033,0.0360501,14.5061,0
dls,0.001,558,1.116,0.00989387,0.0145052,0.0361023,14.5146,0
dls,0.001,559,1.118,0.00989922,0.0145072,0.0361545,14.5232,0
dls,0.001,560,1.12,0.00990455,0.0145091,0.0362066,14.5318,0
dls,0.001,561,1.122,0.00990987,0.0145111,0.0362587,14.5405,0
dls,0.001,562,1.124,0.00991518,0.0145131,0.0363108,14.5491,0
dls,0.001,563,1.126,0.00992047,0.014515,0.0363628,14.5578,0
dls,0.001,564,1.128,0.00992575,0.014517,0.0364148,14.5666,0
dls,0.001,565,1.13,0.00993101,0.014519,0.0364667,14.5753,0
dls,0.001,566,1.132,0.00993626,0.014521,0.0365187,14.5841,0
dls,0.001,567,1.134,0.0099415,0.0145229,0.0365705,14.5929,0
dls,0.001,568,1.136,0.00994671,0.0145249,0.0366224,14.6017,0
dls,0.001,569,1.138,0.00995192,0.0145269,0.0366742,14.6105,0
dls,0.001,570,1.14,0.00995711,0.0145289,0.036726,14.6194,0
dls,0.001,571,1.142,0.00996229,0.0145309,0.0367777,14.6283,0
dls,0.001,572,1.144,0.00996745,0.0145329,0.0368294,14.6373,0
dls,0.001,573,1.146,0.00997259,0.0145349,0.0368811,14.6462,0
dls,0.001,574,1.148,0.00997772,0.0145369,0.0369327,14.6552,0
dls,0.001,575,1.15,0.00998284,0.0145389,0.0369843,14.6642,0
dls,0.001,576,1.152,0.00998794,0.0145409,0.0370358,14.6733,0
dls,0.001,577,1.154,0.00999303,0.0145429,0.0370874,14.6823,0
dls,0.001,578,1.156,0.0099981,0.0145449,0.0371388,14.6914,0
dls,0.001,579,1.158,0.0100032,0.0145469,0.0371903,14.7005,0
dls,0.001,580,1.16,0.0100082,0.0145489,0.0372417,14.7097,0
dls,0.001,581,1.162,0.0100132,0.0145509,0.0372931,14.7189,0
dls,0.001,582,1.164,0.0100182,0.0145529,0.0373444,14.7281,0
dls,0.001,583,1.166,0.0100232,0.014555,0.0373957,14.7373,0
dls,0.001,584,1.168,0.0100282,0.014557,0.0374469,14.7466,0
dls,0.001,585,1.17,0.0100332,0.014559,0.0374981,14.7559,0
dls,0.001,586,1.172,0.0100381,0.014561,0.0375493,14.7652,0
dls,0.001,587,1.174,0.0100431,0.0145631,0.0376005,14.7745,0
dls,0.001,588,1.176,0.010048,0.0145651,0.0376516,14.7839,0
dls,0.001,589,1.178,0.0100529,0.0145671,0.0377026,14.7933,0
dls,0.001,590,1.18,0.0100578,0.0145692,0.0377537,14.8027,0
dls,0.001,591,1.182,0.0100626,0.0145712,0.0378047,14.8122,0
dls,0.001,592,1.184,0.0100675,0.0145733,0.0378556,14.8217,0
dls,0.001,593,1.186,0.0100724,0.0145753,0.0379065,14.8312,0
dls,0.001,594,1.188,0.0100772,0.0145774,0.0379574,14.8407,0
dls,0.001,595,1.19,0.010082,0.0145794,0.0380083,14.8503,0
dls,0.001,596,1.192,0.0100868,0.0145815,0.0380591,14.8599,0
dls,0.001,597,1.194,0.0100916,0.0145835,0.0381098,14.8696,0
dls,0.001,598,1.196,0.0100963,0.0145856,0.0381606,14.8792,0
dls,0.001,599,1.198,0.0101011,0.0145876,0.0382112,14.8889,0
dls,0.001,600,1.2,0.0101058,0.0145897,0.0382619,14.8986,0
dls,0.001,601,1.202,0.0101105,0.0145918,0.0383125,14.9084,0
dls,0.001,602,1.204,0.0101152,0.0145938,0.0383631,14.9182,0
dls,0.001,603,1.206,0.0101199,0.0145959,0.0384136,14.928,0
dls,0.001,604,1.208,0.0101246,0.014598,0.0384641,14.9378,0
dls,0.001,605,1.21,0.0101292,0.0146001,0.0385146,14.9477,0
dls,0.001,606,1.212,0.0101339,0.0146021,0.038565,14.9576,0
dls,0.001,607,1.214,0.0101385,0.0146042,0.0386154,14.9675,0
dls,0.001,608,1.216,0.0101431,0.0146063,0.0386657,14.9774,0
dls,0.001,609,1.218,0.0101477,0.0146084,0.038716,14.9874,0
dls,0.001,610,1.22,0.0101523,0.0146105,0.0387663,14.9974,0
dls,0.001,611,1.222,0.0101568,0.0146125,0.0388165,15.0075,0
dls,0.001,612,1.224,0.0101614,0.0146146,0.0388667,15.0176,0
dls,0.001,613,1.226,0.0101659,0.0146167,0.0389168,15.0277,0
dls,0.001,614,1.228,0.0101704,0.0146188,0.0389669,15.0378,0
dls,0.001,615,1.23,0.0101749,0.0146209,0.039017,15.048,0
dls,0.001,616,1.232,0.0101794,0.014623,0.039067,15.0582,0
dls,0.001,617,1.234,0.0101839,0.0146251,0.039117,15.0684,0
dls,0.001,618,1.236,0.0101883,0.0146272,0.039167,15.0787,0
dls,0.001,619,1.238,0.0101927,0.0146293,0.0392169,15.089,0
dls,0.001,620,1.24,0.0101972,0.0146314,0.0392668,15.0993,0
dls,0.001,621,1.242,0.0102016,0.0146336,0.0393166,15.1096,0
dls,0.001,622,1.244,0.0102059,0.0146357,0.0393664,15.12,0
dls,0.001,623,1.246,0.0102103,0.0146378,0.0394162,15.1304,0
dls,0.001,624,1.248,0.0102147,0.0146399,0.0394659,15.1409,0
dls,0.001,625,1.25,0.010219,0.014642,0.0395156,15.1514,0
dls,0.001,626,1.252,0.0102233,0.0146441,0.0395652,15.1619,0
dls,0.001,627,1.254,0.0102276,0.0146463,0.0396148,15.1724,0
dls,0.001,628,1.256,0.0102319,0.0146484,0.0396644,15.183,0
dls,0.001,629,1.258,0.0102362,0.0146505,0.0397139,15.1936,0
dls,0.001,630,1.26,0.0102404,0.0146526,0.0397634,15.2042,0
dls,0.001,631,1.262,0.0102446,0.0146548,0.0398128,15.2149,0
dls,0.001,632,1.264,0.0102489,0.0146569,0.0398622,15.2256,0
dls,0.001,633,1.266,0.0102531,0.014659,0.0399115,15.2363,0
dls,0.001,634,1.268,0.0102572,0.0146612,0.0399609,15.2471,0
dls,0.001,635,1.27,0.0102614,0.0146633,0.0400101,15.2579,0
dls,0.001,636,1.272,0.0102656,0.0146655,0.0400594,15.2687,0
dls,0.001,637,1.274,0.0102697,0.0146676,0.0401086,15.2796,0
dls,0.001,638,1.276,0.0102738,0.0146697,0.0401577,15.2905,0
dls,0.001,639,1.278,0.0102779,0.0146719,0.0402069,15.3014,0
dls,0.001,640,1.28,0.010282,0.014674,0.0402559,15.3123,0
dls,0.001,641,1.282,0.0102861,0.0146762,0.040305,15.3233,0
dls,0.001,642,1.284,0.0102901,0.0146784,0.040354,15.3344,0
dls,0.001,643,1.286,0.0102941,0.0146805,0.0404029,15.3454,0
dls,0.001,644,1.288,0.0102982,0.0146827,0.0404519,15.3565,0
dls,0.001,645,1.29,0.0103022,0.0146848,0.0405007,15.3676,0
dls,0.001,646,1.292,0.0103061,0.014687,0.0405496,15.3788,0
dls,0.001,647,1.294,0.0103101,0.0146891,0.0405984,15.39,0
dls,0.001,648,1.296,0.0103141,0.0146913,0.0406471,15.4012,0
dls,0.001,649,1.298,0.010318,0.0146935,0.0406958,15.4125,0
dls,0.001,650,1.3,0.0103219,0.0146956,0.0407445,15.4238,0
dls,0.001,651,1.302,0.0103258,0.0146978,0.0407931,15.4351,0
dls,0.001,652,1.304,0.0103297,0.0147,0.0408417,15.4465,0
dls,0.001,653,1.306,0.0103335,0.0147022,0.0408903,15.4579,0
dls,0.001,654,1.308,0.0103374,0.0147043,0.0409388,15.4693,0
dls,0.001,655,1.31,0.0103412,0.0147065,0.0409873,15.4807,0
dls,0.001,656,1.312,0.010345,0.0147087,0.0410357,15.4922,0
dls,0.001,657,1.314,0.0103488,0.0147109,0.0410841,15.5038,0
dls,0.001,658,1.316,0.0103526,0.0147131,0.0411324,15.5153,0
dls,0.001,659,1.318,0.0103564,0.0147153,0.0411807,15.5269,0
dls,0.001,660,1.32,0.0103601,0.0147174,0.041229,15.5386,0
dls,0.001,661,1.322,0.0103638,0.0147196,0.0412772,15.5503,0
dls,0.001,662,1.324,0.0103676,0.0147218,0.0413254,15.562,0
dls,0.001,663,1.326,0.0103713,0.014724,0.0413735,15.5737,0
dls,0.001,664,1.328,0.0103749,0.0147262,0.0414216,15.5855,0
dls,0.001,665,1.33,0.0103786,0.0147284,0.0414697,15.5973,0
dls,0.001,666,1.332,0.0103822,0.0147306,0.0415177,15.6091,0
dls,0.001,667,1.334,0.0103858,0.0147328,0.0415657,15.621,0
dls,0.001,668,1.336,0.0103895,0.014735,0.0416136,15.633,0
dls,0.001,669,1.338,0.010393,0.0147372,0.0416615,15.6449,0
dls,0.001,670,1.34,0.0103966,0.0147394,0.0417093,15.6569,0
dls,0.001,671,1.342,0.0104002,0.0147416,0.0417571,15.6689,0
dls,0.001,672,1.344,0.0104037,0.0147438,0.0418049,15.681,0
dls,0.001,673,1.346,0.0104072,0.014746,0.0418526,15.6931,0
dls,0.001,674,1.348,0.0104107,0.0147482,0.0419003,15.7052,0
dls,0.001,675,1.35,0.0104142,0.0147504,0.0419479,15.7174,0
dls,0.001,676,1.352,0.0104177,0.0147527,0.0419955,15.7296,0
dls,0.001,677,1.354,0.0104211,0.0147549,0.0420431,15.7419,0
dls,0.001,678,1.356,0.0104246,0.0147571,0.0420906,15.7541,0
dls,0.001,679,1.358,0.010428,0.0147593,0.0421381,15.7665,0
dls,0.001,680,1.36,0.0104314,0.0147615,0.0421855,15.7788,0
dls,0.001,681,1.362,0.0104348,0.0147638,0.0422329,15.7912,0
dls,0.001,682,1.364,0.0104381,0.014766,0.0422802,15.8037,0
dls,0.001,683,1.366,0.0104415,0.0147682,0.0423275,15.8161,0
dls,0.001,684,1.368,0.0104448,0.0147704,0.0423748,15.8286,0
dls,0.001,685,1.37,0.0104481,0.0147727,0.042422,15.8412,0
dls,0.001,686,1.372,0.0104514,0.0147749,0.0424692,15.8538,0
dls,0.001,687,1.374,0.0104547,0.0147771,0.0425163,15.8664,0
dls,0.001,688,1.376,0.0104579,0.0147793,0.0425634,15.8791,0
dls,0.001,689,1.378,0.0104612,0.0147816,0.0426105,15.8918,0
dls,0.001,690,1.38,0.0104644,0.0147838,0.0426575,15.9045,0
dls,0.001,691,1.382,0.0104676,0.0147861,0.0427044,15.9173,0
dls,0.001,692,1.384,0.0104708,0.0147883,0.0427514,15.9301,0
dls,0.001,693,1.386,0.0104739,0.0147905,0.0427982,15.9429,0
dls,0.001,694,1.388,0.0104771,0.0147928,0.0428451,15.9558,0
dls,0.001,695,1.39,0.0104802,0.014795,0.0428919,15.9688,0
dls,0.001,696,1.392,0.0104833,0.0147973,0.0429386,15.9817,0
dls,0.001,697,1.394,0.0104864,0.0147995,0.0429853,15.9947,0
dls,0.001,698,1.396,0.0104895,0.0148017,0.043032,16.0078,0
dls,0.001,699,1.398,0.0104926,0.014804,0.0430786,16.0209,0
dls,0.001,700,1.4,0.0104956,0.0148062,0.0431252,16.034,0
dls,0.001,701,1.402,0.0104986,0.0148085,0.0431717,16.0472,0
dls,0.001,702,1.404,0.0105017,0.0148107,0.0432182,16.0604,0
dls,0.001,703,1.406,0.0105046,0.014813,0.0432646,16.0736,0
dls,0.001,704,1.408,0.0105076,0.0148153,0.043311,16.0869,0
dls,0.001,705,1.41,0.0105106,0.0148175,0.0433574,16.1002,0
dls,0.001,706,1.412,0.0105135,0.0148198,0.0434037,16.1136,0
dls,0.001,707,1.414,0.0105164,0.014822,0.04345,16.127,0
dls,0.001,708,1.416,0.0105193,0.0148243,0.0434962,16.1405,0
dls,0.001,709,1.418,0.0105222,0.0148265,0.0435424,16.154,0
dls,0.001,710,1.42,0.0105251,0.0148288,0.0435886,16.1675,0
dls,0.001,711,1.422,0.0105279,0.0148311,0.0436347,16.1811,0
dls,0.001,712,1.424,0.0105308,0.0148333,0.0436807,16.1947,0
dls,0.001,713,1.426,0.0105336,0.0148356,0.0437267,16.2083,0
dls,0.001,714,1.428,0.0105364,0.0148379,0.0437727,16.222,0
dls,0.001,715,1.43,0.0105391,0.0148401,0.0438186,16.2358,0
dls,0.001,716,1.432,0.0105419,0.0148424,0.0438645,16.2496,0
dls,0.001,717,1.434,0.0105446,0.0148447,0.0439103,16.2634,0
dls,0.001,718,1.436,0.0105473,0.0148469,0.0439561,16.2772,0
dls,0.001,719,1.438,0.0105501,0.0148492,0.0440019,16.2911,0
dls,0.001,720,1.44,0.0105527,0.0148515,0.0440476,16.3051,0
dls,0.001,721,1.442,0.0105554,0.0148538,0.0440933,16.3191,0
dls,0.001,722,1.444,0.0105581,0.014856,0.0441389,16.3331,0
dls,0.001,723,1.446,0.0105607,0.0148583,0.0441845,16.3472,0
dls,0.001,724,1.448,0.0105633,0.0148606,0.04423,16.3613,0
dls,0.001,725,1.45,0.0105659,0.0148629,0.0442755,16.3755,0
dls,0.001,726,1.452,0.0105685,0.0148652,0.0443209,16.3897,0
dls,0.001,727,1.454,0.010571,0.0148674,0.0443663,16.4039,0
dls,0.001,728,1.456,0.0105736,0.0148697,0.0444117,16.4182,0
dls,0.001,729,1.458,0.0105761,0.014872,0.044457,16.4326,0
dls,0.001,730,1.46,0.0105786,0.0148743,0.0445022,16.447,0
dls,0.001,731,1.462,0.0105811,0.0148766,0.0445475,16.4614,0
dls,0.001,732,1.464,0.0105836,0.0148789,0.0445926,16.4759,0
dls,0.001,733,1.466,0.010586,0.0148811,0.0446378,16.4904,0
dls,0.001,734,1.468,0.0105884,0.0148834,0.0446829,16.5049,0
dls,0.001,735,1.47,0.0105909,0.0148857,0.0447279,16.5195,0
dls,0.001,736,1.472,0.0105933,0.014888,0.0447729,16.5342,0
dls,0.001,737,1.474,0.0105956,0.0148903,0.0448179,16.5489,0
dls,0.001,738,1.476,0.010598,0.0148926,0.0448628,16.5636,0
dls,0.001,739,1.478,0.0106003,0.0148949,0.0449076,16.5784,0
dls,0.001,740,1.48,0.0106027,0.0148972,0.0449525,16.5932,0
dls,0.001,741,1.482,0.010605,0.0148995,0.0449972,16.6081,0
dls,0.001,742,1.484,0.0106072,0.0149018,0.045042,16.623,0
dls,0.001,743,1.486,0.0106095,0.0149041,0.0450867,16.638,0
dls,0.001,744,1.488,0.0106118,0.0149064,0.0451313,16.653,0
dls,0.001,745,1.49,0.010614,0.0149087,0.0451759,16.6681,0
dls,0.001,746,1.492,0.0106162,0.014911,0.0452205,16.6832,0
dls,0.001,747,1.494,0.0106184,0.0149133,0.045265,16.6983,0
dls,0.001,748,1.496,0.0106206,0.0149156,0.0453094,16.7135,0
dls,0.001,749,1.498,0.0106228,0.0149179,0.0453539,16.7288,0
dls,0.001,750,1.5,0.0106249,0.0149202,0.0453982,16.7441,0
dls,0.001,751,1.502,0.010627,0.0149225,0.0454426,16.7594,0
dls,0.001,752,1.504,0.0106291,0.0149248,0.0454868,16.7748,0
dls,0.001,753,1.506,0.0106312,0.0149271,0.0455311,16.7903,0
dls,0.001,754,1.508,0.0106333,0.0149294,0.0455753,16.8057,0
dls,0.001,755,1.51,0.0106353,0.0149317,0.0456194,16.8213,0
dls,0.001,756,1.512,0.0106374,0.014934,0.0456635,16.8369,0
dls,0.001,757,1.514,0.0106394,0.0149363,0.0457076,16.8525,0
dls,0.001,758,1.516,0.0106414,0.0149386,0.0457516,16.8682,0
dls,0.001,759,1.518,0.0106434,0.0149409,0.0457956,16.8839,0
dls,0.001,760,1.52,0.0106453,0.0149432,0.0458395,16.8997,0
dls,0.001,761,1.522,0.0106473,0.0149455,0.0458834,16.9155,0
dls,0.001,762,1.524,0.0106492,0.0149479,0.0459272,16.9314,0
dls,0.001,763,1.526,0.0106511,0.0149502,0.045971,16.9473,0
dls,0.001,764,1.528,0.010653,0.0149525,0.0460147,16.9633,0
dls,0.001,765,1.53,0.0106548,0.0149548,0.0460584,16.9793,0
dls,0.001,766,1.532,0.0106567,0.0149571,0.0461021,16.9954,0
dls,0.001,767,1.534,0.0106585,0.0149594,0.0461457,17.0115,0
dls,0.001,768,1.536,0.0106603,0.0149617,0.0461892,17.0276,0
dls,0.001,769,1.538,0.0106621,0.014964,0.0462327,17.0439,0
dls,0.001,770,1.54,0.0106639,0.0149664,0.0462762,17.0601,0
dls,0.001,771,1.542,0.0106657,0.0149687,0.0463196,17.0765,0
dls,0.001,772,1.544,0.0106674,0.014971,0.046363,17.0928,0
dls,0.001,773,1.546,0.0106691,0.0149733,0.0464063,17.1093,0
dls,0.001,774,1.548,0.0106708,0.0149756,0.0464496,17.1258,0
dls,0.001,775,1.55,0.0106725,0.0149779,0.0464928,17.1423,0
dls,0.001,776,1.552,0.0106742,0.0149803,0.046536,17.1589,0
dls,0.001,777,1.554,0.0106759,0.0149826,0.0465792,17.1755,0
dls,0.001,778,1.556,0.0106775,0.0149849,0.0466223,17.1922,0
dls,0.001,779,1.558,0.0106791,0.0149872,0.0466653,17.2089,0
dls,0.001,780,1.56,0.0106807,0.0149895,0.0467083,17.2257,0
dls,0.001,781,1.562,0.0106823,0.0149919,0.0467513,17.2426,0
dls,0.001,782,1.564,0.0106838,0.0149942,0.0467942,17.2595,0
dls,0.001,783,1.566,0.0106854,0.0149965,0.0468371,17.2764,0
dls,0.001,784,1.568,0.0106869,0.0149988,0.0468799,17.2934,0
dls,0.001,785,1.57,0.0106884,0.0150012,0.0469227,17.3105,0
dls,0.001,786,1.572,0.0106899,0.0150035,0.0469654,17.3276,0
dls,0.001,787,1.574,0.0106914,0.0150058,0.0470081,17.3448,0
dls,0.001,788,1.576,0.0106928,0.0150081,0.0470507,17.362,0
dls,0.001,789,1.578,0.0106942,0.0150105,0.0470933,17.3792,0
dls,0.001,790,1.58,0.0106957,0.0150128,0.0471359,17.3966,0
dls,0.001,791,1.582,0.0106971,0.0150151,0.0471784,17.414,0
dls,0.001,792,1.584,0.0106984,0.0150174,0.0472208,17.4314,0
dls,0.001,793,1.586,0.0106998,0.0150198,0.0472632,17.4489,0
dls,0.001,794,1.588,0.0107011,0.0150221,0.0473056,17.4664,0
dls,0.001,795,1.59,0.0107025,0.0150244,0.0473479,17.4841,0
dls,0.001,796,1.592,0.0107038,0.0150267,0.0473902,17.5017,0
dls,0.001,797,1.594,0.0107051,0.0150291,0.0474324,17.5194,0
dls,0.001,798,1.596,0.0107063,0.0150314,0.0474746,17.5372,0
dls,0.001,799,1.598,0.0107076,0.0150337,0.0475167,17.555,0
dls,0.001,800,1.6,0.0107088,0.015036,0.0475588,17.5729,0
dls,0.001,801,1.602,0.01071,0.0150384,0.0476008,17.5909,0
dls,0.001,802,1.604,0.0107112,0.0150407,0.0476428,17.6089,0
dls,0.001,803,1.606,0.0107124,0.015043,0.0476847,17.6269,0
dls,0.001,804,1.608,0.0107136,0.0150454,0.0477266,17.645,0
dls,0.001,805,1.61,0.0107147,0.0150477,0.0477685,17.6632,0
dls,0.001,806,1.612,0.0107158,0.01505,0.0478103,17.6815,0
dls,0.001,807,1.614,0.0107169,0.0150523,0.047852,17.6997,0
dls,0.001,808,1.616,0.010718,0.0150547,0.0478937,17.7181,0
dls,0.001,809,1.618,0.0107191,0.015057,0.0479354,17.7365,0
dls,0.001,810,1.62,0.0107201,0.0150593,0.047977,17.755,0
dls,0.001,811,1.622,0.0107212,0.0150617,0.0480186,17.7735,0
dls,0.001,812,1.624,0.0107222,0.015064,0.0480601,17.7921,0
dls,0.001,813,1.626,0.0107232,0.0150663,0.0481015,17.8107,0
dls,0.001,814,1.628,0.0107242,0.0150687,0.048143,17.8294,0
dls,0.001,815,1.63,0.0107251,0.015071,0.0481843,17.8482,0
dls,0.001,816,1.632,0.0107261,0.0150733,0.0482257,17.867,0
dls,0.001,817,1.634,0.010727,0.0150756,0.048267,17.8859,0
dls,0.001,818,1.636,0.0107279,0.015078,0.0483082,17.9049,0
dls,0.001,819,1.638,0.0107288,0.0150803,0.0483494,17.9239,0
dls,0.001,820,1.64,0.0107297,0.0150826,0.0483905,17.943,0
dls,0.001,821,1.642,0.0107305,0.015085,0.0484316,17.9621,0
dls,0.001,822,1.644,0.0107314,0.0150873,0.0484727,17.9813,0
dls,0.001,823,1.646,0.0107322,0.0150896,0.0485137,18.0005,0
dls,0.001,824,1.648,0.010733,0.015092,0.0485546,18.0199,0
dls,0.001,825,1.65,0.0107338,0.0150943,0.0485955,18.0393,0
dls,0.001,826,1.652,0.0107345,0.0150966,0.0486364,18.0587,0
dls,0.001,827,1.654,0.0107353,0.0150989,0.0486772,18.0782,0
dls,0.001,828,1.656,0.010736,0.0151013,0.0487179,18.0978,0
dls,0.001,829,1.658,0.0107367,0.0151036,0.0487587,18.1174,0
dls,0.001,830,1.66,0.0107374,0.0151059,0.0487993,18.1371,0
dls,0.001,831,1.662,0.0107381,0.0151083,0.04884,18.1569,0
dls,0.001,832,1.664,0.0107387,0.0151106,0.0488805,18.1767,0
dls,0.001,833,1.666,0.0107394,0.0151129,0.0489211,18.1966,0
dls,0.001,834,1.668,0.01074,0.0151152,0.0489615,18.2166,0
dls,0.001,835,1.67,0.0107406,0.0151176,0.049002,18.2366,0
dls,0.001,836,1.672,0.0107412,0.0151199,0.0490423,18.2567,0
dls,0.001,837,1.674,0.0107418,0.0151222,0.0490827,18.2768,0
dls,0.001,838,1.676,0.0107423,0.0151246,0.049123,18.2971,0
dls,0.001,839,1.678,0.0107428,0.0151269,0.0491632,18.3174,0
dls,0.001,840,1.68,0.0107434,0.0151292,0.0492034,18.3377,0
dls,0.001,841,1.682,0.0107439,0.0151315,0.0492435,18.3581,0
dls,0.001,842,1.684,0.0107443,0.0151339,0.0492836,18.3786,0
dls,0.001,843,1.686,0.0107448,0.0151362,0.0493237,18.3992,0
dls,0.001,844,1.688,0.0107452,0.0151385,0.0493637,18.4198,0
dls,0.001,845,1.69,0.0107457,0.0151409,0.0494036,18.4405,0
dls,0.001,846,1.692,0.0107461,0.0151432,0.0494435,18.4613,0
dls,0.001,847,1.694,0.0107465,0.0151455,0.0494834,18.4821,0
dls,0.001,848,1.696,0.0107468,0.0151478,0.0495232,18.503,0
dls,0.001,849,1.698,0.0107472,0.0151502,0.049563,18.524,0
dls,0.001,850,1.7,0.0107475,0.0151525,0.0496027,18.545,0
dls,0.001,851,1.702,0.0107479,0.0151548,0.0496424,18.5661,0
dls,0.001,852,1.704,0.0107482,0.0151571,0.049682,18.5873,0
dls,0.001,853,1.706,0.0107485,0.0151595,0.0497215,18.6085,0
dls,0.001,854,1.708,0.0107487,0.0151618,0.0497611,18.6298,0
dls,0.001,855,1.71,0.010749,0.0151641,0.0498005,18.6512,0
dls,0.001,856,1.712,0.0107492,0.0151664,0.04984,18.6727,0
dls,0.001,857,1.714,0.0107494,0.0151687,0.0498794,18.6942,0
dls,0.001,858,1.716,0.0107496,0.0151711,0.0499187,18.7158,0
dls,0.001,859,1.718,0.0107498,0.0151734,0.049958,18.7375,0
dls,0.001,860,1.72,0.01075,0.0151757,0.0499972,18.7593,0
dls,0.001,861,1.722,0.0107501,0.015178,0.0500364,18.7811,0
dls,0.001,862,1.724,0.0107502,0.0151803,0.0500755,18.803,0
dls,0.001,863,1.726,0.0107503,0.0151827,0.0501146,18.8249,0
dls,0.001,864,1.728,0.0107504,0.015185,0.0501537,18.847,0
dls,0.001,865,1.73,0.0107505,0.0151873,0.0501927,18.8691,0
dls,0.001,866,1.732,0.0107506,0.0151896,0.0502316,18.8913,0
dls,0.001,867,1.734,0.0107506,0.0151919,0.0502705,18.9136,0
dls,0.001,868,1.736,0.0107506,0.0151943,0.0503093,18.9359,0
dls,0.001,869,1.738,0.0107506,0.0151966,0.0503481,18.9583,0
dls,0.001,870,1.74,0.0107506,0.0151989,0.0503869,18.9808,0
dls,0.001,871,1.742,0.0107506,0.0152012,0.0504256,19.0034,0
dls,0.001,872,1.744,0.0107506,0.0152035,0.0504643,19.026,0
dls,0.001,873,1.746,0.0107505,0.0152058,0.0505029,19.0487,0
dls,0.001,874,1.748,0.0107504,0.0152081,0.0505414,19.0715,0
dls,0.001,875,1.75,0.0107503,0.0152105,0.0505799,19.0944,0
dls,0.001,876,1.752,0.0107502,0.0152128,0.0506184,19.1174,0
dls,0.001,877,1.754,0.0107501,0.0152151,0.0506568,19.1404,0
dls,0.001,878,1.756,0.0107499,0.0152174,0.0506952,19.1635,0
dls,0.001,879,1.758,0.0107498,0.0152197,0.0507335,19.1867,0
dls,0.001,880,1.76,0.0107496,0.015222,0.0507718,19.21,0
dls,0.001,881,1.762,0.0107494,0.0152243,0.05081,19.2333,0
dls,0.001,882,1.764,0.0107492,0.0152266,0.0508482,19.2568,0
dls,0.001,883,1.766,0.0107489,0.0152289,0.0508863,19.2803,0
dls,0.001,884,1.768,0.0107487,0.0152312,0.0509244,19.3038,0
dls,0.001,885,1.77,0.0107484,0.0152335,0.0509624,19.3275,0
dls,0.001,886,1.772,0.0107481,0.0152359,0.0510004,19.3513,0
dls,0.001,887,1.774,0.0107478,0.0152382,0.0510383,19.3751,0
dls,0.001,888,1.776,0.0107475,0.0152405,0.0510762,19.399,0
dls,0.001,889,1.778,0.0107472,0.0152428,0.051114,19.423,0
dls,0.001,890,1.78,0.0107468,0.0152451,0.0511518,19.4471,0
dls,0.001,891,1.782,0.0107465,0.0152474,0.0511895,19.4713,0
dls,0.001,892,1.784,0.0107461,0.0152497,0.0512272,19.4955,0
dls,0.001,893,1.786,0.0107457,0.015252,0.0512649,19.5198,0
dls,0.001,894,1.788,0.0107453,0.0152543,0.0513025,19.5442,0
dls,0.001,895,1.79,0.0107448,0.0152566,0.05134,19.5687,0
dls,0.001,896,1.792,0.0107444,0.0152589,0.0513775,19.5933,0
dls,0.001,897,1.794,0.0107439,0.0152612,0.0514149,19.618,0
dls,0.001,898,1.796,0.0107434,0.0152635,0.0514523,19.6427,0
dls,0.001,899,1.798,0.0107429,0.0152657,0.0514897,19.6676,0
dls,0.001,900,1.8,0.0107424,0.015268,0.051527,19.6925,0
dls,0.001,901,1.802,0.0107419,0.0152703,0.0515642,19.7175,0
dls,0.001,902,1.804,0.0107413,0.0152726,0.0516014,19.7426,0
dls,0.001,903,1.806,0.0107407,0.0152749,0.0516386,19.7678,0
dls,0.001,904,1.808,0.0107401,0.0152772,0.0516757,19.7931,0
dls,0.001,905,1.81,0.0107395,0.0152795,0.0517128,19.8185,0
dls,0.001,906,1.812,0.0107389,0.0152818,0.0517498,19.8439,0
dls,0.001,907,1.814,0.0107383,0.0152841,0.0517867,19.8695,0
dls,0.001,908,1.816,0.0107376,0.0152864,0.0518236,19.8951,0
dls,0.001,909,1.818,0.010737,0.0152886,0.0518605,19.9208,0
dls,0.001,910,1.82,0.0107363,0.0152909,0.0518973,19.9466,0
dls,0.001,911,1.822,0.0107356,0.0152932,0.0519341,19.9725,0
dls,0.001,912,1.824,0.0107349,0.0152955,0.0519708,19.9985,0
dls,0.001,913,1.826,0.0107341,0.0152978,0.0520075,20.0246,0
dls,0.001,914,1.828,0.0107334,0.0153,0.0520441,20.0508,0
dls,0.001,915,1.83,0.0107326,0.0153023,0.0520806,20.0771,0
dls,0.001,916,1.832,0.0107318,0.0153046,0.0521172,20.1035,0
dls,0.001,917,1.834,0.010731,0.0153069,0.0521536,20.1299,0
dls,0.001,918,1.836,0.0107302,0.0153092,0.0521901,20.1565,0
dls,0.001,919,1.838,0.0107294,0.0153114,0.0522264,20.1831,0
dls,0.001,920,1.84,0.0107285,0.0153137,0.0522628,20.2099,0
dls,0.001,921,1.842,0.0107277,0.015316,0.052299,20.2367,0
dls,0.001,922,1.844,0.0107268,0.0153182,0.0523353,20.2637,0
dls,0.001,923,1.846,0.0107259,0.0153205,0.0523715,20.2907,0
dls,0.001,924,1.848,0.010725,0.0153228,0.0524076,20.3178,0
dls,0.001,925,1.85,0.010724,0.015325,0.0524437,20.345,0
dls,0.001,926,1.852,0.0107231,0.0153273,0.0524797,20.3724,0
dls,0.001,927,1.854,0.0107221,0.0153296,0.0525157,20.3998,0
dls,0.001,928,1.856,0.0107212,0.0153318,0.0525516,20.4273,0
dls,0.001,929,1.858,0.0107202,0.0153341,0.0525875,20.4549,0
dls,0.001,930,1.86,0.0107192,0.0153364,0.0526234,20.4827,0
dls,0.001,931,1.862,0.0107181,0.0153386,0.0526591,20.5105,0
dls,0.001,932,1.864,0.0107171,0.0153409,0.0526949,20.5384,0
dls,0.001,933,1.866,0.010716,0.0153431,0.0527306,20.5664,0
dls,0.001,934,1.868,0.010715,0.0153454,0.0527662,20.5945,0
dls,0.001,935,1.87,0.0107139,0.0153476,0.0528018,20.6228,0
dls,0.001,936,1.872,0.0107128,0.0153499,0.0528374,20.6511,0
dls,0.001,937,1.874,0.0107117,0.0153522,0.0528729,20.6795,0
dls,0.001,938,1.876,0.0107105,0.0153544,0.0529083,20.7081,0
dls,0.001,939,1.878,0.0107094,0.0153567,0.0529437,20.7367,0
dls,0.001,940,1.88,0.0107082,0.0153589,0.0529791,20.7655,0
dls,0.001,941,1.882,0.010707,0.0153611,0.0530144,20.7943,0
dls,0.001,942,1.884,0.0107058,0.0153634,0.0530496,20.8233,0
dls,0.001,943,1.886,0.0107046,0.0153656,0.0530848,20.8523,0
dls,0.001,944,1.888,0.0107034,0.0153679,0.05312,20.8815,0
dls,0.001,945,1.89,0.0107022,0.0153701,0.0531551,20.9108,0
dls,0.001,946,1.892,0.0107009,0.0153724,0.0531902,20.9402,0
dls,0.001,947,1.894,0.0106996,0.0153746,0.0532252,20.9696,0
dls,0.001,948,1.896,0.0106983,0.0153768,0.0532601,20.9992,0
dls,0.001,949,1.898,0.010697,0.0153791,0.053295,21.029,0
dls,0.001,950,1.9,0.0106957,0.0153813,0.0533299,21.0588,0
dls,0.001,951,1.902,0.0106944,0.0153835,0.0533647,21.0887,0
dls,0.001,952,1.904,0.010693,0.0153858,0.0533995,21.1188,0
dls,0.001,953,1.906,0.0106917,0.015388,0.0534342,21.1489,0
dls,0.001,954,1.908,0.0106903,0.0153902,0.0534689,21.1792,0
dls,0.001,955,1.91,0.0106889,0.0153924,0.0535035,21.2095,0
dls,0.001,956,1.912,0.0106875,0.0153947,0.0535381,21.24,0
dls,0.001,957,1.914,0.010686,0.0153969,0.0535726,21.2706,0
dls,0.001,958,1.916,0.0106846,0.0153991,0.0536071,21.3014,0
dls,0.001,959,1.918,0.0106831,0.0154013,0.0536415,21.3322,0
dls,0.001,960,1.92,0.0106817,0.0154035,0.0536759,21.3631,0
dls,0.001,961,1.922,0.0106802,0.0154058,0.0537102,21.3942,0
dls,0.001,962,1.924,0.0106787,0.015408,0.0537445,21.4254,0
dls,0.001,963,1.926,0.0106772,0.0154102,0.0537787,21.4567,0
dls,0.001,964,1.928,0.0106756,0.0154124,0.0538129,21.4881,0
dls,0.001,965,1.93,0.0106741,0.0154146,0.0538471,21.5197,0
dls,0.001,966,1.932,0.0106725,0.0154168,0.0538812,21.5513,0
dls,0.001,967,1.934,0.0106709,0.015419,0.0539152,21.5831,0
dls,0.001,968,1.936,0.0106694,0.0154212,0.0539492,21.615,0
dls,0.001,969,1.938,0.0106678,0.0154234,0.0539831,21.647,0
dls,0.001,970,1.94,0.0106661,0.0154256,0.054017,21.6791,0
dls,0.001,971,1.942,0.0106645,0.0154278,0.0540509,21.7114,0
dls,0.001,972,1.944,0.0106628,0.01543,0.0540847,21.7438,0
dls,0.001,973,1.946,0.0106612,0.0154322,0.0541184,21.7763,0
dls,0.001,974,1.948,0.0106595,0.0154344,0.0541521,21.8089,0
dls,0.001,975,1.95,0.0106578,0.0154366,0.0541858,21.8417,0
dls,0.001,976,1.952,0.0106561,0.0154388,0.0542194,21.8746,0
dls,0.001,977,1.954,0.0106544,0.015441,0.0542529,21.9076,0
dls,0.001,978,1.956,0.0106527,0.0154432,0.0542864,21.9407,0
dls,0.001,979,1.958,0.0106509,0.0154454,0.0543199,21.974,0
dls,0.001,980,1.96,0.0106491,0.0154476,0.0543533,22.0074,0
dls,0.001,981,1.962,0.0106474,0.0154497,0.0543867,22.0409,0
dls,0.001,982,1.964,0.0106456,0.0154519,0.05442,22.0745,0
dls,0.001,983,1.966,0.0106438,0.0154541,0.0544533,22.1083,0
dls,0.001,984,1.968,0.0106419,0.0154563,0.0544865,22.1422,0
dls,0.001,985,1.97,0.0106401,0.0154584,0.0545197,22.1763,0
dls,0.001,986,1.972,0.0106383,0.0154606,0.0545528,22.2105,0
dls,0.001,987,1.974,0.0106364,0.0154628,0.0545859,22.2448,0
dls,0.001,988,1.976,0.0106345,0.015465,0.0546189,22.2792,0
dls,0.001,989,1.978,0.0106326,0.0154671,0.0546519,22.3138,0
dls,0.001,990,1.98,0.0106307,0.0154693,0.0546848,22.3485,0
dls,0.001,991,1.982,0.0106288,0.0154715,0.0547177,22.3834,0
dls,0.001,992,1.984,0.0106269,0.0154736,0.0547505,22.4183,0
dls,0.001,993,1.986,0.0106249,0.0154758,0.0547833,22.4535,0
dls,0.001,994,1.988,0.010623,0.0154779,0.054816,22.4887,0
dls,0.001,995,1.99,0.010621,0.0154801,0.0548487,22.5241,0
dls,0.001,996,1.992,0.010619,0.0154822,0.0548814,22.5597,0
dls,0.001,997,1.994,0.010617,0.0154844,0.054914,22.5954,0
dls,0.001,998,1.996,0.010615,0.0154865,0.0549465,22.6312,0
dls,0.001,999,1.998,0.010613,0.0154887,0.054979,22.6671,0
dls,0.001,1000,2.0,0.0106109,0.0154908,0.0550115,22.7032,0
dls,0.001,1001,2.002,0.0106089,0.015493,0.0550439,22.7395,0
dls,0.001,1002,2.004,0.0106068,0.0154951,0.0550762,22.7759,0
dls,0.001,1003,2.006,0.0106047,0.0154973,0.0551086,22.8124,0
dls,0.001,1004,2.008,0.0106026,0.0154994,0.0551408,22.8491,0
dls,0.001,1005,2.01,0.0106005,0.0155015,0.055173,22.886,0
dls,0.001,1006,2.012,0.0105984,0.0155037,0.0552052,22.9229,0
dls,0.001,1007,2.014,0.0105962,0.0155058,0.0552373,22.9601,0
dls,0.001,1008,2.016,0.0105941,0.0155079,0.0552694,22.9973,0
dls,0.001,1009,2.018,0.0105919,0.01551,0.0553014,23.0348,0
dls,0.001,1010,2.02,0.0105897,0.0155122,0.0553334,23.0724,0
dls,0.001,1011,2.022,0.0105876,0.0155143,0.0553653,23.1101,0
dls,0.001,1012,2.024,0.0105854,0.0155164,0.0553972,23.148,0
dls,0.001,1013,2.026,0.0105831,0.0155185,0.0554291,23.186,0
dls,0.001,1014,2.028,0.0105809,0.0155206,0.0554608,23.2242,0
dls,0.001,1015,2.03,0.0105787,0.0155228,0.0554926,23.2625,0
dls,0.001,1016,2.032,0.0105764,0.0155249,0.0555243,23.3011,0
dls,0.001,1017,2.034,0.0105742,0.015527,0.0555559,23.3397,0
dls,0.001,1018,2.036,0.0105719,0.0155291,0.0555875,23.3785,0
dls,0.001,1019,2.038,0.0105696,0.0155312,0.0556191,23.4175,0
dls,0.001,1020,2.04,0.0105673,0.0155333,0.0556506,23.4566,0
dls,0.001,1021,2.042,0.010565,0.0155354,0.0556821,23.4959,0
dls,0.001,1022,2.044,0.0105626,0.0155375,0.0557135,23.5354,0
dls,0.001,1023,2.046,0.0105603,0.0155396,0.0557448,23.575,0
dls,0.001,1024,2.048,0.0105579,0.0155417,0.0557762,23.6148,0
dls,0.001,1025,2.05,0.0105556,0.0155438,0.0558074,23.6548,0
dls,0.001,1026,2.052,0.0105532,0.0155459,0.0558387,23.6949,0
dls,0.001,1027,2.054,0.0105508,0.0155479,0.0558698,23.7352,0
dls,0.001,1028,2.056,0.0105484,0.01555,0.055901,23.7756,0
dls,0.001,1029,2.058,0.010546,0.0155521,0.0559321,23.8162,0
dls,0.001,1030,2.06,0.0105435,0.0155542,0.0559631,23.857,0
dls,0.001,1031,2.062,0.0105411,0.0155563,0.0559941,23.898,0
dls,0.001,1032,2.064,0.0105386,0.0155583,0.0560251,23.9391,0
dls,0.001,1033,2.066,0.0105362,0.0155604,0.056056,23.9804,0
dls,0.001,1034,2.068,0.0105337,0.0155625,0.0560868,24.0219,0
dls,0.001,1035,2.07,0.0105312,0.0155645,0.0561176,24.0635,0
dls,0.001,1036,2.072,0.0105287,0.0155666,0.0561484,24.1054,0
dls,0.001,1037,2.074,0.0105262,0.0155687,0.0561791,24.1474,0
dls,0.001,1038,2.076,0.0105237,0.0155707,0.0562098,24.1895,0
dls,0.001,1039,2.078,0.0105211,0.0155728,0.0562404,24.2319,0
dls,0.001,1040,2.08,0.0105186,0.0155748,0.056271,24.2744,0
dls,0.001,1041,2.082,0.010516,0.0155769,0.0563015,24.3171,0
dls,0.001,1042,2.084,0.0105134,0.0155789,0.056332,24.36,0
dls,0.001,1043,2.086,0.0105109,0.015581,0.0563625,24.4031,0
dls,0.001,1044,2.088,0.0105083,0.015583,0.0563929,24.4464,0
dls,0.001,1045,2.09,0.0105057,0.0155851,0.0564232,24.4898,0
dls,0.001,1046,2.092,0.010503,0.0155871,0.0564535,24.5335,0
dls,0.001,1047,2.094,0.0105004,0.0155892,0.0564838,24.5773,0
dls,0.001,1048,2.096,0.0104978,0.0155912,0.056514,24.6213,0
dls,0.001,1049,2.098,0.0104951,0.0155932,0.0565442,24.6655,0
dls,0.001,1050,2.1,0.0104924,0.0155953,0.0565743,24.7099,0
dls,0.001,1051,2.102,0.0104898,0.0155973,0.0566044,24.7545,0
dls,0.001,1052,2.104,0.0104871,0.0155993,0.0566344,24.7993,0
dls,0.001,1053,2.106,0.0104844,0.0156013,0.0566644,24.8442,0
dls,0.001,1054,2.108,0.0104817,0.0156033,0.0566944,24.8894,0
dls,0.001,1055,2.11,0.0104789,0.0156054,0.0567243,24.9348,0
dls,0.001,1056,2.112,0.0104762,0.0156074,0.0567541,24.9803,0
dls,0.001,1057,2.114,0.0104735,0.0156094,0.0567839,25.0261,0
dls,0.001,1058,2.116,0.0104707,0.0156114,0.0568137,25.0721,0
dls,0.001,1059,2.118,0.0104679,0.0156134,0.0568434,25.1182,0
dls,0.001,1060,2.12,0.0104652,0.0156154,0.0568731,25.1646,0
dls,0.001,1061,2.122,0.0104624,0.0156174,0.0569027,25.2112,0
dls,0.001,1062,2.124,0.0104596,0.0156194,0.0569323,25.2579,0
dls,0.001,1063,2.126,0.0104568,0.0156214,0.0569619,25.3049,0
dls,0.001,1064,2.128,0.0104539,0.0156234,0.0569914,25.3521,0
dls,0.001,1065,2.13,0.0104511,0.0156254,0.0570208,25.3995,0
dls,0.001,1066,2.132,0.0104483,0.0156274,0.0570503,25.4471,0
dls,0.001,1067,2.134,0.0104454,0.0156293,0.0570796,25.4949,0
dls,0.001,1068,2.136,0.0104426,0.0156313,0.057109,25.543,0
dls,0.001,1069,2.138,0.0104397,0.0156333,0.0571382,25.5912,0
dls,0.001,1070,2.14,0.0104368,0.0156353,0.0571675,25.6397,0
dls,0.001,1071,2.142,0.0104339,0.0156373,0.0571967,25.6884,0
dls,0.001,1072,2.144,0.010431,0.0156392,0.0572258,25.7373,0
dls,0.001,1073,2.146,0.0104281,0.0156412,0.0572549,25.7864,0
dls,0.001,1074,2.148,0.0104252,0.0156432,0.057284,25.8357,0
dls,0.001,1075,2.15,0.0104222,0.0156451,0.057313,25.8853,0
dls,0.001,1076,2.152,0.0104193,0.0156471,0.057342,25.9351,0
dls,0.001,1077,2.154,0.0104163,0.015649,0.057371,25.9851,0
dls,0.001,1078,2.156,0.0104134,0.015651,0.0573999,26.0354,0
dls,0.001,1079,2.158,0.0104104,0.0156529,0.0574287,26.0858,0
dls,0.001,1080,2.16,0.0104074,0.0156549,0.0574575,26.1365,0
dls,0.001,1081,2.162,0.0104044,0.0156568,0.0574863,26.1875,0
dls,0.001,1082,2.164,0.0104014,0.0156588,0.057515,26.2386,0
dls,0.001,1083,2.166,0.0103984,0.0156607,0.0575437,26.29,0
dls,0.001,1084,2.168,0.0103954,0.0156626,0.0575724,26.3417,0
dls,0.001,1085,2.17,0.0103923,0.0156646,0.057601,26.3936,0
dls,0.001,1086,2.172,0.0103893,0.0156665,0.0576295,26.4457,0
dls,0.001,1087,2.174,0.0103862,0.0156684,0.057658,26.498,0
dls,0.001,1088,2.176,0.0103832,0.0156703,0.0576865,26.5506,0
dls,0.001,1089,2.178,0.0103801,0.0156723,0.0577149,26.6035,0
dls,0.001,1090,2.18,0.010377,0.0156742,0.0577433,26.6566,0
dls,0.001,1091,2.182,0.0103739,0.0156761,0.0577717,26.7099,0
dls,0.001,1092,2.184,0.0103708,0.015678,0.0578,26.7635,0
dls,0.001,1093,2.186,0.0103677,0.0156799,0.0578283,26.8174,0
dls,0.001,1094,2.188,0.0103646,0.0156818,0.0578565,26.8714,0
dls,0.001,1095,2.19,0.0103615,0.0156837,0.0578847,26.9258,0
dls,0.001,1096,2.192,0.0103583,0.0156856,0.0579128,26.9804,0
dls,0.001,1097,2.194,0.0103552,0.0156875,0.057941,27.0353,0
dls,0.001,1098,2.196,0.010352,0.0156894,0.057969,27.0904,0
dls,0.001,1099,2.198,0.0103489,0.0156913,0.0579971,27.1458,0
dls,0.001,1100,2.2,0.0103457,0.0156932,0.058025,27.2014,0
dls,0.001,1101,2.202,0.0103425,0.0156951,0.058053,27.2573,0
dls,0.001,1102,2.204,0.0103393,0.0156969,0.0580809,27.3135,0
dls,0.001,1103,2.206,0.0103361,0.0156988,0.0581088,27.37,0
dls,0.001,1104,2.208,0.0103329,0.0157007,0.0581366,27.4267,0
dls,0.001,1105,2.21,0.0103297,0.0157026,0.0581644,27.4837,0
dls,0.001,1106,2.212,0.0103265,0.0157044,0.0581921,27.5409,0
dls,0.001,1107,2.214,0.0103232,0.0157063,0.0582199,27.5985,0
dls,0.001,1108,2.216,0.01032,0.0157082,0.0582475,27.6563,0
dls,0.001,1109,2.218,0.0103167,0.01571,0.0582752,27.7144,0
dls,0.001,1110,2.22,0.0103135,0.0157119,0.0583028,27.7728,0
dls,0.001,1111,2.222,0.0103102,0.0157137,0.0583303,27.8314,0
dls,0.001,1112,2.224,0.0103069,0.0157156,0.0583578,27.8904,0
dls,0.001,1113,2.226,0.0103037,0.0157174,0.0583853,27.9496,0
dls,0.001,1114,2.228,0.0103004,0.0157193,0.0584128,28.0092,0
dls,0.001,1115,2.23,0.0102971,0.0157211,0.0584402,28.069,0
dls,0.001,1116,2.232,0.0102938,0.0157229,0.0584676,28.1291,0
dls,0.001,1117,2.234,0.0102904,0.0157248,0.0584949,28.1895,0
dls,0.001,1118,2.236,0.0102871,0.0157266,0.0585222,28.2502,0
dls,0.001,1119,2.238,0.0102838,0.0157284,0.0585495,28.3112,0
dls,0.001,1120,2.24,0.0102804,0.0157302,0.0585767,28.3726,0
dls,0.001,1121,2.242,0.0102771,0.0157321,0.0586039,28.4342,0
dls,0.001,1122,2.244,0.0102737,0.0157339,0.058631,28.4961,0
dls,0.001,1123,2.246,0.0102704,0.0157357,0.0586581,28.5583,0
dls,0.001,1124,2.248,0.010267,0.0157375,0.0586852,28.6209,0
dls,0.001,1125,2.25,0.0102636,0.0157393,0.0587123,28.6838,0
dls,0.001,1126,2.252,0.0102602,0.0157411,0.0587393,28.7469,0
dls,0.001,1127,2.254,0.0102569,0.0157429,0.0587662,28.8104,0
dls,0.001,1128,2.256,0.0102535,0.0157447,0.0587932,28.8743,0
dls,0.001,1129,2.258,0.01025,0.0157465,0.0588201,28.9384,0
dls,0.001,1130,2.26,0.0102466,0.0157483,0.0588469,29.0029,0
dls,0.001,1131,2.262,0.0102432,0.01575,0.0588738,29.0677,0
dls,0.001,1132,2.264,0.0102398,0.0157518,0.0589006,29.1328,0
dls,0.001,1133,2.266,0.0102363,0.0157536,0.0589273,29.1982,0
dls,0.001,1134,2.268,0.0102329,0.0157554,0.0589541,29.264,0
dls,0.001,1135,2.27,0.0102295,0.0157572,0.0589808,29.3302,0
dls,0.001,1136,2.272,0.010226,0.0157589,0.0590074,29.3966,0
dls,0.001,1137,2.274,0.0102225,0.0157607,0.0590341,29.4635,0
dls,0.001,1138,2.276,0.0102191,0.0157624,0.0590607,29.5306,0
dls,0.001,1139,2.278,0.0102156,0.0157642,0.0590872,29.5981,0
dls,0.001,1140,2.28,0.0102121,0.015766,0.0591138,29.666,0
dls,0.001,1141,2.282,0.0102086,0.0157677,0.0591403,29.7342,0
dls,0.001,1142,2.284,0.0102051,0.0157694,0.0591667,29.8028,0
dls,0.001,1143,2.286,0.0102016,0.0157712,0.0591932,29.8717,0
dls,0.001,1144,2.288,0.0101981,0.0157729,0.0592196,29.941,0
dls,0.001,1145,2.29,0.0101946,0.0157747,0.059246,30.0106,0
dls,0.001,1146,2.292,0.0101911,0.0157764,0.0592723,30.0807,0
dls,0.001,1147,2.294,0.0101875,0.0157781,0.0592986,30.1511,0
dls,0.001,1148,2.296,0.010184,0.0157798,0.0593249,30.2218,0
dls,0.001,1149,2.298,0.0101805,0.0157816,0.0593512,30.293,0
dls,0.001,1150,2.3,0.0101769,0.0157833,0.0593774,30.3645,0
dls,0.001,1151,2.302,0.0101734,0.015785,0.0594036,30.4364,0
dls,0.001,1152,2.304,0.0101698,0.0157867,0.0594298,30.5087,0
dls,0.001,1153,2.306,0.0101662,0.0157884,0.0594559,30.5814,0
dls,0.001,1154,2.308,0.0101627,0.0157901,0.059482,30.6544,0
dls,0.001,1155,2.31,0.0101591,0.0157918,0.0595081,30.7279,0
dls,0.001,1156,2.312,0.0101555,0.0157935,0.0595341,30.8017,0
dls,0.001,1157,2.314,0.0101519,0.0157952,0.0595602,30.876,0
dls,0.001,1158,2.316,0.0101483,0.0157969,0.0595862,30.9507,0
dls,0.001,1159,2.318,0.0101447,0.0157986,0.0596121,31.0257,0
dls,0.001,1160,2.32,0.0101411,0.0158002,0.0596381,31.1012,0
dls,0.001,1161,2.322,0.0101375,0.0158019,0.059664,31.1771,0
dls,0.001,1162,2.324,0.0101339,0.0158036,0.0596899,31.2534,0
dls,0.001,1163,2.326,0.0101303,0.0158053,0.0597158,31.3301,0
dls,0.001,1164,2.328,0.0101267,0.0158069,0.0597416,31.4073,0
dls,0.001,1165,2.33,0.010123,0.0158086,0.0597674,31.4848,0
dls,0.001,1166,2.332,0.0101194,0.0158102,0.0597932,31.5629,0
dls,0.001,1167,2.334,0.0101158,0.0158119,0.059819,31.6413,0
dls,0.001,1168,2.336,0.0101121,0.0158135,0.0598447,31.7202,0
dls,0.001,1169,2.338,0.0101085,0.0158152,0.0598704,31.7995,0
dls,0.001,1170,2.34,0.0101048,0.0158168,0.0598961,31.8792,0
dls,0.001,1171,2.342,0.0101011,0.0158185,0.0599218,31.9595,0
dls,0.001,1172,2.344,0.0100975,0.0158201,0.0599475,32.0401,0
dls,0.001,1173,2.346,0.0100938,0.0158217,0.0599731,32.1212,0
dls,0.001,1174,2.348,0.0100901,0.0158234,0.0599987,32.2028,0
dls,0.001,1175,2.35,0.0100865,0.015825,0.0600243,32.2849,0
dls,0.001,1176,2.352,0.0100828,0.0158266,0.0600499,32.3674,0
dls,0.001,1177,2.354,0.0100791,0.0158282,0.0600754,32.4503,0
dls,0.001,1178,2.356,0.0100754,0.0158298,0.0601009,32.5338,0
dls,0.001,1179,2.358,0.0100717,0.0158314,0.0601264,32.6177,0
dls,0.001,1180,2.36,0.010068,0.015833,0.0601519,32.7021,0
dls,0.001,1181,2.362,0.0100643,0.0158346,0.0601774,32.787,0
dls,0.001,1182,2.364,0.0100606,0.0158362,0.0602029,32.8724,0
dls,0.001,1183,2.366,0.0100569,0.0158378,0.0602283,32.9583,0
dls,0.001,1184,2.368,0.0100532,0.0158394,0.0602537,33.0447,0
dls,0.001,1185,2.37,0.0100494,0.015841,0.0602791,33.1316,0
dls,0.001,1186,2.372,0.0100457,0.0158426,0.0603045,33.219,0
dls,0.001,1187,2.374,0.010042,0.0158441,0.0603298,33.3069,0
dls,0.001,1188,2.376,0.0100382,0.0158457,0.0603552,33.3954,0
dls,0.001,1189,2.378,0.0100345,0.0158473,0.0603805,33.4843,0
dls,0.001,1190,2.38,0.0100308,0.0158488,0.0604059,33.5738,0
dls,0.001,1191,2.382,0.010027,0.0158504,0.0604312,33.6638,0
dls,0.001,1192,2.384,0.0100233,0.0158519,0.0604565,33.7544,0
dls,0.001,1193,2.386,0.0100195,0.0158535,0.0604817,33.8454,0
dls,0.001,1194,2.388,0.0100158,0.015855,0.060507,33.9371,0
dls,0.001,1195,2.39,0.010012,0.0158566,0.0605323,34.0293,0
dls,0.001,1196,2.392,0.0100083,0.0158581,0.0605575,34.122,0
dls,0.001,1197,2.394,0.0100045,0.0158597,0.0605827,34.2153,0
dls,0.001,1198,2.396,0.0100007,0.0158612,0.060608,34.3092,0
dls,0.001,1199,2.398,0.00999695,0.0158627,0.0606332,34.4036,0
dls,0.001,1200,2.4,0.00999318,0.0158642,0.0606584,34.4986,0
dls,0.001,1201,2.402,0.0099894,0.0158657,0.0606836,34.5942,0
dls,0.001,1202,2.404,0.00998562,0.0158673,0.0607088,34.6904,0
dls,0.001,1203,2.406,0.00998184,0.0158688,0.0607339,34.7871,0
dls,0.001,1204,2.408,0.00997805,0.0158703,0.0607591,34.8845,0
dls,0.001,1205,2.41,0.00997427,0.0158718,0.0607843,34.9825,0
dls,0.001,1206,2.412,0.00997048,0.0158733,0.0608094,35.081,0
dls,0.001,1207,2.414,0.00996668,0.0158748,0.0608346,35.1802,0
dls,0.001,1208,2.416,0.00996289,0.0158762,0.0608598,35.28,0
dls,0.001,1209,2.418,0.00995909,0.0158777,0.0608849,35.3804,0
dls,0.001,1210,2.42,0.00995529,0.0158792,0.0609101,35.4815,0
dls,0.001,1211,2.422,0.00995149,0.0158807,0.0609352,35.5832,0
dls,0.001,1212,2.424,0.00994768,0.0158822,0.0609604,35.6855,0
dls,0.001,1213,2.426,0.00994387,0.0158836,0.0609855,35.7885,0
dls,0.001,1214,2.428,0.00994006,0.0158851,0.0610106,35.8922,0
dls,0.001,1215,2.43,0.00993625,0.0158865,0.0610358,35.9965,0
dls,0.001,1216,2.432,0.00993244,0.015888,0.0610609,36.1014,0
dls,0.001,1217,2.434,0.00992862,0.0158894,0.0610861,36.2071,0
dls,0.001,1218,2.436,0.00992481,0.0158909,0.0611112,36.3134,0
dls,0.001,1219,2.438,0.00992099,0.0158923,0.0611364,36.4204,0
dls,0.001,1220,2.44,0.00991717,0.0158938,0.0611615,36.5281,0
dls,0.001,1221,2.442,0.00991334,0.0158952,0.0611867,36.6365,0
dls,0.001,1222,2.444,0.00990952,0.0158966,0.0612119,36.7456,0
dls,0.001,1223,2.446,0.00990569,0.015898,0.0612371,36.8554,0
dls,0.001,1224,2.448,0.00990187,0.0158994,0.0612622,36.966,0
dls,0.001,1225,2.45,0.00989804,0.0159009,0.0612874,37.0772,0
dls,0.001,1226,2.452,0.00989421,0.0159023,0.0613126,37.1892,0
dls,0.001,1227,2.454,0.00989038,0.0159037,0.0613379,37.302,0
dls,0.001,1228,2.456,0.00988654,0.0159051,0.0613631,37.4155,0
dls,0.001,1229,2.458,0.00988271,0.0159065,0.0613883,37.5297,0
dls,0.001,1230,2.46,0.00987887,0.0159079,0.0614136,37.6447,0
dls,0.001,1231,2.462,0.00987504,0.0159092,0.0614388,37.7605,0
dls,0.001,1232,2.464,0.0098712,0.0159106,0.0614641,37.8771,0
dls,0.001,1233,2.466,0.00986736,0.015912,0.0614894,37.9944,0
dls,0.001,1234,2.468,0.00986352,0.0159134,0.0615147,38.1126,0
dls,0.001,1235,2.47,0.00985968,0.0159147,0.0615401,38.2315,0
dls,0.001,1236,2.472,0.00985584,0.0159161,0.0615654,38.3513,0
dls,0.001,1237,2.474,0.009852,0.0159175,0.0615908,38.4719,0
dls,0.001,1238,2.476,0.00984816,0.0159188,0.0616162,38.5933,0
dls,0.001,1239,2.478,0.00984431,0.0159202,0.0616416,38.7155,0
dls,0.001,1240,2.48,0.00984047,0.0159215,0.061667,38.8386,0
dls,0.001,1241,2.482,0.00983663,0.0159228,0.0616925,38.9626,0
dls,0.001,1242,2.484,0.00983278,0.0159242,0.061718,39.0874,0
dls,0.001,1243,2.486,0.00982894,0.0159255,0.0617435,39.2131,0
dls,0.001,1244,2.488,0.00982509,0.0159268,0.061769,39.3397,0
dls,0.001,1245,2.49,0.00982125,0.0159281,0.0617946,39.4671,0
dls,0.001,1246,2.492,0.0098174,0.0159295,0.0618202,39.5955,0
dls,0.001,1247,2.494,0.00981356,0.0159308,0.0618459,39.7248,0
dls,0.001,1248,2.496,0.00980971,0.0159321,0.0618715,39.8549,0
dls,0.001,1249,2.498,0.00980587,0.0159334,0.0618972,39.9861,0
dls,0.001,1250,2.5,0.00980202,0.0159347,0.061923,40.1181,0
dls,0.001,1251,2.502,0.00979817,0.015936,0.0619488,40.2511,0
dls,0.001,1252,2.504,0.00979433,0.0159373,0.0619746,40.3851,0
dls,0.001,1253,2.506,0.00979049,0.0159385,0.0620004,40.5201,0
dls,0.001,1254,2.508,0.00978664,0.0159398,0.0620263,40.656,0
dls,0.001,1255,2.51,0.0097828,0.0159411,0.0620523,40.7929,0
dls,0.001,1256,2.512,0.00977895,0.0159424,0.0620782,40.9308,0
dls,0.001,1257,2.514,0.00977511,0.0159436,0.0621043,41.0698,0
dls,0.001,1258,2.516,0.00977127,0.0159449,0.0621303,41.2097,0
dls,0.001,1259,2.518,0.00976743,0.0159461,0.0621565,41.3507,0
dls,0.001,1260,2.52,0.00976359,0.0159474,0.0621826,41.4928,0
dls,0.001,1261,2.522,0.00975975,0.0159486,0.0622089,41.6359,0
dls,0.001,1262,2.524,0.00975591,0.0159499,0.0622351,41.78,0
dls,0.001,1263,2.526,0.00975207,0.0159511,0.0622615,41.9253,0
dls,0.001,1264,2.528,0.00974823,0.0159523,0.0622879,42.0717,0
dls,0.001,1265,2.53,0.0097444,0.0159535,0.0623143,42.2191,0
dls,0.001,1266,2.532,0.00974056,0.0159548,0.0623408,42.3677,0
dls,0.001,1267,2.534,0.00973673,0.015956,0.0623674,42.5175,0
dls,0.001,1268,2.536,0.0097329,0.0159572,0.062394,42.6683,0
dls,0.001,1269,2.538,0.00972906,0.0159584,0.0624207,42.8204,0
dls,0.001,1270,2.54,0.00972523,0.0159596,0.0624475,42.9736,0
dls,0.001,1271,2.542,0.00972141,0.0159608,0.0624743,43.128,0
dls,0.001,1272,2.544,0.00971758,0.015962,0.0625013,43.2836,0
dls,0.001,1273,2.546,0.00971375,0.0159631,0.0625282,43.4404,0
dls,0.001,1274,2.548,0.00970993,0.0159643,0.0625553,43.5985,0
dls,0.001,1275,2.55,0.00970611,0.0159655,0.0625824,43.7578,0
dls,0.001,1276,2.552,0.00970229,0.0159667,0.0626097,43.9183,0
dls,0.001,1277,2.554,0.00969847,0.0159678,0.062637,44.0802,0
dls,0.001,1278,2.556,0.00969465,0.015969,0.0626643,44.2433,0
dls,0.001,1279,2.558,0.00969083,0.0159701,0.0626918,44.4078,0
dls,0.001,1280,2.56,0.00968702,0.0159713,0.0627194,44.5735,0
dls,0.001,1281,2.562,0.00968321,0.0159724,0.062747,44.7406,0
dls,0.001,1282,2.564,0.0096794,0.0159736,0.0627748,44.9091,0
dls,0.001,1283,2.566,0.00967559,0.0159747,0.0628026,45.0789,0
dls,0.001,1284,2.568,0.00967179,0.0159758,0.0628305,45.2502,0
dls,0.001,1285,2.57,0.00966799,0.0159769,0.0628586,45.4228,0
dls,0.001,1286,2.572,0.00966419,0.015978,0.0628867,45.5969,0
dls,0.001,1287,2.574,0.00966039,0.0159792,0.062915,45.7724,0
dls,0.001,1288,2.576,0.00965659,0.0159803,0.0629433,45.9493,0
dls,0.001,1289,2.578,0.0096528,0.0159814,0.0629718,46.1278,0
dls,0.001,1290,2.58,0.00964901,0.0159824,0.0630004,46.3077,0
dls,0.001,1291,2.582,0.00964522,0.0159835,0.0630291,46.4892,0
dls,0.001,1292,2.584,0.00964144,0.0159846,0.0630579,46.6722,0
dls,0.001,1293,2.586,0.00963765,0.0159857,0.0630869,46.8567,0
dls,0.001,1294,2.588,0.00963387,0.0159868,0.063116,47.0429,0
dls,0.001,1295,2.59,0.0096301,0.0159878,0.0631452,47.2306,0
dls,0.001,1296,2.592,0.00962632,0.0159889,0.0631745,47.42,0
dls,0.001,1297,2.594,0.00962255,0.0159899,0.063204,47.611,0
dls,0.001,1298,2.596,0.00961879,0.015991,0.0632336,47.8036,0
dls,0.001,1299,2.598,0.00961502,0.015992,0.0632633,47.998,0
dls,0.001,1300,2.6,0.00961126,0.0159931,0.0632933,48.194,0
dls,0.001,1301,2.602,0.0096075,0.0159941,0.0633233,48.3918,0
dls,0.001,1302,2.604,0.00960375,0.0159951,0.0633535,48.5914,0
dls,0.001,1303,2.606,0.00959999,0.0159961,0.0633839,48.7927,0
dls,0.001,1304,2.608,0.00959624,0.0159972,0.0634144,48.9958,0
dls,0.001,1305,2.61,0.0095925,0.0159982,0.0634451,49.2008,0
dls,0.001,1306,2.612,0.00958876,0.0159992,0.063476,49.4076,0
dls,0.001,1307,2.614,0.00958502,0.0160002,0.063507,49.6162,0
dls,0.001,1308,2.616,0.00958128,0.0160011,0.0635382,49.8268,0
dls,0.001,1309,2.618,0.00957755,0.0160021,0.0635696,50.0393,0
dls,0.001,1310,2.62,0.00957383,0.0160031,0.0636012,50.2538,0
dls,0.001,1311,2.622,0.0095701,0.0160041,0.063633,50.4703,0
dls,0.001,1312,2.624,0.00956638,0.0160051,0.063665,50.6888,0
dls,0.001,1313,2.626,0.00956267,0.016006,0.0636971,50.9093,0
dls,0.001,1314,2.628,0.00955895,0.016007,0.0637295,51.1319,0
dls,0.001,1315,2.63,0.00955525,0.0160079,0.0637621,51.3566,0
dls,0.001,1316,2.632,0.00955154,0.0160089,0.0637949,51.5834,0
dls,0.001,1317,2.634,0.00954784,0.0160098,0.0638279,51.8124,0
dls,0.001,1318,2.636,0.00954415,0.0160107,0.0638612,52.0436,0
dls,0.001,1319,2.638,0.00954045,0.0160116,0.0638946,52.277,0
dls,0.001,1320,2.64,0.00953677,0.0160126,0.0639283,52.5127,0
dls,0.001,1321,2.642,0.00953308,0.0160135,0.0639623,52.7507,0
dls,0.001,1322,2.644,0.0095294,0.0160144,0.0639965,52.991,0
dls,0.001,1323,2.646,0.00952573,0.0160153,0.064031,53.2337,0
dls,0.001,1324,2.648,0.00952206,0.0160162,0.0640657,53.4788,0
dls,0.001,1325,2.65,0.00951839,0.0160171,0.0641007,53.7263,0
dls,0.001,1326,2.652,0.00951473,0.0160179,0.0641359,53.9763,0
dls,0.001,1327,2.654,0.00951108,0.0160188,0.0641714,54.2288,0
dls,0.001,1328,2.656,0.00950742,0.0160197,0.0642073,54.4839,0
dls,0.001,1329,2.658,0.00950378,0.0160205,0.0642434,54.7415,0
dls,0.001,1330,2.66,0.00950013,0.0160214,0.0642798,55.0018,0
dls,0.001,1331,2.662,0.00949649,0.0160222,0.0643165,55.2648,0
dls,0.001,1332,2.664,0.00949286,0.0160231,0.0643535,55.5305,0
dls,0.001,1333,2.666,0.00948923,0.0160239,0.0643909,55.799,0
dls,0.001,1334,2.668,0.00948561,0.0160247,0.0644286,56.0702,0
dls,0.001,1335,2.67,0.00948199,0.0160256,0.0644666,56.3444,0
dls,0.001,1336,2.672,0.00947838,0.0160264,0.064505,56.6214,0
dls,0.001,1337,2.674,0.00947477,0.0160272,0.0645437,56.9013,0
dls,0.001,1338,2.676,0.00947116,0.016028,0.0645828,57.1843,0
dls,0.001,1339,2.678,0.00946756,0.0160288,0.0646223,57.4703,0
dls,0.001,1340,2.68,0.00946397,0.0160296,0.0646621,57.7594,0
dls,0.001,1341,2.682,0.00946038,0.0160303,0.0647023,58.0517,0
dls,0.001,1342,2.684,0.0094568,0.0160311,0.064743,58.3472,0
dls,0.001,1343,2.686,0.00945322,0.0160319,0.064784,58.6459,0
dls,0.001,1344,2.688,0.00944965,0.0160326,0.0648255,58.9479,0
dls,0.001,1345,2.69,0.00944608,0.0160334,0.0648674,59.2533,0
dls,0.001,1346,2.692,0.00944252,0.0160341,0.0649097,59.5622,0
dls,0.001,1347,2.694,0.00943896,0.0160349,0.0649525,59.8745,0
dls,0.001,1348,2.696,0.00943541,0.0160356,0.0649958,60.1904,0
dls,0.001,1349,2.698,0.00943186,0.0160363,0.0650395,60.5099,0
dls,0.001,1350,2.7,0.00942832,0.016037,0.0650837,60.8331,0
dls,0.001,1351,2.702,0.00942479,0.0160377,0.0651284,61.16,0
dls,0.001,1352,2.704,0.00942126,0.0160384,0.0651737,61.4908,0
dls,0.001,1353,2.706,0.00941773,0.0160391,0.0652195,61.8254,0
dls,0.001,1354,2.708,0.00941421,0.0160398,0.0652658,62.164,0
dls,0.001,1355,2.71,0.0094107,0.0160405,0.0653126,62.5066,0
dls,0.001,1356,2.712,0.00940719,0.0160411,0.0653601,62.8533,0
dls,0.001,1357,2.714,0.00940369,0.0160418,0.0654081,63.2042,0
dls,0.001,1358,2.716,0.0094002,0.0160424,0.0654567,63.5594,0
dls,0.001,1359,2.718,0.00939671,0.0160431,0.0655059,63.9189,0
dls,0.001,1360,2.72,0.00939322,0.0160437,0.0655558,64.2828,0
dls,0.001,1361,2.722,0.00938974,0.0160443,0.0656063,64.6512,0
dls,0.001,1362,2.724,0.00938627,0.0160449,0.0656575,65.0243,0
dls,0.001,1363,2.726,0.0093828,0.0160455,0.0657093,65.402,0
dls,0.001,1364,2.728,0.00937934,0.0160461,0.0657619,65.7845,0
dls,0.001,1365,2.73,0.00937588,0.0160467,0.0658151,66.1719,0
dls,0.001,1366,2.732,0.00937243,0.0160473,0.0658692,66.5643,0
dls,0.001,1367,2.734,0.00936899,0.0160479,0.0659239,66.9617,0
dls,0.001,1368,2.736,0.00936555,0.0160484,0.0659795,67.3643,0
dls,0.001,1369,2.738,0.00936212,0.016049,0.0660359,67.7722,0
dls,0.001,1370,2.74,0.00935869,0.0160495,0.0660931,68.1856,0
dls,0.001,1371,2.742,0.00935527,0.0160501,0.0661511,68.6044,0
dls,0.001,1372,2.744,0.00935185,0.0160506,0.06621,69.0288,0
dls,0.001,1373,2.746,0.00934844,0.0160511,0.0662698,69.459,0
dls,0.001,1374,2.748,0.00934504,0.0160516,0.0663305,69.8951,0
dls,0.001,1375,2.75,0.00934164,0.0160521,0.0663922,70.3371,0
dls,0.001,1376,2.752,0.00933825,0.0160526,0.0664548,70.7853,0
dls,0.001,1377,2.754,0.00933486,0.0160531,0.0665185,71.2398,0
dls,0.001,1378,2.756,0.00933148,0.0160535,0.0665832,71.7006,0
dls,0.001,1379,2.758,0.00932811,0.016054,0.0666489,72.168,0
dls,0.001,1380,2.76,0.00932474,0.0160544,0.0667158,72.6421,0
dls,0.001,1381,2.762,0.00932137,0.0160548,0.0667837,73.123,0
dls,0.001,1382,2.764,0.00931802,0.0160553,0.0668528,73.6109,0
dls,0.001,1383,2.766,0.00931466,0.0160557,0.0669232,74.106,0
dls,0.001,1384,2.768,0.00931132,0.0160561,0.0669947,74.6084,0
dls,0.001,1385,2.77,0.00930797,0.0160565,0.0670675,75.1184,0
dls,0.001,1386,2.772,0.00930464,0.0160568,0.0671416,75.636,0
dls,0.001,1387,2.774,0.00930131,0.0160572,0.0672171,76.1615,0
dls,0.001,1388,2.776,0.00929798,0.0160575,0.067294,76.695,0
dls,0.001,1389,2.778,0.00929466,0.0160579,0.0673723,77.2368,0
dls,0.001,1390,2.78,0.00929135,0.0160582,0.067452,77.7871,0
dls,0.001,1391,2.782,0.00928804,0.0160585,0.0675333,78.346,0
dls,0.001,1392,2.784,0.00928473,0.0160588,0.0676162,78.9138,0
dls,0.001,1393,2.786,0.00928143,0.0160591,0.0677007,79.4908,0
dls,0.001,1394,2.788,0.00927814,0.0160594,0.0677868,80.0771,0
dls,0.001,1395,2.79,0.00927485,0.0160596,0.0678747,80.673,0
dls,0.001,1396,2.792,0.00927156,0.0160599,0.0679644,81.2788,0
dls,0.001,1397,2.794,0.00926828,0.0160601,0.0680559,81.8946,0
dls,0.001,1398,2.796,0.009265,0.0160603,0.0681494,82.5209,0
dls,0.001,1399,2.798,0.00926173,0.0160605,0.0682448,83.1578,0
dls,0.001,1400,2.8,0.00925846,0.0160607,0.0683422,83.8057,0
dls,0.001,1401,2.802,0.0092552,0.0160608,0.0684418,84.4649,0
dls,0.001,1402,2.804,0.00925194,0.016061,0.0685435,85.1356,0
dls,0.001,1403,2.806,0.00924868,0.0160611,0.0686475,85.8183,0
dls,0.001,1404,2.808,0.00924543,0.0160612,0.0687539,86.5132,0
dls,0.001,1405,2.81,0.00924218,0.0160613,0.0688627,87.2207,0
dls,0.001,1406,2.812,0.00923894,0.0160614,0.068974,87.9412,0
dls,0.001,1407,2.814,0.0092357,0.0160615,0.0690879,88.675,0
dls,0.001,1408,2.816,0.00923246,0.0160615,0.0692045,89.4227,0
dls,0.001,1409,2.818,0.00922922,0.0160615,0.0693239,90.1845,0
dls,0.001,1410,2.82,0.00922599,0.0160615,0.0694462,90.9609,0
dls,0.001,1411,2.822,0.00922275,0.0160615,0.0695715,91.7525,0
dls,0.001,1412,2.824,0.00921952,0.0160615,0.0697,92.5596,0
dls,0.001,1413,2.826,0.00921629,0.0160614,0.0698317,93.3827,0
dls,0.001,1414,2.828,0.00921307,0.0160613,0.0699668,94.2225,0
dls,0.001,1415,2.83,0.00920984,0.0160612,0.0701054,95.0793,0
dls,0.001,1416,2.832,0.00920661,0.0160611,0.0702477,95.9539,0
dls,0.001,1417,2.834,0.00920339,0.0160609,0.0703938,96.8468,0
dls,0.001,1418,2.836,0.00920016,0.0160607,0.0705438,97.7586,0
dls,0.001,1419,2.838,0.00919694,0.0160605,0.070698,98.6899,0
dls,0.001,1420,2.84,0.00919371,0.0160603,0.0708564,99.6416,0
dls,0.001,1421,2.842,0.00919048,0.01606,0.0710194,100.614,0
dls,0.001,1422,2.844,0.00918725,0.0160597,0.071187,101.609,0
dls,0.001,1423,2.846,0.00918402,0.0160594,0.0713595,102.626,0
dls,0.001,1424,2.848,0.00918078,0.0160591,0.071537,103.666,0
dls,0.001,1425,2.85,0.00917755,0.0160587,0.07172,104.731,0
dls,0.001,1426,2.852,0.0091743,0.0160582,0.0719084,105.82,0
dls,0.001,1427,2.854,0.00917106,0.0160578,0.0721027,106.937,0
dls,0.001,1428,2.856,0.0091678,0.0160573,0.0723031,108.08,0
dls,0.001,1429,2.858,0.00916454,0.0160568,0.0725098,109.252,0
dls,0.001,1430,2.86,0.00916128,0.0160562,0.0727232,110.453,0
dls,0.001,1431,2.862,0.009158,0.0160556,0.0729436,111.685,0
dls,0.001,1432,2.864,0.00915472,0.0160549,0.0731714,112.949,0
dls,0.001,1433,2.866,0.00915143,0.0160542,0.0734069,114.247,0
dls,0.001,1434,2.868,0.00914813,0.0160535,0.0736505,115.579,0
dls,0.001,1435,2.87,0.00914481,0.0160527,0.0739026,116.948,0
dls,0.001,1436,2.872,0.00914148,0.0160519,0.0741637,118.355,0
dls,0.001,1437,2.874,0.00913814,0.016051,0.0744343,119.803,0
dls,0.001,1438,2.876,0.00913478,0.01605,0.0747148,121.292,0
dls,0.001,1439,2.878,0.00913141,0.016049,0.0750059,122.824,0
dls,0.001,1440,2.88,0.00912801,0.0160479,0.075308,124.403,0
dls,0.001,1441,2.882,0.0091246,0.0160468,0.075622,126.031,0
dls,0.001,1442,2.884,0.00912116,0.0160456,0.0759483,127.709,0
dls,0.001,1443,2.886,0.0091177,0.0160443,0.0762878,129.441,0
dls,0.001,1444,2.888,0.00911422,0.016043,0.0766413,131.229,0
dls,0.001,1445,2.89,0.0091107,0.0160415,0.0770095,133.077,0
dls,0.001,1446,2.892,0.00910716,0.01604,0.0773936,134.987,0
dls,0.001,1447,2.894,0.00910358,0.0160384,0.0777944,136.964,0
dls,0.001,1448,2.896,0.00909996,0.0160367,0.0782131,139.012,0
dls,0.001,1449,2.898,0.0090963,0.0160349,0.0786509,141.134,0
dls,0.001,1450,2.9,0.0090926,0.016033,0.079109,143.336,0
dls,0.001,1451,2.902,0.00908886,0.016031,0.0795889,145.622,0
dls,0.001,1452,2.904,0.00908506,0.0160288,0.0800922,147.997,0
dls,0.001,1453,2.906,0.0090812,0.0160266,0.0806206,150.469,0
dls,0.001,1454,2.908,0.00907729,0.0160242,0.081176,153.043,0
dls,0.001,1455,2.91,0.00907331,0.0160216,0.0817605,155.727,0
dls,0.001,1456,2.912,0.00906926,0.0160189,0.0823763,158.529,0
dls,0.001,1457,2.914,0.00906512,0.016016,0.083026,161.457,0
dls,0.001,1458,2.916,0.00906091,0.016013,0.0837126,164.522,0
dls,0.001,1459,2.918,0.0090566,0.0160097,0.0844391,167.734,0
dls,0.001,1460,2.92,0.00905218,0.0160062,0.0852091,171.106,0
dls,0.001,1461,2.922,0.00904766,0.0160025,0.0860265,174.651,0
dls,0.001,1462,2.924,0.009043,0.0159986,0.086896,178.385,0
dls,0.001,1463,2.926,0.00903822,0.0159944,0.0878226,182.326,0
dls,0.001,1464,2.928,0.00903328,0.0159898,0.0888121,186.492,0
dls,0.001,1465,2.93,0.00902817,0.015985,0.089871,190.906,0
dls,0.001,1466,2.932,0.00902288,0.0159798,0.091007,195.595,0
dls,0.001,1467,2.934,0.00901738,0.0159742,0.0922288,200.588,0
dls,0.001,1468,2.936,0.00901166,0.0159681,0.0935465,205.919,0
dls,0.001,1469,2.938,0.00900568,0.0159616,0.0949719,211.629,0
dls,0.001,1470,2.94,0.00899941,0.0159546,0.0965189,217.765,0
dls,0.001,1471,2.942,0.00899281,0.0159469,0.0982038,224.382,0
dls,0.001,1472,2.944,0.00898585,0.0159386,0.100046,231.548,0
dls,0.001,1473,2.946,0.00897848,0.0159296,0.10207,239.342,0
dls,0.001,1474,2.948,0.00897063,0.0159196,0.104303,247.862,0
dls,0.001,1475,2.95,0.00896223,0.0159087,0.10678,257.229,0
dls,0.001,1476,2.952,0.0089532,0.0158967,0.109545,267.593,0
dls,0.001,1477,2.954,0.00894344,0.0158834,0.112652,279.144,0
dls,0.001,1478,2.956,0.00893282,0.0158685,0.116172,292.125,0
dls,0.001,1479,2.958,0.00892117,0.0158519,0.120193,306.858,0
dls,0.001,1480,2.96,0.00890831,0.0158331,0.124835,323.772,0
dls,0.001,1481,2.962,0.00889396,0.0158118,0.13026,343.457,0
dls,0.001,1482,2.964,0.00887781,0.0157874,0.136692,366.752,0
dls,0.001,1483,2.966,0.00885938,0.0157591,0.144449,394.888,0
dls,0.001,1484,2.968,0.00883808,0.015726,0.154006,429.767,0
dls,0.001,1485,2.97,0.00881304,0.0156866,0.166092,474.49,0
dls,0.001,1486,2.972,0.00878298,0.0156387,0.181892,534.518,0
dls,0.001,1487,2.974,0.00875524,0.0158397,0.203587,620.85,0
dls,0.001,1488,2.976,0.00863113,0.0155397,0.239377,780.322,0
dls,0.001,1489,2.978,0.00852608,0.0154954,0.289269,1073.59,0
dls,0.001,1490,2.98,0.00836382,0.0151742,0.33016,2319.34,0
dls,0.001,1491,2.982,0.00823768,0.0149151,0.0725172,16102.8,0
dls,0.001,1492,2.984,0.00824174,0.015015,0.32032,2491.5,0
dls,0.001,1493,2.986,0.00837339,0.0154873,0.332658,1700.23,0
dls,0.001,1494,2.988,0.00863095,0.0163408,0.330061,1602.6,0
dls,0.001,1495,2.99,0.00901362,0.0175801,0.332451,1959.39,0
dls,0.001,1496,2.992,0.00952145,0.0192059,0.252116,4019.11,0
dls,0.001,1497,2.994,0.0101553,0.0212147,0.190174,6283.92,0
dls,0.001,1498,2.996,0.010726,0.0229479,0.324865,2445.07,0
dls,0.001,1499,2.998,0.0112325,0.024411,0.332866,1990.0,0
dls,0.001,1500,3.0,0.0116752,0.0256055,0.326749,2265.59,0
dls,0.001,1501,3.002,0.0120556,0.0265285,0.243269,4401.99,0
dls,0.001,1502,3.004,0.012358,0.0274365,0.0723414,14767.0,0
dls,0.001,1503,3.006,0.0127886,0.0287136,0.212264,4754.49,0
dls,0.001,1504,3.008,0.0133456,0.0303674,0.203461,4945.87,0
dls,0.001,1505,3.01,0.0140283,0.0324014,0.0420905,22311.5,0
dls,0.001,1506,3.012,0.0146005,0.0339154,0.0750027,18298.8,0
dls,0.001,1507,3.014,0.0150942,0.0353944,0.0844711,15806.6,0
dls,0.001,1508,3.016,0.0154788,0.0363478,0.0282591,72122.0,0
dls,0.001,1509,3.018,0.0158389,0.0371062,0.0255887,56037.9,0
dls,0.001,1510,3.02,0.0163255,0.0382506,0.121178,9998.38,0
dls,0.001,1511,3.022,0.0167493,0.0391254,0.0816781,15953.0,0
dls,0.001,1512,3.024,0.0170677,0.0395425,0.0345054,31926.2,0
dls,0.001,1513,3.026,0.0175134,0.0403473,0.0403716,40212.7,0
dls,0.001,1514,3.028,0.0178703,0.041267,0.0452024,33891.4,0
dls,0.001,1515,3.03,0.0181198,0.0416713,0.0297495,44712.6,0
dls,0.001,1516,3.032,0.0184957,0.0424634,0.0904988,13242.1,0
dls,0.001,1517,3.034,0.01881,0.0429877,0.0331229,54650.9,0
dls,0.001,1518,3.036,0.0191019,0.0433226,0.0294406,47985.7,0
dls,0.001,1519,3.038,0.0195204,0.0440478,0.099638,11154.4,0
dls,0.001,1520,3.04,0.0198778,0.044507,0.0575995,22282.6,0
dls,0.001,1521,3.042,0.0201341,0.0445557,0.048353,17514.2,0
dls,0.001,1522,3.044,0.0205175,0.0449955,0.0243038,113446.0,0
dls,0.001,1523,3.046,0.0208128,0.0455085,0.0320123,41432.8,0
dls,0.001,1524,3.048,0.0211006,0.0458882,0.0250246,107983.0,0
dls,0.001,1525,3.05,0.0213401,0.0459758,0.0216199,693352.0,0
dls,0.001,1526,3.052,0.0215488,0.046365,0.0233706,209869.0,0
dls,0.001,1527,3.054,0.0217187,0.0464972,0.0242997,155842.0,0
dls,0.001,1528,3.056,0.0218555,0.0465357,0.0245989,147862.0,0
dls,0.001,1529,3.058,0.0219595,0.0465161,0.0246925,148743.0,0
dls,0.001,1530,3.06,0.0220306,0.0464481,0.0247899,147594.0,0
dls,0.001,1531,3.062,0.0220687,0.0463343,0.024886,144645.0,0
dls,0.001,1532,3.064,0.022074,0.0461755,0.0249368,142179.0,0
dls,0.001,1533,3.066,0.0220465,0.0459721,0.0249288,140851.0,0
dls,0.001,1534,3.068,0.0219862,0.045724,0.0248675,140392.0,0
dls,0.001,1535,3.07,0.0218929,0.0454311,0.0247581,140548.0,0
dls,0.001,1536,3.072,0.0217726,0.0450936,0.0251149,119118.0,0
dls,0.001,1537,3.074,0.0216306,0.0447193,0.0254533,102911.0,0
dls,0.001,1538,3.076,0.0214712,0.0443157,0.025618,93850.1,0
dls,0.001,1539,3.078,0.0212975,0.0438885,0.0256632,88237.4,0
dls,0.001,1540,3.08,0.0211124,0.043443,0.0256483,84053.5,0
dls,0.001,1541,3.082,0.0209183,0.0429834,0.0255924,80708.3,0
dls,0.001,1542,3.084,0.0207173,0.0425134,0.0254974,78058.0,0
dls,0.001,1543,3.086,0.020511,0.0420363,0.0253663,75981.4,0
dls,0.001,1544,3.088,0.0203011,0.0415545,0.0252049,74342.2,0
dls,0.001,1545,3.09,0.0200887,0.0410706,0.025019,73025.8,0
dls,0.001,1546,3.092,0.019875,0.0405862,0.0248135,71949.4,0
dls,0.001,1547,3.094,0.0196607,0.040103,0.0245922,71053.6,0
dls,0.001,1548,3.096,0.0194467,0.0396223,0.0243584,70292.9,0
dls,0.001,1549,3.098,0.0192336,0.0391453,0.0241146,69630.2,0
dls,0.001,1550,3.1,0.019022,0.0386728,0.0238633,69034.8,0
dls,0.001,1551,3.102,0.0188121,0.0382057,0.0236064,68481.0,0
dls,0.001,1552,3.104,0.0186045,0.0377444,0.0233456,67947.1,0
dls,0.001,1553,3.106,0.0183994,0.0372896,0.0230822,67414.6,0
dls,0.001,1554,3.108,0.018197,0.0368417,0.0228174,66867.4,0
dls,0.001,1555,3.11,0.0179976,0.0364008,0.0225522,66291.2,0
dls,0.001,1556,3.112,0.0178012,0.0359674,0.0222872,65673.5,0
dls,0.001,1557,3.114,0.0176081,0.0355414,0.0220231,65003.0,0
dls,0.001,1558,3.116,0.0174182,0.0351232,0.0217604,64269.4,0
dls,0.001,1559,3.118,0.0172316,0.0347128,0.0214994,63463.7,0
dls,0.001,1560,3.12,0.0170484,0.0343101,0.0212403,62577.4,0
dls,0.001,1561,3.122,0.0168686,0.0339153,0.0209833,61602.8,0
dls,0.001,1562,3.124,0.0166923,0.0335282,0.0207283,60533.2,0
dls,0.001,1563,3.126,0.0165193,0.033149,0.0204752,59362.4,0
dls,0.001,1564,3.128,0.0163497,0.0327774,0.0202239,58084.8,0
dls,0.001,1565,3.13,0.0161835,0.0324135,0.0199739,56695.7,0
dls,0.001,1566,3.132,0.0160206,0.0320571,0.0197249,55191.2,0
dls,0.001,1567,3.134,0.015861,0.0317082,0.0194761,53568.2,0
dls,0.001,1568,3.136,0.0157046,0.0313666,0.0192268,51824.6,0
dls,0.001,1569,3.138,0.0155515,0.0310322,0.0189757,49959.3,0
dls,0.001,1570,3.14,0.0154015,0.030705,0.0187215,47972.7,0
dls,0.001,1571,3.142,0.0152545,0.0303847,0.0184624,45866.6,0
dls,0.001,1572,3.144,0.0151106,0.0300713,0.0181959,43644.6,0
dls,0.001,1573,3.146,0.0149697,0.0297646,0.0179189,41312.2,0
dls,0.001,1574,3.148,0.0148316,0.0294645,0.0176273,38877.4,0
dls,0.001,1575,3.15,0.0146964,0.0291708,0.0173155,36350.8,0
dls,0.001,1576,3.152,0.0145639,0.0288833,0.016976,33746.1,0
dls,0.001,1577,3.154,0.0144341,0.0286019,0.0165988,31080.3,0
dls,0.001,1578,3.156,0.0143068,0.0283264,0.0161699,28373.8,0
dls,0.001,1579,3.158,0.014182,0.0280567,0.0156701,25651.2,0
dls,0.001,1580,3.16,0.0140596,0.0277923,0.0150723,22940.3,0
dls,0.001,1581,3.162,0.0139393,0.0275332,0.0143383,20272.4,0
dls,0.001,1582,3.164,0.013821,0.0272789,0.0134137,17681.3,0
dls,0.001,1583,3.166,0.0137044,0.027029,0.0130892,15202.5,0
dls,0.001,1584,3.168,0.0135893,0.026783,0.0156901,12870.8,0
dls,0.001,1585,3.17,0.0134752,0.0265402,0.0192676,10719.4,0
dls,0.001,1586,3.172,0.0133615,0.0262995,0.0241955,8776.46,0
dls,0.001,1587,3.174,0.0132474,0.0260598,0.0309268,7063.98,0
dls,0.001,1588,3.176,0.0131318,0.0258193,0.0398869,5595.24,0
dls,0.001,1589,3.178,0.0130137,0.0255759,0.0511774,4373.76,0
dls,0.001,1590,3.18,0.0128918,0.0253275,0.0640583,3392.47,0
dls,0.001,1591,3.182,0.0127702,0.0253572,0.0764878,2626.99,0
dls,0.001,1592,3.184,0.0126418,0.0250611,0.0861983,2066.88,0
dls,0.001,1593,3.186,0.0125172,0.0250526,0.0916228,1656.02,0
dls,0.001,1594,3.188,0.0123925,0.0247539,0.0936638,1365.87,0
dls,0.001,1595,3.19,0.012274,0.0244901,0.0934056,1155.81,0
dls,0.001,1596,3.192,0.0121634,0.0242465,0.092055,1001.27,0
dls,0.001,1597,3.194,0.0120609,0.0240191,0.0903297,884.525,0
dls,0.001,1598,3.196,0.011966,0.0238062,0.0885765,793.79,0
dls,0.001,1599,3.198,0.011878,0.0236062,0.0869378,721.383,0
dls,0.001,1600,3.2,0.0117958,0.0234177,0.085459,662.246,0
dls,0.001,1601,3.202,0.0117188,0.0232392,0.084143,612.977,0
dls,0.001,1602,3.204,0.0116461,0.0230694,0.0829771,571.234,0
dls,0.001,1603,3.206,0.0115772,0.0229072,0.0819434,535.357,0
dls,0.001,1604,3.208,0.0115115,0.0227516,0.0810239,504.147,0
dls,0.001,1605,3.21,0.0114486,0.0226019,0.0802025,476.713,0
dls,0.001,1606,3.212,0.0113882,0.0224573,0.079465,452.379,0
dls,0.001,1607,3.214,0.01133,0.0223174,0.0787994,430.626,0
dls,0.001,1608,3.216,0.0112737,0.0221818,0.0781957,411.047,0
dls,0.001,1609,3.218,0.0112192,0.02205,0.0776454,393.317,0
dls,0.001,1610,3.22,0.0111664,0.0219217,0.0771415,377.176,0
dls,0.001,1611,3.222,0.0111149,0.0217967,0.076678,362.409,0
dls,0.001,1612,3.224,0.0110649,0.0216748,0.07625,348.843,0
dls,0.001,1613,3.226,0.0110161,0.0215557,0.0758531,336.33,0
dls,0.001,1614,3.228,0.0109686,0.0214395,0.0754838,324.747,0
dls,0.001,1615,3.23,0.0109222,0.0213258,0.0751389,313.991,0
dls,0.001,1616,3.232,0.0108768,0.0212146,0.074816,303.973,0
dls,0.001,1617,3.234,0.0108326,0.0211059,0.0745125,294.617,0
dls,0.001,1618,3.236,0.0107893,0.0209994,0.0742267,285.856,0
dls,0.001,1619,3.238,0.010747,0.0208953,0.0739567,277.635,0
dls,0.001,1620,3.24,0.0107056,0.0207933,0.0737011,269.903,0
dls,0.001,1621,3.242,0.0106651,0.0206934,0.0734585,262.616,0
dls,0.001,1622,3.244,0.0106255,0.0205956,0.0732278,255.736,0
dls,0.001,1623,3.246,0.0105868,0.0204998,0.073008,249.229,0
dls,0.001,1624,3.248,0.0105489,0.0204059,0.0727981,243.063,0
dls,0.001,1625,3.25,0.0105119,0.020314,0.0725974,237.213,0
dls,0.001,1626,3.252,0.0104756,0.020224,0.0724052,231.654,0
dls,0.001,1627,3.254,0.0104401,0.0201359,0.0722207,226.364,0
dls,0.001,1628,3.256,0.0104055,0.0200495,0.0720434,221.323,0
dls,0.001,1629,3.258,0.0103715,0.0199649,0.0718728,216.515,0
dls,0.001,1630,3.26,0.0103383,0.019882,0.0717084,211.922,0
dls,0.001,1631,3.262,0.0103059,0.0198009,0.0715498,207.53,0
dls,0.001,1632,3.264,0.0102741,0.0197214,0.0713966,203.326,0
dls,0.001,1633,3.266,0.0102431,0.0196435,0.0712484,199.298,0
dls,0.001,1634,3.268,0.0102127,0.0195673,0.0711049,195.435,0
dls,0.001,1635,3.27,0.010183,0.0194926,0.0709659,191.727,0
dls,0.001,1636,3.272,0.010154,0.0194194,0.070831,188.163,0
dls,0.001,1637,3.274,0.0101256,0.0193478,0.0707,184.737,0
dls,0.001,1638,3.276,0.0100979,0.0192776,0.0705728,181.439,0
dls,0.001,1639,3.278,0.0100708,0.0192089,0.0704489,178.263,0
dls,0.001,1640,3.28,0.0100443,0.0191416,0.0703284,175.202,0
dls,0.001,1641,3.282,0.0100183,0.0190757,0.070211,172.249,0
dls,0.001,1642,3.284,0.00999303,0.0190112,0.0700965,169.399,0
dls,0.001,1643,3.286,0.00996828,0.018948,0.0699848,166.647,0
dls,0.001,1644,3.288,0.0099441,0.0188861,0.0698757,163.986,0
dls,0.001,1645,3.29,0.00992047,0.0188255,0.0697691,161.414,0
dls,0.001,1646,3.292,0.00989738,0.0187662,0.069665,158.925,0
dls,0.001,1647,3.294,0.00987483,0.018708,0.0695631,156.515,0
dls,0.001,1648,3.296,0.00985279,0.0186512,0.0694634,154.181,0
dls,0.001,1649,3.298,0.00983127,0.0185954,0.0693658,151.918,0
dls,0.001,1650,3.3,0.00981024,0.0185409,0.0692701,149.724,0
dls,0.001,1651,3.302,0.0097897,0.0184875,0.0691763,147.596,0
dls,0.001,1652,3.304,0.00976964,0.0184352,0.0690844,145.53,0
dls,0.001,1653,3.306,0.00975005,0.0183839,0.0689942,143.524,0
dls,0.001,1654,3.308,0.00973092,0.0183338,0.0689056,141.575,0
dls,0.001,1655,3.31,0.00971224,0.0182847,0.0688187,139.681,0
dls,0.001,1656,3.312,0.00969399,0.0182366,0.0687333,137.839,0
dls,0.001,1657,3.314,0.00967618,0.0181895,0.0686494,136.047,0
dls,0.001,1658,3.316,0.00965879,0.0181434,0.0685668,134.304,0
dls,0.001,1659,3.318,0.00964182,0.0180982,0.0684857,132.607,0
dls,0.001,1660,3.32,0.00962525,0.018054,0.0684059,130.954,0
dls,0.001,1661,3.322,0.00960907,0.0180108,0.0683273,129.343,0
dls,0.001,1662,3.324,0.00959328,0.0179684,0.06825,127.774,0
dls,0.001,1663,3.326,0.00957787,0.0179269,0.0681738,126.244,0
dls,0.001,1664,3.328,0.00956283,0.0178862,0.0680988,124.752,0
dls,0.001,1665,3.33,0.00954816,0.0178464,0.0680249,123.296,0
dls,0.001,1666,3.332,0.00953384,0.0178074,0.067952,121.876,0
dls,0.001,1667,3.334,0.00951986,0.0177693,0.0678802,120.489,0
dls,0.001,1668,3.336,0.00950623,0.0177319,0.0678094,119.135,0
dls,0.001,1669,3.338,0.00949293,0.0176953,0.0677396,117.812,0
dls,0.001,1670,3.34,0.00947996,0.0176594,0.0676707,116.52,0
dls,0.001,1671,3.342,0.0094673,0.0176243,0.0676027,115.257,0
dls,0.001,1672,3.344,0.00945496,0.01759,0.0675356,114.023,0
dls,0.001,1673,3.346,0.00944292,0.0175563,0.0674693,112.816,0
dls,0.001,1674,3.348,0.00943119,0.0175233,0.0674039,111.635,0
dls,0.001,1675,3.35,0.00941974,0.017491,0.0673393,110.48,0
dls,0.001,1676,3.352,0.00940858,0.0174594,0.0672755,109.35,0
dls,0.001,1677,3.354,0.0093977,0.0174284,0.0672124,108.243,0
dls,0.001,1678,3.356,0.00938709,0.0173981,0.0671501,107.16,0
dls,0.001,1679,3.358,0.00937675,0.0173684,0.0670885,106.099,0
dls,0.001,1680,3.36,0.00936668,0.0173393,0.0670276,105.06,0
dls,0.001,1681,3.362,0.00935686,0.0173108,0.0669674,104.042,0
dls,0.001,1682,3.364,0.00934729,0.0172828,0.0669079,103.045,0
dls,0.001,1683,3.366,0.00933797,0.0172555,0.066849,102.067,0
dls,0.001,1684,3.368,0.00932888,0.0172287,0.0667908,101.109,0
dls,0.001,1685,3.37,0.00932004,0.0172024,0.0667332,100.169,0
dls,0.001,1686,3.372,0.00931142,0.0171767,0.0666761,99.247,0
dls,0.001,1687,3.374,0.00930302,0.0171515,0.0666197,98.3429,0
dls,0.001,1688,3.376,0.00929485,0.0171269,0.0665639,97.4558,0
dls,0.001,1689,3.378,0.00928689,0.0171027,0.0665086,96.5852,0
dls,0.001,1690,3.38,0.00927915,0.017079,0.0664539,95.7309,0
dls,0.001,1691,3.382,0.00927161,0.0170558,0.0663997,94.8921,0
dls,0.001,1692,3.384,0.00926427,0.017033,0.066346,94.0686,0
dls,0.001,1693,3.386,0.00925713,0.0170108,0.0662928,93.26,0
dls,0.001,1694,3.388,0.00925018,0.0169889,0.0662402,92.4657,0
dls,0.001,1695,3.39,0.00924342,0.0169675,0.066188,91.6855,0
dls,0.001,1696,3.392,0.00923684,0.0169466,0.0661363,90.9189,0
dls,0.001,1697,3.394,0.00923045,0.016926,0.0660851,90.1656,0
dls,0.001,1698,3.396,0.00922423,0.0169059,0.0660343,89.4252,0
dls,0.001,1699,3.398,0.00921819,0.0168862,0.065984,88.6975,0
dls,0.001,1700,3.4,0.00921232,0.0168668,0.0659342,87.982,0
dls,0.001,1701,3.402,0.00920661,0.0168479,0.0658847,87.2786,0
dls,0.001,1702,3.404,0.00920106,0.0168293,0.0658357,86.5867,0
dls,0.001,1703,3.406,0.00919568,0.0168111,0.0657871,85.9063,0
dls,0.001,1704,3.408,0.00919045,0.0167933,0.0657389,85.237,0
dls,0.001,1705,3.41,0.00918537,0.0167758,0.0656911,84.5784,0
dls,0.001,1706,3.412,0.00918044,0.0167586,0.0656437,83.9305,0
dls,0.001,1707,3.414,0.00917565,0.0167418,0.0655967,83.2928,0
dls,0.001,1708,3.416,0.00917101,0.0167253,0.0655501,82.6652,0
dls,0.001,1709,3.418,0.0091665,0.0167092,0.0655038,82.0474,0
dls,0.001,1710,3.42,0.00916214,0.0166933,0.0654578,81.4392,0
dls,0.001,1711,3.422,0.0091579,0.0166778,0.0654123,80.8404,0
dls,0.001,1712,3.424,0.0091538,0.0166626,0.065367,80.2507,0
dls,0.001,1713,3.426,0.00914983,0.0166476,0.0653222,79.6699,0
dls,0.001,1714,3.428,0.00914598,0.016633,0.0652776,79.0979,0
dls,0.001,1715,3.43,0.00914225,0.0166186,0.0652334,78.5344,0
dls,0.001,1716,3.432,0.00913865,0.0166045,0.0651895,77.9792,0
dls,0.001,1717,3.434,0.00913516,0.0165907,0.0651459,77.4322,0
dls,0.001,1718,3.436,0.00913178,0.0165771,0.0651026,76.8931,0
dls,0.001,1719,3.438,0.00912852,0.0165638,0.0650596,76.3619,0
dls,0.001,1720,3.44,0.00912537,0.0165508,0.0650169,75.8383,0
dls,0.001,1721,3.442,0.00912232,0.016538,0.0649745,75.3221,0
dls,0.001,1722,3.444,0.00911939,0.0165254,0.0649324,74.8132,0
dls,0.001,1723,3.446,0.00911655,0.0165131,0.0648906,74.3115,0
dls,0.001,1724,3.448,0.00911382,0.016501,0.064849,73.8168,0
dls,0.001,1725,3.45,0.00911118,0.0164892,0.0648077,73.3289,0
dls,0.001,1726,3.452,0.00910864,0.0164775,0.0647667,72.8477,0
dls,0.001,1727,3.454,0.0091062,0.0164661,0.064726,72.3731,0
dls,0.001,1728,3.456,0.00910385,0.0164549,0.0646855,71.9049,0
dls,0.001,1729,3.458,0.00910159,0.0164439,0.0646452,71.443,0
dls,0.001,1730,3.46,0.00909942,0.0164331,0.0646052,70.9873,0
dls,0.001,1731,3.462,0.00909733,0.0164225,0.0645655,70.5376,0
dls,0.001,1732,3.464,0.00909533,0.0164121,0.0645259,70.0939,0
dls,0.001,1733,3.466,0.00909342,0.0164018,0.0644866,69.6559,0
dls,0.001,1734,3.468,0.00909159,0.0163918,0.0644476,69.2237,0
dls,0.001,1735,3.47,0.00908983,0.0163819,0.0644088,68.797,0
dls,0.001,1736,3.472,0.00908816,0.0163723,0.0643702,68.3758,0
dls,0.001,1737,3.474,0.00908656,0.0163628,0.0643318,67.9599,0
dls,0.001,1738,3.476,0.00908504,0.0163534,0.0642936,67.5494,0
dls,0.001,1739,3.478,0.00908359,0.0163442,0.0642556,67.1439,0
dls,0.001,1740,3.48,0.00908221,0.0163352,0.0642179,66.7436,0
dls,0.001,1741,3.482,0.0090809,0.0163264,0.0641803,66.3482,0
dls,0.001,1742,3.484,0.00907967,0.0163177,0.064143,65.9577,0
dls,0.001,1743,3.486,0.0090785,0.0163091,0.0641058,65.572,0
dls,0.001,1744,3.488,0.00907739,0.0163007,0.0640689,65.191,0
dls,0.001,1745,3.49,0.00907635,0.0162925,0.0640321,64.8145,0
dls,0.001,1746,3.492,0.00907538,0.0162844,0.0639955,64.4426,0
dls,0.001,1747,3.494,0.00907447,0.0162764,0.0639591,64.0752,0
dls,0.001,1748,3.496,0.00907362,0.0162686,0.0639229,63.7121,0
dls,0.001,1749,3.498,0.00907282,0.0162609,0.0638868,63.3533,0
dls,0.001,1750,3.5,0.00907209,0.0162533,0.0638509,62.9987,0
dls,0.001,1751,3.502,0.00907142,0.0162458,0.0638152,62.6483,0
dls,0.001,1752,3.504,0.0090708,0.0162385,0.0637797,62.3019,0
dls,0.001,1753,3.506,0.00907023,0.0162313,0.0637443,61.9595,0
dls,0.001,1754,3.508,0.00906972,0.0162242,0.0637091,61.621,0
dls,0.001,1755,3.51,0.00906927,0.0162172,0.063674,61.2864,0
dls,0.001,1756,3.512,0.00906886,0.0162104,0.0636391,60.9555,0
dls,0.001,1757,3.514,0.00906851,0.0162036,0.0636044,60.6284,0
dls,0.001,1758,3.516,0.0090682,0.016197,0.0635698,60.305,0
dls,0.001,1759,3.518,0.00906794,0.0161905,0.0635353,59.9851,0
dls,0.001,1760,3.52,0.00906774,0.016184,0.063501,59.6688,0
dls,0.001,1761,3.522,0.00906757,0.0161777,0.0634669,59.356,0
dls,0.001,1762,3.524,0.00906746,0.0161715,0.0634329,59.0465,0
dls,0.001,1763,3.526,0.00906739,0.0161653,0.063399,58.7405,0
dls,0.001,1764,3.528,0.00906736,0.0161593,0.0633652,58.4378,0
dls,0.001,1765,3.53,0.00906738,0.0161533,0.0633316,58.1383,0
dls,0.001,1766,3.532,0.00906743,0.0161475,0.0632981,57.842,0
dls,0.001,1767,3.534,0.00906753,0.0161417,0.0632648,57.5488,0
dls,0.001,1768,3.536,0.00906767,0.016136,0.0632315,57.2588,0
dls,0.001,1769,3.538,0.00906785,0.0161304,0.0631984,56.9718,0
dls,0.001,1770,3.54,0.00906807,0.0161249,0.0631654,56.6879,0
dls,0.001,1771,3.542,0.00906833,0.0161194,0.0631326,56.4068,0
dls,0.001,1772,3.544,0.00906863,0.0161141,0.0630998,56.1287,0
dls,0.001,1773,3.546,0.00906896,0.0161088,0.0630672,55.8535,0
dls,0.001,1774,3.548,0.00906933,0.0161036,0.0630346,55.581,0
dls,0.001,1775,3.55,0.00906973,0.0160984,0.0630022,55.3114,0
dls,0.001,1776,3.552,0.00907017,0.0160934,0.0629699,55.0445,0
dls,0.001,1777,3.554,0.00907064,0.0160884,0.0629377,54.7803,0
dls,0.001,1778,3.556,0.00907114,0.0160835,0.0629056,54.5187,0
dls,0.001,1779,3.558,0.00907168,0.0160786,0.0628736,54.2597,0
dls,0.001,1780,3.56,0.00907225,0.0160738,0.0628417,54.0033,0
dls,0.001,1781,3.562,0.00907285,0.0160691,0.0628099,53.7495,0
dls,0.001,1782,3.564,0.00907349,0.0160644,0.0627782,53.4981,0
dls,0.001,1783,3.566,0.00907415,0.0160598,0.0627466,53.2492,0
dls,0.001,1784,3.568,0.00907484,0.0160552,0.0627151,53.0027,0
dls,0.001,1785,3.57,0.00907556,0.0160507,0.0626837,52.7586,0
dls,0.001,1786,3.572,0.00907631,0.0160463,0.0626524,52.5169,0
dls,0.001,1787,3.574,0.00907708,0.0160419,0.0626211,52.2774,0
dls,0.001,1788,3.576,0.00907789,0.0160376,0.06259,52.0403,0
dls,0.001,1789,3.578,0.00907872,0.0160333,0.0625589,51.8054,0
dls,0.001,1790,3.58,0.00907958,0.0160291,0.0625279,51.5727,0
dls,0.001,1791,3.582,0.00908046,0.0160249,0.062497,51.3423,0
dls,0.001,1792,3.584,0.00908137,0.0160208,0.0624661,51.1139,0
dls,0.001,1793,3.586,0.0090823,0.0160167,0.0624354,50.8877,0
dls,0.001,1794,3.588,0.00908326,0.0160127,0.0624047,50.6636,0
dls,0.001,1795,3.59,0.00908424,0.0160087,0.0623741,50.4416,0
dls,0.001,1796,3.592,0.00908524,0.0160048,0.0623436,50.2216,0
dls,0.001,1797,3.594,0.00908627,0.0160009,0.0623131,50.0036,0
dls,0.001,1798,3.596,0.00908732,0.015997,0.0622827,49.7876,0
dls,0.001,1799,3.598,0.00908839,0.0159932,0.0622524,49.5736,0
dls,0.001,1800,3.6,0.00908949,0.0159894,0.0622221,49.3615,0
dls,0.001,1801,3.602,0.0090906,0.0159857,0.0621919,49.1513,0
dls,0.001,1802,3.604,0.00909174,0.015982,0.0621618,48.943,0
dls,0.001,1803,3.606,0.00909289,0.0159783,0.0621318,48.7365,0
dls,0.001,1804,3.608,0.00909407,0.0159747,0.0621018,48.5318,0
dls,0.001,1805,3.61,0.00909526,0.0159711,0.0620718,48.329,0
dls,0.001,1806,3.612,0.00909648,0.0159676,0.0620419,48.1279,0
dls,0.001,1807,3.614,0.00909771,0.0159641,0.0620121,47.9286,0
dls,0.001,1808,3.616,0.00909896,0.0159606,0.0619823,47.731,0
dls,0.001,1809,3.618,0.00910023,0.0159571,0.0619526,47.5352,0
dls,0.001,1810,3.62,0.00910152,0.0159537,0.0619229,47.341,0
dls,0.001,1811,3.622,0.00910283,0.0159503,0.0618933,47.1485,0
dls,0.001,1812,3.624,0.00910415,0.015947,0.0618638,46.9576,0
dls,0.001,1813,3.626,0.00910549,0.0159437,0.0618343,46.7684,0
dls,0.001,1814,3.628,0.00910684,0.0159404,0.0618048,46.5807,0
dls,0.001,1815,3.63,0.00910822,0.0159371,0.0617754,46.3947,0
dls,0.001,1816,3.632,0.0091096,0.0159339,0.061746,46.2102,0
dls,0.001,1817,3.634,0.00911101,0.0159307,0.0617167,46.0273,0
dls,0.001,1818,3.636,0.00911242,0.0159275,0.0616874,45.8458,0
dls,0.001,1819,3.638,0.00911386,0.0159243,0.0616582,45.6659,0
dls,0.001,1820,3.64,0.00911531,0.0159212,0.061629,45.4875,0
dls,0.001,1821,3.642,0.00911677,0.015918,0.0615998,45.3105,0
dls,0.001,1822,3.644,0.00911824,0.015915,0.0615707,45.135,0
dls,0.001,1823,3.646,0.00911973,0.0159119,0.0615416,44.9609,0
dls,0.001,1824,3.648,0.00912124,0.0159088,0.0615126,44.7883,0
dls,0.001,1825,3.65,0.00912275,0.0159058,0.0614836,44.617,0
dls,0.001,1826,3.652,0.00912428,0.0159028,0.0614546,44.4471,0
dls,0.001,1827,3.654,0.00912583,0.0158998,0.0614256,44.2786,0
dls,0.001,1828,3.656,0.00912738,0.0158969,0.0613967,44.1114,0
dls,0.001,1829,3.658,0.00912895,0.0158939,0.0613679,43.9456,0
dls,0.001,1830,3.66,0.00913053,0.015891,0.061339,43.781,0
dls,0.001,1831,3.662,0.00913212,0.0158881,0.0613102,43.6178,0
dls,0.001,1832,3.664,0.00913372,0.0158852,0.0612814,43.4558,0
dls,0.001,1833,3.666,0.00913534,0.0158823,0.0612527,43.2952,0
dls,0.001,1834,3.668,0.00913696,0.0158795,0.0612239,43.1357,0
dls,0.001,1835,3.67,0.0091386,0.0158767,0.0611952,42.9776,0
dls,0.001,1836,3.672,0.00914024,0.0158738,0.0611666,42.8206,0
dls,0.001,1837,3.674,0.0091419,0.015871,0.0611379,42.6649,0
dls,0.001,1838,3.676,0.00914356,0.0158682,0.0611093,42.5103,0
dls,0.001,1839,3.678,0.00914524,0.0158655,0.0610807,42.3569,0
dls,0.001,1840,3.68,0.00914693,0.0158627,0.0610521,42.2047,0
dls,0.001,1841,3.682,0.00914862,0.01586,0.0610235,42.0537,0
dls,0.001,1842,3.684,0.00915033,0.0158572,0.060995,41.9038,0
dls,0.001,1843,3.686,0.00915204,0.0158545,0.0609665,41.755,0
dls,0.001,1844,3.688,0.00915377,0.0158518,0.0609379,41.6074,0
dls,0.001,1845,3.69,0.0091555,0.0158491,0.0609095,41.4609,0
dls,0.001,1846,3.692,0.00915724,0.0158464,0.060881,41.3154,0
dls,0.001,1847,3.694,0.00915899,0.0158438,0.0608525,41.171,0
dls,0.001,1848,3.696,0.00916075,0.0158411,0.0608241,41.0277,0
dls,0.001,1849,3.698,0.00916251,0.0158385,0.0607957,40.8855,0
dls,0.001,1850,3.7,0.00916428,0.0158358,0.0607672,40.7443,0
dls,0.001,1851,3.702,0.00916607,0.0158332,0.0607388,40.6041,0
dls,0.001,1852,3.704,0.00916785,0.0158306,0.0607105,40.465,0
dls,0.001,1853,3.706,0.00916965,0.015828,0.0606821,40.3269,0
dls,0.001,1854,3.708,0.00917145,0.0158254,0.0606537,40.1897,0
dls,0.001,1855,3.71,0.00917326,0.0158228,0.0606254,40.0536,0
dls,0.001,1856,3.712,0.00917508,0.0158202,0.060597,39.9184,0
dls,0.001,1857,3.714,0.0091769,0.0158177,0.0605687,39.7842,0
dls,0.001,1858,3.716,0.00917873,0.0158151,0.0605403,39.651,0
dls,0.001,1859,3.718,0.00918057,0.0158126,0.060512,39.5187,0
dls,0.001,1860,3.72,0.00918241,0.01581,0.0604837,39.3874,1
dls,0.001,1861,3.722,0.00918542,0.0158141,0.0604686,39.2582,1
dls,0.001,1862,3.724,0.00919067,0.0158291,0.0604734,39.1319,1
dls,0.001,1863,3.726,0.00919901,0.0158573,0.0605001,39.0085,1
dls,0.001,1864,3.728,0.00921111,0.0159001,0.0605491,38.8881,1
dls,0.001,1865,3.73,0.00922749,0.0159586,0.0606209,38.7705,1
dls,0.001,1866,3.732,0.00924862,0.0160336,0.0607154,38.6558,1
dls,0.001,1867,3.734,0.00927484,0.0161256,0.0608326,38.5439,1
dls,0.001,1868,3.736,0.00930643,0.0162352,0.0609726,38.4347,1
dls,0.001,1869,3.738,0.00934361,0.0163627,0.061135,38.3281,1
dls,0.001,1870,3.74,0.00938656,0.0165082,0.0613199,38.2242,1
dls,0.001,1871,3.742,0.00943541,0.016672,0.0615269,38.1229,1
dls,0.001,1872,3.744,0.00949025,0.0168542,0.0617558,38.024,1
dls,0.001,1873,3.746,0.00955116,0.0170546,0.0620063,37.9276,1
dls,0.001,1874,3.748,0.00961817,0.0172734,0.0622782,37.8335,1
dls,0.001,1875,3.75,0.0096913,0.0175104,0.0625713,37.7417,1
dls,0.001,1876,3.752,0.00977058,0.0177655,0.0628851,37.6522,1
dls,0.001,1877,3.754,0.00985599,0.0180386,0.0632194,37.5649,1
dls,0.001,1878,3.756,0.00994751,0.0183294,0.0635739,37.4797,1
dls,0.001,1879,3.758,0.0100451,0.018638,0.0639483,37.3965,1
dls,0.001,1880,3.76,0.0101488,0.0189639,0.0643423,37.3154,1
dls,0.001,1881,3.762,0.0102585,0.0193071,0.0647556,37.2362,1
dls,0.001,1882,3.764,0.0103741,0.0196672,0.0651879,37.159,1
dls,0.001,1883,3.766,0.0104957,0.0200442,0.0656389,37.0835,1
dls,0.001,1884,3.768,0.0106231,0.0204377,0.0661083,37.0099,1
dls,0.001,1885,3.77,0.0107564,0.0208476,0.0665959,36.9381,1
dls,0.001,1886,3.772,0.0108954,0.0212735,0.0671014,36.8679,1
dls,0.001,1887,3.774,0.0110401,0.0217153,0.0676245,36.7994,1
dls,0.001,1888,3.776,0.0111904,0.0221728,0.0681649,36.7326,1
dls,0.001,1889,3.778,0.0113463,0.0226456,0.0687224,36.6673,1
dls,0.001,1890,3.78,0.0115077,0.0231336,0.0692968,36.6035,1
dls,0.001,1891,3.782,0.0116745,0.0236366,0.0698878,36.5412,1
dls,0.001,1892,3.784,0.0118466,0.0241542,0.0704952,36.4804,1
dls,0.001,1893,3.786,0.0120241,0.0246864,0.0711186,36.421,1
dls,0.001,1894,3.788,0.0122068,0.0252328,0.0717581,36.363,1
dls,0.001,1895,3.79,0.0123946,0.0257933,0.0724132,36.3063,1
dls,0.001,1896,3.792,0.0125875,0.0263677,0.0730837,36.2509,1
dls,0.001,1897,3.794,0.0127855,0.0269556,0.0737696,36.1967,1
dls,0.001,1898,3.796,0.0129884,0.0275571,0.0744706,36.1438,1
dls,0.001,1899,3.798,0.0131962,0.0281717,0.0751864,36.0921,1
dls,0.001,1900,3.8,0.0134088,0.0287994,0.0759169,36.0416,1
dls,0.001,1901,3.802,0.0136261,0.02944,0.0766619,35.9922,1
dls,0.001,1902,3.804,0.0138481,0.0300932,0.0774213,35.944,1
dls,0.001,1903,3.806,0.0140747,0.0307589,0.0781948,35.8968,1
dls,0.001,1904,3.808,0.0143059,0.0314369,0.0789823,35.8507,1
dls,0.001,1905,3.81,0.0145416,0.0321271,0.0797836,35.8056,1
dls,0.001,1906,3.812,0.0147816,0.0328291,0.0805986,35.7615,1
dls,0.001,1907,3.814,0.0150261,0.033543,0.0814271,35.7184,1
dls,0.001,1908,3.816,0.0152748,0.0342686,0.082269,35.6762,1
dls,0.001,1909,3.818,0.0155277,0.0350056,0.0831241,35.635,1
dls,0.001,1910,3.82,0.0157848,0.0357539,0.0839922,35.5947,1
dls,0.001,1911,3.822,0.0160461,0.0365134,0.0848733,35.5552,1
dls,0.001,1912,3.824,0.0163113,0.0372839,0.0857671,35.5167,1
dls,0.001,1913,3.826,0.0165806,0.0380653,0.0866736,35.4789,1
dls,0.001,1914,3.828,0.0168538,0.0388574,0.0875927,35.442,1
dls,0.001,1915,3.83,0.0171309,0.0396601,0.0885241,35.4059,1
dls,0.001,1916,3.832,0.0174118,0.0404734,0.0894679,35.3705,1
dls,0.001,1917,3.834,0.0176964,0.041297,0.0904238,35.336,1
dls,0.001,1918,3.836,0.0179848,0.0421308,0.0913918,35.3021,1
dls,0.001,1919,3.838,0.0182769,0.0429747,0.0923718,35.269,1
dls,0.001,1920,3.84,0.0185725,0.0438286,0.0933635,35.2366,1
dls,0.001,1921,3.842,0.0188718,0.0446924,0.094367,35.2049,1
dls,0.001,1922,3.844,0.0191745,0.0455659,0.0953822,35.1738,1
dls,0.001,1923,3.846,0.0194808,0.0464492,0.0964089,35.1434,1
dls,0.001,1924,3.848,0.0197904,0.0473419,0.097447,35.1137,1
dls,0.001,1925,3.85,0.0201034,0.0482442,0.0984965,35.0845,1
dls,0.001,1926,3.852,0.0204198,0.0491557,0.0995572,35.056,1
dls,0.001,1927,3.854,0.0207395,0.0500766,0.100629,35.0281,1
dls,0.001,1928,3.856,0.0210624,0.0510066,0.101712,35.0007,1
dls,0.001,1929,3.858,0.0213885,0.0519457,0.102806,34.974,1
dls,0.001,1930,3.86,0.0217179,0.0528938,0.103911,34.9477,1
dls,0.001,1931,3.862,0.0220503,0.0538508,0.105027,34.922,1
dls,0.001,1932,3.864,0.0223858,0.0548167,0.106153,34.8969,1
dls,0.001,1933,3.866,0.0227244,0.0557913,0.107291,34.8722,1
dls,0.001,1934,3.868,0.0230661,0.0567745,0.108438,34.8481,1
dls,0.001,1935,3.87,0.0234107,0.0577664,0.109597,34.8244,1
dls,0.001,1936,3.872,0.0237583,0.0587668,0.110766,34.8013,1
dls,0.001,1937,3.874,0.0241088,0.0597757,0.111945,34.7786,1
dls,0.001,1938,3.876,0.0244622,0.0607929,0.113135,34.7563,1
dls,0.001,1939,3.878,0.0248184,0.0618185,0.114335,34.7345,1
dls,0.001,1940,3.88,0.0251775,0.0628524,0.115545,34.7131,1
dls,0.001,1941,3.882,0.0255394,0.0638945,0.116765,34.6922,1
dls,0.001,1942,3.884,0.0259041,0.0649447,0.117996,34.6717,1
dls,0.001,1943,3.886,0.0262715,0.066003,0.119236,34.6516,1
dls,0.001,1944,3.888,0.0266416,0.0670694,0.120487,34.6318,1
dls,0.001,1945,3.89,0.0270144,0.0681438,0.121748,34.6125,1
dls,0.001,1946,3.892,0.0273899,0.0692261,0.123018,34.5935,1
dls,0.001,1947,3.894,0.027768,0.0703163,0.124299,34.5749,1
dls,0.001,1948,3.896,0.0281488,0.0714143,0.125589,34.5567,1
dls,0.001,1949,3.898,0.0285321,0.0725202,0.126889,34.5388,1
dls,0.001,1950,3.9,0.0289181,0.0736338,0.128199,34.5213,1
dls,0.001,1951,3.902,0.0293065,0.0747551,0.129518,34.5041,1
dls,0.001,1952,3.904,0.0296976,0.0758841,0.130847,34.4872,1
dls,0.001,1953,3.906,0.0300911,0.0770208,0.132186,34.4707,1
dls,0.001,1954,3.908,0.0304871,0.0781651,0.133534,34.4544,1
dls,0.001,1955,3.91,0.0308856,0.0793169,0.134892,34.4385,1
dls,0.001,1956,3.912,0.0312865,0.0804763,0.13626,34.4229,1
dls,0.001,1957,3.914,0.0316899,0.0816432,0.137637,34.4075,1
dls,0.001,1958,3.916,0.0320956,0.0828176,0.139023,34.3924,1
dls,0.001,1959,3.918,0.0325038,0.0839994,0.140419,34.3777,1
dls,0.001,1960,3.92,0.0329144,0.0851887,0.141824,34.3632,1
dls,0.001,1961,3.922,0.0333273,0.0863854,0.143239,34.3489,1
dls,0.001,1962,3.924,0.0337426,0.0875894,0.144663,34.3349,1
dls,0.001,1963,3.926,0.0341603,0.0888008,0.146096,34.3212,1
dls,0.001,1964,3.928,0.0345802,0.0900195,0.147539,34.3077,1
dls,0.001,1965,3.93,0.0350025,0.0912455,0.148991,34.2945,1
dls,0.001,1966,3.932,0.035427,0.0924789,0.150452,34.2815,1
dls,0.001,1967,3.934,0.0358539,0.0937195,0.151923,34.2687,1
dls,0.001,1968,3.936,0.036283,0.0949673,0.153402,34.2561,1
dls,0.001,1969,3.938,0.0367144,0.0962224,0.154891,34.2438,1
dls,0.001,1970,3.94,0.037148,0.0974847,0.156389,34.2317,1
dls,0.001,1971,3.942,0.0375839,0.0987543,0.157897,34.2198,1
dls,0.001,1972,3.944,0.0380219,0.100031,0.159413,34.2081,1
dls,0.001,1973,3.946,0.0384622,0.101315,0.160939,34.1966,1
dls,0.001,1974,3.948,0.0389047,0.102606,0.162473,34.1853,1
dls,0.001,1975,3.95,0.0393494,0.103904,0.164017,34.1741,1
dls,0.001,1976,3.952,0.0397963,0.10521,0.16557,34.1632,1
dls,0.001,1977,3.954,0.0402454,0.106522,0.167132,34.1525,1
dls,0.001,1978,3.956,0.0406966,0.107842,0.168704,34.1419,1
dls,0.001,1979,3.958,0.04115,0.109169,0.170284,34.1315,1
dls,0.001,1980,3.96,0.0416055,0.110503,0.171873,34.1212,1
dls,0.001,1981,3.962,0.0420632,0.111844,0.173472,34.1112,1
dls,0.001,1982,3.964,0.042523,0.113192,0.175079,34.1013,1
dls,0.001,1983,3.966,0.042985,0.114548,0.176696,34.0915,1
dls,0.001,1984,3.968,0.0434491,0.11591,0.178322,34.0819,1
dls,0.001,1985,3.97,0.0439153,0.11728,0.179957,34.0725,1
dls,0.001,1986,3.972,0.0443836,0.118657,0.181601,34.0632,1
dls,0.001,1987,3.974,0.044854,0.120041,0.183253,34.054,1
dls,0.001,1988,3.976,0.0453265,0.121432,0.184916,34.045,1
dls,0.001,1989,3.978,0.045801,0.12283,0.186587,34.0361,1
dls,0.001,1990,3.98,0.0462777,0.124235,0.188267,34.0274,1
dls,0.001,1991,3.982,0.0467565,0.125648,0.189956,34.0187,1
dls,0.001,1992,3.984,0.0472373,0.127067,0.191654,34.0102,1
dls,0.001,1993,3.986,0.0477202,0.128494,0.193362,34.0019,1
dls,0.001,1994,3.988,0.0482052,0.129928,0.195078,33.9936,1
dls,0.001,1995,3.99,0.0486922,0.131369,0.196804,33.9855,1
dls,0.001,1996,3.992,0.0491813,0.132817,0.198539,33.9775,1
dls,0.001,1997,3.994,0.0496725,0.134273,0.200283,33.9695,1
dls,0.001,1998,3.996,0.0501657,0.135735,0.202036,33.9617,1
dls,0.001,1999,3.998,0.0506609,0.137205,0.203798,33.954,1
dls,0.001,2000,4.0,0.0511582,0.138682,0.205569,33.9464,1
dls,0.001,2001,4.002,0.0516576,0.140166,0.207349,33.9389,1
dls,0.001,2002,4.004,0.0521589,0.141658,0.209139,33.9315,1
dls,0.001,2003,4.006,0.0526623,0.143156,0.210938,33.9242,1
dls,0.001,2004,4.008,0.0531678,0.144662,0.212746,33.917,1
dls,0.001,2005,4.01,0.0536753,0.146175,0.214563,33.9099,1
dls,0.001,2006,4.012,0.0541848,0.147696,0.216389,33.9029,1
dls,0.001,2007,4.014,0.0546963,0.149224,0.218225,33.8959,1
dls,0.001,2008,4.016,0.0552098,0.150759,0.220069,33.889,1
dls,0.001,2009,4.018,0.0557254,0.152301,0.221923,33.8823,1
dls,0.001,2010,4.02,0.056243,0.153851,0.223787,33.8756,1
dls,0.001,2011,4.022,0.0567626,0.155408,0.225659,33.8689,1
dls,0.001,2012,4.024,0.0572842,0.156972,0.227541,33.8624,1
dls,0.001,2013,4.026,0.0578079,0.158544,0.229432,33.8559,1
dls,0.001,2014,4.028,0.0583335,0.160123,0.231333,33.8495,1
dls,0.001,2015,4.03,0.0588612,0.16171,0.233242,33.8431,1
dls,0.001,2016,4.032,0.0593909,0.163304,0.235162,33.8368,1
dls,0.001,2017,4.034,0.0599226,0.164905,0.23709,33.8306,1
dls,0.001,2018,4.036,0.0604563,0.166514,0.239028,33.8245,1
dls,0.001,2019,4.038,0.060992,0.168131,0.240976,33.8184,1
dls,0.001,2020,4.04,0.0615297,0.169755,0.242932,33.8123,1
dls,0.001,2021,4.042,0.0620694,0.171386,0.244899,33.8064,1
dls,0.001,2022,4.044,0.0626111,0.173025,0.246874,33.8004,1
dls,0.001,2023,4.046,0.0631549,0.174672,0.24886,33.7946,1
dls,0.001,2024,4.048,0.0637006,0.176326,0.250855,33.7887,1
dls,0.001,2025,4.05,0.0642483,0.177988,0.252859,33.783,1
dls,0.001,2026,4.052,0.0647981,0.179657,0.254873,33.7772,1
dls,0.001,2027,4.054,0.0653498,0.181334,0.256896,33.7716,1
dls,0.001,2028,4.056,0.0659036,0.183019,0.25893,33.7659,1
dls,0.001,2029,4.058,0.0664593,0.184711,0.260972,33.7604,1
dls,0.001,2030,4.06,0.0670171,0.186412,0.263025,33.7548,1
dls,0.001,2031,4.062,0.0675768,0.18812,0.265087,33.7493,1
dls,0.001,2032,4.064,0.0681386,0.189835,0.267159,33.7439,1
dls,0.001,2033,4.066,0.0687024,0.191559,0.26924,33.7384,1
dls,0.001,2034,4.068,0.0692681,0.19329,0.271332,33.733,1
dls,0.001,2035,4.07,0.0698359,0.195029,0.273433,33.7277,1
dls,0.001,2036,4.072,0.0704056,0.196776,0.275544,33.7224,1
dls,0.001,2037,4.074,0.0709774,0.198531,0.277664,33.7171,1
dls,0.001,2038,4.076,0.0715512,0.200294,0.279795,33.7118,1
dls,0.001,2039,4.078,0.072127,0.202065,0.281936,33.7066,1
dls,0.001,2040,4.08,0.0727047,0.203844,0.284086,33.7014,1
dls,0.001,2041,4.082,0.0732845,0.20563,0.286246,33.6962,1
dls,0.001,2042,4.084,0.0738663,0.207425,0.288417,33.6911,1
dls,0.001,2043,4.086,0.0744501,0.209228,0.290597,33.686,1
dls,0.001,2044,4.088,0.0750358,0.211039,0.292788,33.6809,1
dls,0.001,2045,4.09,0.0756236,0.212858,0.294988,33.6758,1
dls,0.001,2046,4.092,0.0762134,0.214685,0.297198,33.6708,1
dls,0.001,2047,4.094,0.0768052,0.216521,0.299419,33.6657,1
dls,0.001,2048,4.096,0.077399,0.218364,0.30165,33.6607,1
dls,0.001,2049,4.098,0.0779948,0.220216,0.303891,33.6557,1
dls,0.001,2050,4.1,0.0785926,0.222076,0.306142,33.6508,1
dls,0.001,2051,4.102,0.0791924,0.223944,0.308403,33.6458,1
dls,0.001,2052,4.104,0.0797942,0.225821,0.310675,33.6409,1
dls,0.001,2053,4.106,0.080398,0.227706,0.312957,33.6359,1
dls,0.001,2054,4.108,0.0810038,0.229599,0.315249,33.631,1
dls,0.001,2055,4.11,0.0816116,0.231501,0.317551,33.6261,1
dls,0.001,2056,4.112,0.0822215,0.233411,0.319864,33.6212,1
dls,0.001,2057,4.114,0.0828333,0.235329,0.322187,33.6164,1
dls,0.001,2058,4.116,0.0834471,0.237256,0.324521,33.6115,1
dls,0.001,2059,4.118,0.0840629,0.239192,0.326865,33.6066,1
dls,0.001,2060,4.12,0.0846808,0.241136,0.32922,33.6018,1
dls,0.001,2061,4.122,0.0853006,0.243089,0.331585,33.5969,1
dls,0.001,2062,4.124,0.0859224,0.24505,0.333961,33.5921,1
dls,0.001,2063,4.126,0.0865462,0.24702,0.336347,33.5872,1
dls,0.001,2064,4.128,0.0871721,0.248998,0.338743,33.5824,1
dls,0.001,2065,4.13,0.0877999,0.250986,0.341151,33.5776,1
dls,0.001,2066,4.132,0.0884297,0.252982,0.343569,33.5727,1
dls,0.001,2067,4.134,0.0890615,0.254987,0.345998,33.5679,1
dls,0.001,2068,4.136,0.0896954,0.257,0.348437,33.5631,1
dls,0.001,2069,4.138,0.0903312,0.259023,0.350887,33.5583,1
dls,0.001,2070,4.14,0.090969,0.261054,0.353348,33.5534,1
dls,0.001,2071,4.142,0.0916088,0.263094,0.35582,33.5486,1
dls,0.001,2072,4.144,0.0922506,0.265143,0.358302,33.5438,1
dls,0.001,2073,4.146,0.0928944,0.267201,0.360796,33.539,1
dls,0.001,2074,4.148,0.0935402,0.269268,0.3633,33.5341,1
dls,0.001,2075,4.15,0.094188,0.271344,0.365815,33.5293,1
dls,0.001,2076,4.152,0.0948377,0.273429,0.368341,33.5244,1
dls,0.001,2077,4.154,0.0954895,0.275523,0.370878,33.5196,1
dls,0.001,2078,4.156,0.0961432,0.277627,0.373426,33.5147,1
dls,0.001,2079,4.158,0.0967989,0.279739,0.375985,33.5099,1
dls,0.001,2080,4.16,0.0974566,0.281861,0.378555,33.505,1
dls,0.001,2081,4.162,0.0981163,0.283991,0.381136,33.5001,1
dls,0.001,2082,4.164,0.0987779,0.286132,0.383728,33.4952,1
dls,0.001,2083,4.166,0.0994416,0.288281,0.386331,33.4903,1
dls,0.001,2084,4.168,0.100107,0.290439,0.388945,33.4854,1
dls,0.001,2085,4.17,0.100775,0.292607,0.39157,33.4805,1
dls,0.001,2086,4.172,0.101444,0.294785,0.394207,33.4756,1
dls,0.001,2087,4.174,0.102116,0.296971,0.396854,33.4706,1
dls,0.001,2088,4.176,0.102789,0.299167,0.399513,33.4657,1
dls,0.001,2089,4.178,0.103465,0.301373,0.402183,33.4607,1
dls,0.001,2090,4.18,0.104142,0.303588,0.404865,33.4557,1
dls,0.001,2091,4.182,0.104821,0.305813,0.407557,33.4507,1
dls,0.001,2092,4.184,0.105503,0.308047,0.410261,33.4457,1
dls,0.001,2093,4.186,0.106186,0.310291,0.412976,33.4407,1
dls,0.001,2094,4.188,0.106871,0.312544,0.415702,33.4356,1
dls,0.001,2095,4.19,0.107558,0.314807,0.41844,33.4306,1
dls,0.001,2096,4.192,0.108247,0.317079,0.421189,33.4255,1
dls,0.001,2097,4.194,0.108938,0.319362,0.423949,33.4204,1
dls,0.001,2098,4.196,0.109631,0.321654,0.426721,33.4153,1
dls,0.001,2099,4.198,0.110325,0.323956,0.429504,33.4102,1
dls,0.001,2100,4.2,0.111022,0.326267,0.432299,33.405,1
dls,0.001,2101,4.202,0.111721,0.328589,0.435105,33.3999,1
dls,0.001,2102,4.204,0.112421,0.33092,0.437922,33.3947,1
dls,0.001,2103,4.206,0.113124,0.333261,0.440751,33.3895,1
dls,0.001,2104,4.208,0.113828,0.335613,0.443591,33.3842,1
dls,0.001,2105,4.21,0.114534,0.337974,0.446442,33.379,1
dls,0.001,2106,4.212,0.115242,0.340345,0.449305,33.3737,1
dls,0.001,2107,4.214,0.115952,0.342726,0.45218,33.3684,1
dls,0.001,2108,4.216,0.116663,0.345117,0.455065,33.3631,1
dls,0.001,2109,4.218,0.117377,0.347518,0.457963,33.3578,1
dls,0.001,2110,4.22,0.118092,0.349929,0.460871,33.3524,1
dls,0.001,2111,4.222,0.11881,0.35235,0.463791,33.347,1
dls,0.001,2112,4.224,0.119529,0.354781,0.466723,33.3416,1
dls,0.001,2113,4.226,0.12025,0.357223,0.469666,33.3361,1
dls,0.001,2114,4.228,0.120972,0.359674,0.47262,33.3307,1
dls,0.001,2115,4.23,0.121697,0.362136,0.475586,33.3252,1
dls,0.001,2116,4.232,0.122423,0.364608,0.478563,33.3197,1
dls,0.001,2117,4.234,0.123151,0.367091,0.481552,33.3141,1
dls,0.001,2118,4.236,0.123881,0.369583,0.484552,33.3086,1
dls,0.001,2119,4.238,0.124613,0.372086,0.487564,33.303,1
dls,0.001,2120,4.24,0.125346,0.374599,0.490586,33.2974,1
dls,0.001,2121,4.242,0.126081,0.377123,0.49362,33.2917,1
dls,0.001,2122,4.244,0.126818,0.379657,0.496666,33.286,1
dls,0.001,2123,4.246,0.127557,0.382201,0.499723,33.2803,1
dls,0.001,2124,4.248,0.128297,0.384755,0.502791,33.2746,1
dls,0.001,2125,4.25,0.129039,0.38732,0.50587,33.2688,1
dls,0.001,2126,4.252,0.129783,0.389896,0.508961,33.263,1
dls,0.001,2127,4.254,0.130528,0.392482,0.512062,33.2572,1
dls,0.001,2128,4.256,0.131275,0.395078,0.515175,33.2514,1
dls,0.001,2129,4.258,0.132024,0.397685,0.518299,33.2455,1
dls,0.001,2130,4.26,0.132774,0.400302,0.521435,33.2396,1
dls,0.001,2131,4.262,0.133526,0.40293,0.524581,33.2336,1
dls,0.001,2132,4.264,0.13428,0.405568,0.527738,33.2276,1
dls,0.001,2133,4.266,0.135035,0.408217,0.530907,33.2216,1
dls,0.001,2134,4.268,0.135791,0.410876,0.534086,33.2156,1
dls,0.001,2135,4.27,0.136549,0.413546,0.537276,33.2095,1
dls,0.001,2136,4.272,0.137309,0.416226,0.540477,33.2034,1
dls,0.001,2137,4.274,0.13807,0.418917,0.543689,33.1973,1
dls,0.001,2138,4.276,0.138833,0.421618,0.546912,33.1911,1
dls,0.001,2139,4.278,0.139598,0.42433,0.550146,33.1849,1
dls,0.001,2140,4.28,0.140363,0.427053,0.55339,33.1787,1
dls,0.001,2141,4.282,0.14113,0.429786,0.556645,33.1724,1
dls,0.001,2142,4.284,0.141899,0.43253,0.55991,33.1661,1
dls,0.001,2143,4.286,0.142669,0.435284,0.563186,33.1598,1
dls,0.001,2144,4.288,0.14344,0.438049,0.566472,33.1534,1
dls,0.001,2145,4.29,0.144213,0.440825,0.569768,33.147,1
dls,0.001,2146,4.292,0.144987,0.443611,0.573075,33.1406,1
dls,0.001,2147,4.294,0.145763,0.446407,0.576392,33.1341,1
dls,0.001,2148,4.296,0.14654,0.449214,0.579719,33.1276,1
dls,0.001,2149,4.298,0.147318,0.452032,0.583056,33.1211,1
dls,0.001,2150,4.3,0.148097,0.45486,0.586403,33.1145,1
dls,0.001,2151,4.302,0.148878,0.457699,0.58976,33.1079,1
dls,0.001,2152,4.304,0.149659,0.460548,0.593127,33.1013,1
dls,0.001,2153,4.306,0.150442,0.463408,0.596503,33.0946,1
dls,0.001,2154,4.308,0.151226,0.466279,0.599889,33.0879,1
dls,0.001,2155,4.31,0.152012,0.469159,0.603285,33.0812,1
dls,0.001,2156,4.312,0.152798,0.472051,0.606689,33.0744,1
dls,0.001,2157,4.314,0.153585,0.474952,0.610103,33.0676,1
dls,0.001,2158,4.316,0.154374,0.477865,0.613526,33.0607,1
dls,0.001,2159,4.318,0.155164,0.480787,0.616958,33.0538,1
dls,0.001,2160,4.32,0.155954,0.48372,0.6204,33.0469,1
dls,0.001,2161,4.322,0.156746,0.486663,0.623849,33.04,1
dls,0.001,2162,4.324,0.157538,0.489617,0.627308,33.033,1
dls,0.001,2163,4.326,0.158332,0.492581,0.630775,33.0259,1
dls,0.001,2164,4.328,0.159126,0.495555,0.63425,33.0189,1
dls,0.001,2165,4.33,0.159921,0.498539,0.637734,33.0118,1
dls,0.001,2166,4.332,0.160717,0.501534,0.641226,33.0047,1
dls,0.001,2167,4.334,0.161514,0.504539,0.644725,32.9975,1
dls,0.001,2168,4.336,0.162311,0.507553,0.648233,32.9903,1
dls,0.001,2169,4.338,0.163109,0.510578,0.651748,32.9831,1
dls,0.001,2170,4.34,0.163908,0.513613,0.65527,32.9758,1
dls,0.001,2171,4.342,0.164708,0.516658,0.6588,32.9685,1
dls,0.001,2172,4.344,0.165508,0.519713,0.662337,32.9612,1
dls,0.001,2173,4.346,0.166309,0.522778,0.665881,32.9538,1
dls,0.001,2174,4.348,0.16711,0.525852,0.669432,32.9464,1
dls,0.001,2175,4.35,0.167912,0.528936,0.67299,32.939,1
dls,0.001,2176,4.352,0.168714,0.532031,0.676554,32.9315,1
dls,0.001,2177,4.354,0.169517,0.535134,0.680124,32.924,1
dls,0.001,2178,4.356,0.17032,0.538247,0.6837,32.9165,1
dls,0.001,2179,4.358,0.171123,0.54137,0.687282,32.9089,1
dls,0.001,2180,4.36,0.171927,0.544502,0.69087,32.9013,1
dls,0.001,2181,4.362,0.172731,0.547644,0.694463,32.8937,1
dls,0.001,2182,4.364,0.173535,0.550795,0.698061,32.886,1
dls,0.001,2183,4.366,0.17434,0.553955,0.701664,32.8783,1
dls,0.001,2184,4.368,0.175144,0.557124,0.705272,32.8706,1
dls,0.001,2185,4.37,0.175949,0.560303,0.708885,32.8628,1
dls,0.001,2186,4.372,0.176753,0.56349,0.712502,32.855,1
dls,0.001,2187,4.374,0.177558,0.566686,0.716123,32.8472,1
dls,0.001,2188,4.376,0.178363,0.569891,0.719748,32.8393,1
dls,0.001,2189,4.378,0.179167,0.573105,0.723376,32.8314,1
dls,0.001,2190,4.38,0.179972,0.576328,0.727008,32.8235,1
dls,0.001,2191,4.382,0.180776,0.579559,0.730642,32.8156,1
dls,0.001,2192,4.384,0.18158,0.582798,0.73428,32.8076,1
dls,0.001,2193,4.386,0.182383,0.586046,0.73792,32.7996,1
dls,0.001,2194,4.388,0.183187,0.589301,0.741562,32.7916,1
dls,0.001,2195,4.39,0.18399,0.592565,0.745207,32.7835,1
dls,0.001,2196,4.392,0.184792,0.595837,0.748853,32.7755,1
dls,0.001,2197,4.394,0.185594,0.599117,0.7525,32.7673,1
dls,0.001,2198,4.396,0.186395,0.602404,0.756149,32.7592,1
dls,0.001,2199,4.398,0.187196,0.605699,0.759798,32.751,1
dls,0.001,2200,4.4,0.187996,0.609002,0.763448,32.7429,1
dls,0.001,2201,4.402,0.188796,0.612312,0.767098,32.7347,1
dls,0.001,2202,4.404,0.189594,0.615629,0.770748,32.7264,1
dls,0.001,2203,4.406,0.190392,0.618953,0.774397,32.7182,1
dls,0.001,2204,4.408,0.191189,0.622284,0.778046,32.7099,1
dls,0.001,2205,4.41,0.191985,0.625622,0.781694,32.7016,1
dls,0.001,2206,4.412,0.19278,0.628966,0.78534,32.6933,1
dls,0.001,2207,4.414,0.193574,0.632317,0.788984,32.6849,1
dls,0.001,2208,4.416,0.194367,0.635674,0.792627,32.6766,1
dls,0.001,2209,4.418,0.195159,0.639038,0.796267,32.6682,1
dls,0.001,2210,4.42,0.195949,0.642407,0.799904,32.6598,1
dls,0.001,2211,4.422,0.196738,0.645782,0.803538,32.6513,1
dls,0.001,2212,4.424,0.197526,0.649163,0.807168,32.6429,1
dls,0.001,2213,4.426,0.198312,0.652549,0.810795,32.6345,1
dls,0.001,2214,4.428,0.199097,0.655941,0.814417,32.626,1
dls,0.001,2215,4.43,0.19988,0.659337,0.818035,32.6175,1
dls,0.001,2216,4.432,0.200661,0.662739,0.821648,32.609,1
dls,0.001,2217,4.434,0.201441,0.666145,0.825255,32.6005,1
dls,0.001,2218,4.436,0.202219,0.669556,0.828856,32.592,1
dls,0.001,2219,4.438,0.202995,0.672971,0.832452,32.5834,1
dls,0.001,2220,4.44,0.20377,0.67639,0.83604,32.5749,1
dls,0.001,2221,4.442,0.204542,0.679814,0.839622,32.5663,1
dls,0.001,2222,4.444,0.205312,0.68324,0.843197,32.5578,1
dls,0.001,2223,4.446,0.206081,0.686671,0.846763,32.5492,1
dls,0.001,2224,4.448,0.206847,0.690104,0.850322,32.5406,1
dls,0.001,2225,4.45,0.207611,0.693541,0.853872,32.532,1
dls,0.001,2226,4.452,0.208372,0.696981,0.857413,32.5234,1
dls,0.001,2227,4.454,0.209131,0.700423,0.860944,32.5148,1
dls,0.001,2228,4.456,0.209888,0.703867,0.864466,32.5062,1
dls,0.001,2229,4.458,0.210642,0.707314,0.867977,32.4976,1
dls,0.001,2230,4.46,0.211394,0.710762,0.871478,32.489,1
dls,0.001,2231,4.462,0.212142,0.714212,0.874967,32.4804,1
dls,0.001,2232,4.464,0.212889,0.717664,0.878445,32.4718,1
dls,0.001,2233,4.466,0.213632,0.721116,0.881911,32.4632,1
dls,0.001,2234,4.468,0.214372,0.72457,0.885365,32.4546,1
dls,0.001,2235,4.47,0.21511,0.728024,0.888805,32.446,1
dls,0.001,2236,4.472,0.215844,0.731478,0.892233,32.4374,1
dls,0.001,2237,4.474,0.216576,0.734932,0.895647,32.4288,1
dls,0.001,2238,4.476,0.217304,0.738387,0.899046,32.4202,1
dls,0.001,2239,4.478,0.218029,0.74184,0.902431,32.4116,1
dls,0.001,2240,4.48,0.21875,0.745293,0.905801,32.4031,1
dls,0.001,2241,4.482,0.219468,0.748745,0.909155,32.3945,1
dls,0.001,2242,4.484,0.220183,0.752196,0.912494,32.386,1
dls,0.001,2243,4.486,0.220894,0.755645,0.915816,32.3774,1
dls,0.001,2244,4.488,0.221602,0.759092,0.919121,32.3689,1
dls,0.001,2245,4.49,0.222305,0.762537,0.922409,32.3604,1
dls,0.001,2246,4.492,0.223005,0.76598,0.92568,32.3519,1
dls,0.001,2247,4.494,0.223702,0.76942,0.928932,32.3435,1
dls,0.001,2248,4.496,0.224394,0.772856,0.932166,32.335,1
dls,0.001,2249,4.498,0.225082,0.77629,0.93538,32.3266,1
dls,0.001,2250,4.5,0.225766,0.779719,0.938576,32.3181,1
dls,0.001,2251,4.502,0.226447,0.783144,0.941751,32.3097,1
dls,0.001,2252,4.504,0.227122,0.786566,0.944906,32.3014,1
dls,0.001,2253,4.506,0.227794,0.789982,0.948041,32.293,1
dls,0.001,2254,4.508,0.228461,0.793394,0.951154,32.2847,1
dls,0.001,2255,4.51,0.229124,0.7968,0.954246,32.2764,1
dls,0.001,2256,4.512,0.229782,0.8002,0.957316,32.2681,1
dls,0.001,2257,4.514,0.230436,0.803595,0.960364,32.2599,1
dls,0.001,2258,4.516,0.231085,0.806983,0.963388,32.2517,1
dls,0.001,2259,4.518,0.23173,0.810365,0.96639,32.2435,1
dls,0.001,2260,4.52,0.232369,0.81374,0.969368,32.2353,1
dls,0.001,2261,4.522,0.233004,0.817107,0.972322,32.2272,1
dls,0.001,2262,4.524,0.233634,0.820467,0.975252,32.2191,1
dls,0.001,2263,4.526,0.234259,0.823819,0.978157,32.211,1
dls,0.001,2264,4.528,0.234879,0.827163,0.981038,32.203,1
dls,0.001,2265,4.53,0.235493,0.830498,0.983892,32.195,1
dls,0.001,2266,4.532,0.236103,0.833824,0.986721,32.1871,1
dls,0.001,2267,4.534,0.236707,0.837141,0.989524,32.1791,1
dls,0.001,2268,4.536,0.237306,0.840448,0.9923,32.1713,1
dls,0.001,2269,4.538,0.2379,0.843745,0.995049,32.1634,1
dls,0.001,2270,4.54,0.238488,0.847032,0.997772,32.1557,1
dls,0.001,2271,4.542,0.239071,0.850308,1.0,32.1479,1
dls,0.001,2272,4.544,0.239648,0.853573,1.0,32.1402,1
dls,0.001,2273,4.546,0.240219,0.856822,1.0,32.1326,1
dls,0.001,2274,4.548,0.240785,0.860054,1.0,32.1252,1
dls,0.001,2275,4.55,0.241345,0.863269,1.0,32.1178,1
dls,0.001,2276,4.552,0.241898,0.866466,1.0,32.1105,1
dls,0.001,2277,4.554,0.242445,0.869644,1.0,32.1033,1
dls,0.001,2278,4.556,0.242986,0.872803,1.0,32.0962,1
dls,0.001,2279,4.558,0.24352,0.875944,1.0,32.0891,1
dls,0.001,2280,4.56,0.244047,0.879065,1.0,32.0821,1
dls,0.001,2281,4.562,0.244568,0.882167,1.0,32.0751,1
dls,0.001,2282,4.564,0.245082,0.88525,1.0,32.0682,1
dls,0.001,2283,4.566,0.24559,0.888313,1.0,32.0614,1
dls,0.001,2284,4.568,0.246091,0.891357,1.0,32.0546,1
dls,0.001,2285,4.57,0.246585,0.894381,1.0,32.0478,1
dls,0.001,2286,4.572,0.247073,0.897384,1.0,32.0412,1
dls,0.001,2287,4.574,0.247554,0.900369,1.0,32.0368,1
dls,0.001,2288,4.576,0.248028,0.903333,1.0,32.0334,1
dls,0.001,2289,4.578,0.248496,0.906277,1.0,32.03,1
dls,0.001,2290,4.58,0.248957,0.909201,1.0,32.0267,1
dls,0.001,2291,4.582,0.249412,0.912106,1.0,32.0233,1
dls,0.001,2292,4.584,0.249861,0.91499,1.0,32.02,1
dls,0.001,2293,4.586,0.250302,0.917854,1.0,32.0167,1
dls,0.001,2294,4.588,0.250738,0.920698,1.0,32.0134,1
dls,0.001,2295,4.59,0.251167,0.923522,1.0,32.0101,1
dls,0.001,2296,4.592,0.25159,0.926326,1.0,32.0068,1
dls,0.001,2297,4.594,0.252006,0.929109,1.0,32.0035,1
dls,0.001,2298,4.596,0.252416,0.931872,1.0,32.0002,1
dls,0.001,2299,4.598,0.25282,0.934615,1.0,31.9969,1
dls,0.001,2300,4.6,0.253217,0.937338,1.0,31.9936,1
dls,0.001,2301,4.602,0.253608,0.940041,1.0,31.9904,1
dls,0.001,2302,4.604,0.253993,0.942723,1.0,31.9871,1
dls,0.001,2303,4.606,0.254372,0.945385,1.0,31.9839,1
dls,0.001,2304,4.608,0.254745,0.948027,1.0,31.9806,1
dls,0.001,2305,4.61,0.255112,0.950648,1.0,31.9774,1
dls,0.001,2306,4.612,0.255473,0.953249,1.0,31.9742,1
dls,0.001,2307,4.614,0.255828,0.95583,1.0,31.971,1
dls,0.001,2308,4.616,0.256177,0.958391,1.0,31.9678,1
dls,0.001,2309,4.618,0.256519,0.960931,1.0,31.9646,1
dls,0.001,2310,4.62,0.256857,0.963451,1.0,31.9614,1
dls,0.001,2311,4.622,0.257188,0.965951,1.0,31.9582,1
dls,0.001,2312,4.624,0.257513,0.96843,1.0,31.9551,1
dls,0.001,2313,4.626,0.257833,0.970889,1.0,31.9519,1
dls,0.001,2314,4.628,0.258147,0.973328,1.0,31.9488,1
dls,0.001,2315,4.63,0.258455,0.975747,1.0,31.9457,1
dls,0.001,2316,4.632,0.258758,0.978146,1.0,31.9425,1
dls,0.001,2317,4.634,0.259055,0.980524,1.0,31.9394,1
dls,0.001,2318,4.636,0.259346,0.982882,1.0,31.9363,1
dls,0.001,2319,4.638,0.259632,0.98522,1.0,31.9333,1
dls,0.001,2320,4.64,0.259913,0.987538,1.0,31.9302,1
dls,0.001,2321,4.642,0.260188,0.989835,1.0,31.9271,1
dls,0.001,2322,4.644,0.260457,0.992113,1.0,31.9241,1
dls,0.001,2323,4.646,0.260722,0.994371,1.0,31.921,1
dls,0.001,2324,4.648,0.260981,0.996608,1.0,31.918,1
dls,0.001,2325,4.65,0.261234,0.998826,1.0,31.915,1
dls,0.001,2326,4.652,0.261483,1.00102,1.0,31.912,1
dls,0.001,2327,4.654,0.261726,1.0032,1.0,31.909,1
dls,0.001,2328,4.656,0.261965,1.00536,1.0,31.906,1
dls,0.001,2329,4.658,0.262198,1.0075,1.0,31.9031,1
dls,0.001,2330,4.66,0.262426,1.00962,1.0,31.9001,1
dls,0.001,2331,4.662,0.262649,1.01172,1.0,31.8972,1
dls,0.001,2332,4.664,0.262867,1.01379,1.0,31.8942,1
dls,0.001,2333,4.666,0.263081,1.01585,1.0,31.8913,1
dls,0.001,2334,4.668,0.263289,1.01789,1.0,31.8884,1
dls,0.001,2335,4.67,0.263493,1.01992,1.0,31.8855,1
dls,0.001,2336,4.672,0.263692,1.02192,1.0,31.8827,1
dls,0.001,2337,4.674,0.263886,1.0239,1.0,31.8798,1
dls,0.001,2338,4.676,0.264075,1.02586,1.0,31.8769,1
dls,0.001,2339,4.678,0.26426,1.02781,1.0,31.8741,1
dls,0.001,2340,4.68,0.264441,1.02973,1.0,31.8713,1
dls,0.001,2341,4.682,0.264616,1.03164,1.0,31.8685,1
dls,0.001,2342,4.684,0.264788,1.03352,1.0,31.8657,1
dls,0.001,2343,4.686,0.264955,1.03539,1.0,31.8629,1
dls,0.001,2344,4.688,0.265118,1.03724,1.0,31.8601,1
dls,0.001,2345,4.69,0.265276,1.03907,1.0,31.8573,1
dls,0.001,2346,4.692,0.26543,1.04088,1.0,31.8546,1
dls,0.001,2347,4.694,0.26558,1.04268,1.0,31.8518,1
dls,0.001,2348,4.696,0.265726,1.04445,1.0,31.8491,1
dls,0.001,2349,4.698,0.265867,1.04621,1.0,31.8464,1
dls,0.001,2350,4.7,0.266005,1.04795,1.0,31.8437,1
dls,0.001,2351,4.702,0.266139,1.04967,1.0,31.841,1
dls,0.001,2352,4.704,0.266268,1.05137,1.0,31.8383,1
dls,0.001,2353,4.706,0.266394,1.05306,1.0,31.8357,1
dls,0.001,2354,4.708,0.266516,1.05473,1.0,31.833,1
dls,0.001,2355,4.71,0.266634,1.05638,1.0,31.8304,1
dls,0.001,2356,4.712,0.266749,1.05801,1.0,31.8277,1
dls,0.001,2357,4.714,0.266859,1.05963,1.0,31.8251,1
dls,0.001,2358,4.716,0.266967,1.06122,1.0,31.8225,1
dls,0.001,2359,4.718,0.26707,1.06281,1.0,31.8199,1
dls,0.001,2360,4.72,0.26717,1.06437,1.0,31.8173,1
dls,0.001,2361,4.722,0.267267,1.06592,1.0,31.8148,1
dls,0.001,2362,4.724,0.26736,1.06745,1.0,31.8122,1
dls,0.001,2363,4.726,0.26745,1.06896,1.0,31.8097,1
dls,0.001,2364,4.728,0.267537,1.07046,1.0,31.8071,1
dls,0.001,2365,4.73,0.26762,1.07194,1.0,31.8046,1
dls,0.001,2366,4.732,0.2677,1.07341,1.0,31.8021,1
dls,0.001,2367,4.734,0.267777,1.07486,1.0,31.7996,1
dls,0.001,2368,4.736,0.267852,1.07629,1.0,31.7971,1
dls,0.001,2369,4.738,0.267923,1.07771,1.0,31.7946,1
dls,0.001,2370,4.74,0.267991,1.07911,1.0,31.7922,1
dls,0.001,2371,4.742,0.268056,1.0805,1.0,31.7897,1
dls,0.001,2372,4.744,0.268118,1.08188,1.0,31.7873,1
dls,0.001,2373,4.746,0.268178,1.08323,1.0,31.7849,1
dls,0.001,2374,4.748,0.268235,1.08458,1.0,31.7824,1
dls,0.001,2375,4.75,0.268289,1.0859,1.0,31.78,1
dls,0.001,2376,4.752,0.268341,1.08722,1.0,31.7776,1
dls,0.001,2377,4.754,0.26839,1.08852,1.0,31.7752,1
dls,0.001,2378,4.756,0.268436,1.0898,1.0,31.7729,1
dls,0.001,2379,4.758,0.26848,1.09107,1.0,31.7705,1
dls,0.001,2380,4.76,0.268522,1.09233,1.0,31.7681,1
dls,0.001,2381,4.762,0.268561,1.09358,1.0,31.7658,1
dls,0.001,2382,4.764,0.268598,1.09481,1.0,31.7635,1
dls,0.001,2383,4.766,0.268633,1.09602,1.0,31.7611,1
dls,0.001,2384,4.768,0.268666,1.09723,1.0,31.7588,1
dls,0.001,2385,4.77,0.268697,1.09842,1.0,31.7565,1
dls,0.001,2386,4.772,0.268725,1.0996,1.0,31.7542,1
dls,0.001,2387,4.774,0.268752,1.10076,1.0,31.752,1
dls,0.001,2388,4.776,0.268776,1.10192,1.0,31.7497,1
dls,0.001,2389,4.778,0.268799,1.10306,1.0,31.7474,1
dls,0.001,2390,4.78,0.26882,1.10419,1.0,31.7452,1
dls,0.001,2391,4.782,0.268839,1.10531,1.0,31.7429,1
dls,0.001,2392,4.784,0.268857,1.10641,1.0,31.7407,1
dls,0.001,2393,4.786,0.268872,1.10751,1.0,31.7385,1
dls,0.001,2394,4.788,0.268887,1.10859,1.0,31.7363,1
dls,0.001,2395,4.79,0.268899,1.10966,1.0,31.7341,1
dls,0.001,2396,4.792,0.26891,1.11072,1.0,31.7319,1
dls,0.001,2397,4.794,0.26892,1.11177,1.0,31.7297,1
dls,0.001,2398,4.796,0.268928,1.11281,1.0,31.7275,1
dls,0.001,2399,4.798,0.268935,1.11385,1.0,31.7253,1
dls,0.001,2400,4.8,0.26894,1.11487,1.0,31.7232,1
dls,0.001,2401,4.802,0.268945,1.11588,1.0,31.721,1
dls,0.001,2402,4.804,0.268948,1.11688,1.0,31.7189,1
dls,0.001,2403,4.806,0.26895,1.11787,1.0,31.7168,1
dls,0.001,2404,4.808,0.268951,1.11885,1.0,31.7147,1
dls,0.001,2405,4.81,0.268951,1.11982,1.0,31.7126,1
dls,0.001,2406,4.812,0.268949,1.12078,1.0,31.7105,1
dls,0.001,2407,4.814,0.268947,1.12174,1.0,31.7084,1
dls,0.001,2408,4.816,0.268944,1.12269,1.0,31.7063,1
dls,0.001,2409,4.818,0.26894,1.12362,1.0,31.7042,1
dls,0.001,2410,4.82,0.268936,1.12455,1.0,31.7022,1
dls,0.001,2411,4.822,0.26893,1.12548,1.0,31.7001,1
dls,0.001,2412,4.824,0.268924,1.12639,1.0,31.6981,1
dls,0.001,2413,4.826,0.268917,1.1273,1.0,31.696,1
dls,0.001,2414,4.828,0.26891,1.1282,1.0,31.694,1
dls,0.001,2415,4.83,0.268902,1.12909,1.0,31.692,1
dls,0.001,2416,4.832,0.268893,1.12997,1.0,31.69,1
dls,0.001,2417,4.834,0.268885,1.13085,1.0,31.688,1
dls,0.001,2418,4.836,0.268875,1.13172,1.0,31.686,1
dls,0.001,2419,4.838,0.268865,1.13259,1.0,31.684,1
dls,0.001,2420,4.84,0.268855,1.13345,1.0,31.682,1
dls,0.001,2421,4.842,0.268845,1.1343,1.0,31.6801,1
dls,0.001,2422,4.844,0.268834,1.13514,1.0,31.6781,1
dls,0.001,2423,4.846,0.268823,1.13599,1.0,31.6762,1
dls,0.001,2424,4.848,0.268812,1.13682,1.0,31.6742,1
dls,0.001,2425,4.85,0.2688,1.13765,1.0,31.6723,1
dls,0.001,2426,4.852,0.268789,1.13848,1.0,31.6704,1
dls,0.001,2427,4.854,0.268777,1.1393,1.0,31.6685,1
dls,0.001,2428,4.856,0.268766,1.14011,1.0,31.6666,1
dls,0.001,2429,4.858,0.268754,1.14092,1.0,31.6647,1
dls,0.001,2430,4.86,0.268743,1.14173,1.0,31.6628,1
dls,0.001,2431,4.862,0.268731,1.14253,1.0,31.6609,1
dls,0.001,2432,4.864,0.26872,1.14333,1.0,31.659,1
dls,0.001,2433,4.866,0.268709,1.14412,1.0,31.6572,1
dls,0.001,2434,4.868,0.268698,1.14491,1.0,31.6553,1
dls,0.001,2435,4.87,0.268687,1.1457,1.0,31.6535,1
dls,0.001,2436,4.872,0.268676,1.14648,1.0,31.6517,1
dls,0.001,2437,4.874,0.268666,1.14726,1.0,31.6498,1
dls,0.001,2438,4.876,0.268656,1.14803,1.0,31.648,1
dls,0.001,2439,4.878,0.268646,1.14881,1.0,31.6462,1
dls,0.001,2440,4.88,0.268637,1.14958,1.0,31.6444,1
dls,0.001,2441,4.882,0.268628,1.15034,1.0,31.6426,1
dls,0.001,2442,4.884,0.268619,1.15111,1.0,31.6408,1
dls,0.001,2443,4.886,0.268611,1.15187,1.0,31.639,1
dls,0.001,2444,4.888,0.268603,1.15263,1.0,31.6373,1
dls,0.001,2445,4.89,0.268596,1.15339,1.0,31.6355,1
dls,0.001,2446,4.892,0.268589,1.15414,1.0,31.6338,1
dls,0.001,2447,4.894,0.268583,1.1549,1.0,31.632,1
dls,0.001,2448,4.896,0.268578,1.15565,1.0,31.6303,1
dls,0.001,2449,4.898,0.268573,1.1564,1.0,31.6286,1
dls,0.001,2450,4.9,0.268568,1.15715,1.0,31.6269,1
dls,0.001,2451,4.902,0.268565,1.1579,1.0,31.6251,1
dls,0.001,2452,4.904,0.268562,1.15864,1.0,31.6234,1
dls,0.001,2453,4.906,0.268559,1.15939,1.0,31.6218,1
dls,0.001,2454,4.908,0.268557,1.16014,1.0,31.6201,1
dls,0.001,2455,4.91,0.268557,1.16088,1.0,31.6184,1
dls,0.001,2456,4.912,0.268556,1.16162,1.0,31.6167,1
dls,0.001,2457,4.914,0.268557,1.16236,1.0,31.6151,1
dls,0.001,2458,4.916,0.268558,1.16311,1.0,31.6134,1
dls,0.001,2459,4.918,0.26856,1.16385,1.0,31.6118,1
dls,0.001,2460,4.92,0.268563,1.16459,1.0,31.6101,1
dls,0.001,2461,4.922,0.268566,1.16533,1.0,31.6085,1
dls,0.001,2462,4.924,0.268571,1.16607,1.0,31.6069,1
dls,0.001,2463,4.926,0.268576,1.16681,1.0,31.6053,1
dls,0.001,2464,4.928,0.268582,1.16755,1.0,31.6037,1
dls,0.001,2465,4.93,0.268589,1.1683,1.0,31.6021,1
dls,0.001,2466,4.932,0.268597,1.16904,1.0,31.6005,1
dls,0.001,2467,4.934,0.268606,1.16978,1.0,31.5989,1
dls,0.001,2468,4.936,0.268615,1.17052,1.0,31.5974,1
dls,0.001,2469,4.938,0.268626,1.17127,1.0,31.5958,1
dls,0.001,2470,4.94,0.268637,1.17201,1.0,31.5943,1
dls,0.001,2471,4.942,0.26865,1.17275,1.0,31.5927,1
dls,0.001,2472,4.944,0.268663,1.1735,1.0,31.5912,1
dls,0.001,2473,4.946,0.268677,1.17425,1.0,31.5896,1
dls,0.001,2474,4.948,0.268693,1.17499,1.0,31.5881,1
dls,0.001,2475,4.95,0.268709,1.17574,1.0,31.5866,1
dls,0.001,2476,4.952,0.268726,1.17649,1.0,31.5851,1
dls,0.001,2477,4.954,0.268744,1.17724,1.0,31.5836,1
dls,0.001,2478,4.956,0.268763,1.17799,1.0,31.5821,1
dls,0.001,2479,4.958,0.268783,1.17875,1.0,31.5806,1
dls,0.001,2480,4.96,0.268804,1.1795,1.0,31.5791,1
dls,0.001,2481,4.962,0.268826,1.18026,1.0,31.5777,1
dls,0.001,2482,4.964,0.268848,1.18102,1.0,31.5762,1
dls,0.001,2483,4.966,0.268872,1.18178,1.0,31.5748,1
dls,0.001,2484,4.968,0.268897,1.18254,1.0,31.5733,1
dls,0.001,2485,4.97,0.268923,1.1833,1.0,31.5719,1
dls,0.001,2486,4.972,0.26895,1.18406,1.0,31.5705,1
dls,0.001,2487,4.974,0.268978,1.18483,1.0,31.569,1
dls,0.001,2488,4.976,0.269006,1.1856,1.0,31.5676,1
dls,0.001,2489,4.978,0.269036,1.18637,1.0,31.5662,1
dls,0.001,2490,4.98,0.269067,1.18714,1.0,31.5648,1
dls,0.001,2491,4.982,0.269098,1.18791,1.0,31.5634,1
dls,0.001,2492,4.984,0.269131,1.18869,1.0,31.562,1
dls,0.001,2493,4.986,0.269165,1.18946,1.0,31.5606,1
dls,0.001,2494,4.988,0.269199,1.19024,1.0,31.5593,1
dls,0.001,2495,4.99,0.269235,1.19102,1.0,31.5579,1
dls,0.001,2496,4.992,0.269271,1.19181,1.0,31.5565,1
dls,0.001,2497,4.994,0.269309,1.19259,1.0,31.5552,1
dls,0.001,2498,4.996,0.269347,1.19338,1.0,31.5539,1
dls,0.001,2499,4.998,0.269386,1.19417,1.0,31.5525,1
dls,0.001,2500,5.0,0.269427,1.19496,1.0,31.5512,1
dls,0.001,2501,5.002,0.269468,1.19575,1.0,31.5499,1
dls,0.001,2502,5.004,0.26951,1.19655,1.0,31.5485,1
dls,0.001,2503,5.006,0.269553,1.19735,1.0,31.5472,1
dls,0.001,2504,5.008,0.269597,1.19815,1.0,31.5459,1
dls,0.001,2505,5.01,0.269642,1.19895,1.0,31.5446,1
dls,0.001,2506,5.012,0.269687,1.19976,1.0,31.5433,1
dls,0.001,2507,5.014,0.269734,1.20056,1.0,31.5421,1
dls,0.001,2508,5.016,0.269781,1.20137,1.0,31.5408,1
dls,0.001,2509,5.018,0.26983,1.20218,1.0,31.5395,1
dls,0.001,2510,5.02,0.269879,1.203,1.0,31.5382,1
dls,0.001,2511,5.022,0.269929,1.20381,1.0,31.537,1
dls,0.001,2512,5.024,0.26998,1.20463,1.0,31.5357,1
dls,0.001,2513,5.026,0.270032,1.20545,1.0,31.5345,1
dls,0.001,2514,5.028,0.270084,1.20627,1.0,31.5332,1
dls,0.001,2515,5.03,0.270138,1.2071,1.0,31.532,1
dls,0.001,2516,5.032,0.270192,1.20792,1.0,31.5308,1
dls,0.001,2517,5.034,0.270247,1.20875,1.0,31.5296,1
dls,0.001,2518,5.036,0.270302,1.20958,1.0,31.5283,1
dls,0.001,2519,5.038,0.270359,1.21042,1.0,31.5271,1
dls,0.001,2520,5.04,0.270416,1.21125,1.0,31.5259,1
dls,0.001,2521,5.042,0.270474,1.21209,1.0,31.5247,1
dls,0.001,2522,5.044,0.270533,1.21293,1.0,31.5235,1
dls,0.001,2523,5.046,0.270593,1.21377,1.0,31.5224,1
dls,0.001,2524,5.048,0.270653,1.21461,1.0,31.5212,1
dls,0.001,2525,5.05,0.270714,1.21546,1.0,31.52,1
dls,0.001,2526,5.052,0.270775,1.21631,1.0,31.5188,1
dls,0.001,2527,5.054,0.270838,1.21716,1.0,31.5177,1
dls,0.001,2528,5.056,0.270901,1.21801,1.0,31.5165,1
dls,0.001,2529,5.058,0.270964,1.21886,1.0,31.5153,1
dls,0.001,2530,5.06,0.271028,1.21972,1.0,31.5142,1
dls,0.001,2531,5.062,0.271093,1.22057,1.0,31.5131,1
dls,0.001,2532,5.064,0.271159,1.22143,1.0,31.5119,1
dls,0.001,2533,5.066,0.271225,1.22229,1.0,31.5108,1
dls,0.001,2534,5.068,0.271292,1.22316,1.0,31.5097,1
dls,0.001,2535,5.07,0.271359,1.22402,1.0,31.5085,1
dls,0.001,2536,5.072,0.271427,1.22489,1.0,31.5074,1
dls,0.001,2537,5.074,0.271495,1.22576,1.0,31.5063,1
dls,0.001,2538,5.076,0.271564,1.22663,1.0,31.5052,1
dls,0.001,2539,5.078,0.271633,1.2275,1.0,31.5041,1
dls,0.001,2540,5.08,0.271703,1.22837,1.0,31.503,1
dls,0.001,2541,5.082,0.271774,1.22925,1.0,31.5019,1
dls,0.001,2542,5.084,0.271845,1.23012,1.0,31.5008,1
dls,0.001,2543,5.086,0.271916,1.231,1.0,31.4997,1
dls,0.001,2544,5.088,0.271988,1.23188,1.0,31.4986,1
dls,0.001,2545,5.09,0.272061,1.23276,1.0,31.4976,1
dls,0.001,2546,5.092,0.272133,1.23365,1.0,31.4965,1
dls,0.001,2547,5.094,0.272207,1.23453,1.0,31.4954,1
dls,0.001,2548,5.096,0.27228,1.23541,1.0,31.4944,1
dls,0.001,2549,5.098,0.272354,1.2363,1.0,31.4933,1
dls,0.001,2550,5.1,0.272429,1.23719,1.0,31.4922,1
dls,0.001,2551,5.102,0.272503,1.23808,1.0,31.4912,1
dls,0.001,2552,5.104,0.272579,1.23897,1.0,31.4901,1
dls,0.001,2553,5.106,0.272654,1.23986,1.0,31.4891,1
dls,0.001,2554,5.108,0.27273,1.24075,1.0,31.4881,1
dls,0.001,2555,5.11,0.272806,1.24165,1.0,31.487,1
dls,0.001,2556,5.112,0.272882,1.24254,1.0,31.486,1
dls,0.001,2557,5.114,0.272959,1.24344,1.0,31.485,1
dls,0.001,2558,5.116,0.273036,1.24433,1.0,31.484,1
dls,0.001,2559,5.118,0.273113,1.24523,1.0,31.4829,1
dls,0.001,2560,5.12,0.273191,1.24613,1.0,31.4819,1
dls,0.001,2561,5.122,0.273269,1.24703,1.0,31.4809,1
dls,0.001,2562,5.124,0.273347,1.24793,1.0,31.4799,1
dls,0.001,2563,5.126,0.273425,1.24883,1.0,31.4789,1
dls,0.001,2564,5.128,0.273503,1.24973,1.0,31.4779,1
dls,0.001,2565,5.13,0.273582,1.25063,1.0,31.4769,1
dls,0.001,2566,5.132,0.273661,1.25154,1.0,31.4759,1
dls,0.001,2567,5.134,0.27374,1.25244,1.0,31.4749,1
dls,0.001,2568,5.136,0.273819,1.25334,1.0,31.4739,1
dls,0.001,2569,5.138,0.273898,1.25425,1.0,31.473,1
dls,0.001,2570,5.14,0.273978,1.25515,1.0,31.472,1
dls,0.001,2571,5.142,0.274057,1.25606,1.0,31.471,1
dls,0.001,2572,5.144,0.274137,1.25696,1.0,31.47,1
dls,0.001,2573,5.146,0.274217,1.25787,1.0,31.4691,1
dls,0.001,2574,5.148,0.274296,1.25877,1.0,31.4681,1
dls,0.001,2575,5.15,0.274376,1.25968,1.0,31.4671,1
dls,0.001,2576,5.152,0.274456,1.26059,1.0,31.4662,1
dls,0.001,2577,5.154,0.274536,1.26149,1.0,31.4652,1
dls,0.001,2578,5.156,0.274616,1.2624,1.0,31.4643,1
dls,0.001,2579,5.158,0.274696,1.2633,1.0,31.4633,1
dls,0.001,2580,5.16,0.274777,1.26421,1.0,31.4624,1
dls,0.001,2581,5.162,0.274857,1.26512,1.0,31.4614,1
dls,0.001,2582,5.164,0.274937,1.26602,1.0,31.4605,1
dls,0.001,2583,5.166,0.275017,1.26693,1.0,31.4596,1
dls,0.001,2584,5.168,0.275097,1.26784,1.0,31.4586,1
dls,0.001,2585,5.17,0.275177,1.26874,1.0,31.4577,1
dls,0.001,2586,5.172,0.275257,1.26965,1.0,31.4568,1
dls,0.001,2587,5.174,0.275337,1.27055,1.0,31.4559,1
dls,0.001,2588,5.176,0.275417,1.27146,1.0,31.4549,1
dls,0.001,2589,5.178,0.275497,1.27236,1.0,31.454,1
dls,0.001,2590,5.18,0.275576,1.27327,1.0,31.4531,1
dls,0.001,2591,5.182,0.275656,1.27417,1.0,31.4522,1
dls,0.001,2592,5.184,0.275736,1.27507,1.0,31.4513,1
dls,0.001,2593,5.186,0.275815,1.27597,1.0,31.4504,1
dls,0.001,2594,5.188,0.275894,1.27688,1.0,31.4495,1
dls,0.001,2595,5.19,0.275973,1.27778,1.0,31.4486,1
dls,0.001,2596,5.192,0.276052,1.27868,1.0,31.4477,1
dls,0.001,2597,5.194,0.276131,1.27958,1.0,31.4468,1
dls,0.001,2598,5.196,0.27621,1.28047,1.0,31.4459,1
dls,0.001,2599,5.198,0.276289,1.28137,1.0,31.445,1
dls,0.001,2600,5.2,0.276367,1.28227,1.0,31.4441,1
dls,0.001,2601,5.202,0.276449,1.28314,1.0,31.4432,1
dls,0.001,2602,5.204,0.276535,1.28398,1.0,31.4424,1
dls,0.001,2603,5.206,0.276625,1.28479,1.0,31.4416,1
dls,0.001,2604,5.208,0.276718,1.28559,1.0,31.4408,1
dls,0.001,2605,5.21,0.276814,1.28636,1.0,31.44,1
dls,0.001,2606,5.212,0.276922,1.28707,1.0,31.4392,1
dls,0.001,2607,5.214,0.277039,1.28771,1.0,31.4385,1
dls,0.001,2608,5.216,0.277166,1.28831,1.0,31.4377,1
dls,0.001,2609,5.218,0.277301,1.28886,1.0,31.4368,1
dls,0.001,2610,5.22,0.277444,1.28939,1.0,31.4358,1
dls,0.001,2611,5.222,0.277595,1.28989,1.0,31.4348,1
dls,0.001,2612,5.224,0.277754,1.29038,1.0,31.4336,1
dls,0.001,2613,5.226,0.277921,1.29085,1.0,31.4324,1
dls,0.001,2614,5.228,0.278096,1.29131,1.0,31.4311,1
dls,0.001,2615,5.23,0.278278,1.29177,1.0,31.4297,1
dls,0.001,2616,5.232,0.278469,1.29223,1.0,31.4283,1
dls,0.001,2617,5.234,0.278667,1.29269,1.0,31.4268,1
dls,0.001,2618,5.236,0.278874,1.29316,1.0,31.4252,1
dls,0.001,2619,5.238,0.279088,1.29363,1.0,31.4236,1
dls,0.001,2620,5.24,0.279311,1.29411,1.0,31.422,1
dls,0.001,2621,5.242,0.279542,1.2946,1.0,31.4203,1
dls,0.001,2622,5.244,0.279782,1.2951,1.0,31.4187,1
dls,0.001,2623,5.246,0.28003,1.29562,1.0,31.417,1
dls,0.001,2624,5.248,0.280287,1.29614,1.0,31.4153,1
dls,0.001,2625,5.25,0.280553,1.29669,1.0,31.4135,1
dls,0.001,2626,5.252,0.280828,1.29724,1.0,31.4118,1
dls,0.001,2627,5.254,0.281111,1.29781,1.0,31.4101,1
dls,0.001,2628,5.256,0.281404,1.2984,1.0,31.4084,1
dls,0.001,2629,5.258,0.281706,1.29901,1.0,31.4066,1
dls,0.001,2630,5.26,0.282017,1.29963,1.0,31.4049,1
dls,0.001,2631,5.262,0.282338,1.30027,1.0,31.4032,1
dls,0.001,2632,5.264,0.282667,1.30093,1.0,31.4015,1
dls,0.001,2633,5.266,0.283007,1.3016,1.0,31.3998,1
dls,0.001,2634,5.268,0.283356,1.3023,1.0,31.3981,1
dls,0.001,2635,5.27,0.283714,1.30301,1.0,31.3965,1
dls,0.001,2636,5.272,0.284083,1.30374,1.0,31.3948,1
dls,0.001,2637,5.274,0.284461,1.30449,1.0,31.3932,1
dls,0.001,2638,5.276,0.284849,1.30526,1.0,31.3915,1
dls,0.001,2639,5.278,0.285247,1.30605,1.0,31.3899,1
dls,0.001,2640,5.28,0.285655,1.30686,1.0,31.3883,1
dls,0.001,2641,5.282,0.286073,1.30769,1.0,31.3867,1
dls,0.001,2642,5.284,0.286502,1.30853,1.0,31.3851,1
dls,0.001,2643,5.286,0.28694,1.3094,1.0,31.3836,1
dls,0.001,2644,5.288,0.287389,1.31029,1.0,31.382,1
dls,0.001,2645,5.29,0.287849,1.3112,1.0,31.3805,1
dls,0.001,2646,5.292,0.288319,1.31212,1.0,31.3789,1
dls,0.001,2647,5.294,0.2888,1.31307,1.0,31.3774,1
dls,0.001,2648,5.296,0.289291,1.31404,1.0,31.3759,1
dls,0.001,2649,5.298,0.289793,1.31503,1.0,31.3744,1
dls,0.001,2650,5.3,0.290306,1.31604,1.0,31.3729,1
dls,0.001,2651,5.302,0.29083,1.31707,1.0,31.3715,1
dls,0.001,2652,5.304,0.291365,1.31812,1.0,31.37,1
dls,0.001,2653,5.306,0.291911,1.31919,1.0,31.3685,1
dls,0.001,2654,5.308,0.292468,1.32028,1.0,31.3671,1
dls,0.001,2655,5.31,0.293037,1.3214,1.0,31.3657,1
dls,0.001,2656,5.312,0.293617,1.32254,1.0,31.3642,1
dls,0.001,2657,5.314,0.294208,1.32369,1.0,31.3628,1
dls,0.001,2658,5.316,0.29481,1.32487,1.0,31.3614,1
dls,0.001,2659,5.318,0.295425,1.32608,1.0,31.36,1
dls,0.001,2660,5.32,0.29605,1.3273,1.0,31.3587,1
dls,0.001,2661,5.322,0.296688,1.32855,1.0,31.3573,1
dls,0.001,2662,5.324,0.297337,1.32981,1.0,31.3559,1
dls,0.001,2663,5.326,0.297999,1.33111,1.0,31.3546,1
dls,0.001,2664,5.328,0.298672,1.33242,1.0,31.3532,1
dls,0.001,2665,5.33,0.299357,1.33375,1.0,31.3519,1
dls,0.001,2666,5.332,0.300055,1.33511,1.0,31.3506,1
dls,0.001,2667,5.334,0.300764,1.3365,1.0,31.3492,1
dls,0.001,2668,5.336,0.301486,1.3379,1.0,31.3479,1
dls,0.001,2669,5.338,0.30222,1.33933,1.0,31.3466,1
dls,0.001,2670,5.34,0.302967,1.34078,1.0,31.3453,1
dls,0.001,2671,5.342,0.303726,1.34226,1.0,31.344,1
dls,0.001,2672,5.344,0.304498,1.34376,1.0,31.3428,1
dls,0.001,2673,5.346,0.305282,1.34528,1.0,31.3415,1
dls,0.001,2674,5.348,0.30608,1.34683,1.0,31.3402,1
dls,0.001,2675,5.35,0.30689,1.3484,1.0,31.339,1
dls,0.001,2676,5.352,0.307713,1.34999,1.0,31.3377,1
dls,0.001,2677,5.354,0.308548,1.35161,1.0,31.3365,1
dls,0.001,2678,5.356,0.309397,1.35326,1.0,31.3352,1
dls,0.001,2679,5.358,0.31026,1.35493,1.0,31.334,1
dls,0.001,2680,5.36,0.311135,1.35662,1.0,31.3328,1
dls,0.001,2681,5.362,0.312024,1.35834,1.0,31.3315,1
dls,0.001,2682,5.364,0.312926,1.36009,1.0,31.3303,1
dls,0.001,2683,5.366,0.313841,1.36186,1.0,31.3291,1
dls,0.001,2684,5.368,0.31477,1.36365,1.0,31.3279,1
dls,0.001,2685,5.37,0.315713,1.36547,1.0,31.3267,1
dls,0.001,2686,5.372,0.316669,1.36732,1.0,31.3256,1
dls,0.001,2687,5.374,0.317639,1.36919,1.0,31.3244,1
dls,0.001,2688,5.376,0.318623,1.37109,1.0,31.3232,1
dls,0.001,2689,5.378,0.31962,1.37302,1.0,31.322,1
dls,0.001,2690,5.38,0.320632,1.37497,1.0,31.3209,1
dls,0.001,2691,5.382,0.321658,1.37695,1.0,31.3197,1
dls,0.001,2692,5.384,0.322698,1.37896,1.0,31.3186,1
dls,0.001,2693,5.386,0.323751,1.38099,1.0,31.3175,1
dls,0.001,2694,5.388,0.32482,1.38305,1.0,31.3163,1
dls,0.001,2695,5.39,0.325902,1.38513,1.0,31.3152,1
dls,0.001,2696,5.392,0.326999,1.38725,1.0,31.3141,1
dls,0.001,2697,5.394,0.32811,1.38939,1.0,31.313,1
dls,0.001,2698,5.396,0.329236,1.39156,1.0,31.3119,1
dls,0.001,2699,5.398,0.330376,1.39375,1.0,31.3108,1
dls,0.001,2700,5.4,0.331531,1.39598,1.0,31.3097,1
dls,0.001,2701,5.402,0.332701,1.39823,1.0,31.3086,1
dls,0.001,2702,5.404,0.333885,1.40051,1.0,31.3075,1
dls,0.001,2703,5.406,0.335085,1.40282,1.0,31.3064,1
dls,0.001,2704,5.408,0.336299,1.40516,1.0,31.3054,1
dls,0.001,2705,5.41,0.337528,1.40752,1.0,31.3043,1
dls,0.001,2706,5.412,0.338772,1.40992,1.0,31.3033,1
dls,0.001,2707,5.414,0.340031,1.41234,1.0,31.3022,1
dls,0.001,2708,5.416,0.341305,1.4148,1.0,31.3012,1
dls,0.001,2709,5.418,0.342594,1.41728,1.0,31.3001,1
dls,0.001,2710,5.42,0.343899,1.41979,1.0,31.2991,1
dls,0.001,2711,5.422,0.345218,1.42233,1.0,31.2981,1
dls,0.001,2712,5.424,0.346553,1.4249,1.0,31.2971,1
dls,0.001,2713,5.426,0.347904,1.4275,1.0,31.2961,1
dls,0.001,2714,5.428,0.34927,1.43013,1.0,31.2951,1
dls,0.001,2715,5.43,0.350651,1.43279,1.0,31.2941,1
dls,0.001,2716,5.432,0.352048,1.43548,1.0,31.2932,1
dls,0.001,2717,5.434,0.35346,1.4382,1.0,31.2922,1
dls,0.001,2718,5.436,0.354888,1.44095,1.0,31.2912,1
dls,0.001,2719,5.438,0.356331,1.44373,1.0,31.2903,1
dls,0.001,2720,5.44,0.35779,1.44654,1.0,31.2893,1
dls,0.001,2721,5.442,0.359265,1.44938,1.0,31.2884,1
dls,0.001,2722,5.444,0.360756,1.45225,1.0,31.2875,1
dls,0.001,2723,5.446,0.362262,1.45516,1.0,31.2866,1
dls,0.001,2724,5.448,0.363784,1.45809,1.0,31.2856,1
dls,0.001,2725,5.45,0.365322,1.46105,1.0,31.2847,1
dls,0.001,2726,5.452,0.366875,1.46405,1.0,31.2839,1
dls,0.001,2727,5.454,0.368445,1.46708,1.0,31.283,1
dls,0.001,2728,5.456,0.370026,1.47014,1.0,31.2829,1
dls,0.001,2729,5.458,0.371609,1.47322,1.0,31.2848,1
dls,0.001,2730,5.46,0.373187,1.47631,1.0,31.2886,1
dls,0.001,2731,5.462,0.374755,1.4794,1.0,31.2938,1
dls,0.001,2732,5.464,0.376308,1.48247,1.0,31.3003,1
dls,0.001,2733,5.466,0.377843,1.48553,1.0,31.3076,1
dls,0.001,2734,5.468,0.379352,1.48854,1.0,31.3168,1
dls,0.001,2735,5.47,0.380834,1.49151,1.0,31.3264,1
dls,0.001,2736,5.472,0.382291,1.49443,1.0,31.3359,1
dls,0.001,2737,5.474,0.383722,1.49729,1.0,31.3452,1
dls,0.001,2738,5.476,0.385127,1.50011,1.0,31.3544,1
dls,0.001,2739,5.478,0.386506,1.50287,1.0,31.3634,1
dls,0.001,2740,5.48,0.38786,1.50559,1.0,31.3723,1
dls,0.001,2741,5.482,0.389187,1.50825,1.0,31.3809,1
dls,0.001,2742,5.484,0.390488,1.51086,1.0,31.3894,1
dls,0.001,2743,5.486,0.391764,1.51343,1.0,31.3977,1
dls,0.001,2744,5.488,0.393014,1.51594,1.0,31.4058,1
dls,0.001,2745,5.49,0.394238,1.5184,1.0,31.4138,1
dls,0.001,2746,5.492,0.395436,1.52081,1.0,31.4216,1
dls,0.001,2747,5.494,0.396608,1.52318,1.0,31.4292,1
dls,0.001,2748,5.496,0.397755,1.52549,1.0,31.4367,1
dls,0.001,2749,5.498,0.398876,1.52775,1.0,31.4441,1
dls,0.001,2750,5.5,0.399971,1.52996,1.0,31.4512,1
dls,0.001,2751,5.502,0.401041,1.53213,1.0,31.4583,1
dls,0.001,2752,5.504,0.402084,1.53424,1.0,31.4652,1
dls,0.001,2753,5.506,0.403103,1.5363,1.0,31.4719,1
dls,0.001,2754,5.508,0.404095,1.53832,1.0,31.4786,1
dls,0.001,2755,5.51,0.405067,1.54028,1.0,31.4839,1
dls,0.001,2756,5.512,0.406014,1.54221,1.0,31.49,1
dls,0.001,2757,5.514,0.406942,1.54409,1.0,31.4948,1
dls,0.001,2758,5.516,0.40785,1.54593,1.0,31.4993,1
dls,0.001,2759,5.518,0.408738,1.54774,1.0,31.5036,1
dls,0.001,2760,5.52,0.409608,1.54951,1.0,31.5078,1
dls,0.001,2761,5.522,0.410458,1.55125,1.0,31.5119,1
dls,0.001,2762,5.524,0.41129,1.55295,1.0,31.5158,1
dls,0.001,2763,5.526,0.412103,1.55461,1.0,31.5195,1
dls,0.001,2764,5.528,0.412898,1.55624,1.0,31.5232,1
dls,0.001,2765,5.53,0.413675,1.55784,1.0,31.5266,1
dls,0.001,2766,5.532,0.414435,1.5594,1.0,31.53,1
dls,0.001,2767,5.534,0.415177,1.56092,1.0,31.5331,1
dls,0.001,2768,5.536,0.415903,1.56242,1.0,31.5361,1
dls,0.001,2769,5.538,0.416612,1.56387,1.0,31.539,1
dls,0.001,2770,5.54,0.417305,1.5653,1.0,31.5417,1
dls,0.001,2771,5.542,0.417983,1.5667,1.0,31.5443,1
dls,0.001,2772,5.544,0.418644,1.56806,1.0,31.5467,1
dls,0.001,2773,5.546,0.419291,1.56939,1.0,31.549,1
dls,0.001,2774,5.548,0.419923,1.57069,1.0,31.5512,1
dls,0.001,2775,5.55,0.42054,1.57197,1.0,31.5532,1
dls,0.001,2776,5.552,0.421143,1.57321,1.0,31.5551,1
dls,0.001,2777,5.554,0.421733,1.57443,1.0,31.5568,1
dls,0.001,2778,5.556,0.422309,1.57561,1.0,31.5585,1
dls,0.001,2779,5.558,0.422871,1.57678,1.0,31.56,1
dls,0.001,2780,5.56,0.423421,1.57791,1.0,31.5614,1
dls,0.001,2781,5.562,0.423958,1.57902,1.0,31.5628,1
dls,0.001,2782,5.564,0.424482,1.5801,1.0,31.564,1
dls,0.001,2783,5.566,0.424995,1.58116,1.0,31.5651,1
dls,0.001,2784,5.568,0.425495,1.5822,1.0,31.5661,1
dls,0.001,2785,5.57,0.425984,1.58321,1.0,31.567,1
dls,0.001,2786,5.572,0.426462,1.5842,1.0,31.5678,1
dls,0.001,2787,5.574,0.426928,1.58516,1.0,31.5685,1
dls,0.001,2788,5.576,0.427384,1.58611,1.0,31.5692,1
dls,0.001,2789,5.578,0.427829,1.58703,1.0,31.5698,1
dls,0.001,2790,5.58,0.428264,1.58793,1.0,31.5702,1
dls,0.001,2791,5.582,0.428689,1.58881,1.0,31.5707,1
dls,0.001,2792,5.584,0.429104,1.58967,1.0,31.571,1
dls,0.001,2793,5.586,0.429509,1.59052,1.0,31.5713,1
dls,0.001,2794,5.588,0.429905,1.59134,1.0,31.5715,1
dls,0.001,2795,5.59,0.430292,1.59214,1.0,31.5716,1
dls,0.001,2796,5.592,0.43067,1.59293,1.0,31.5717,1
dls,0.001,2797,5.594,0.431038,1.59369,1.0,31.5717,1
dls,0.001,2798,5.596,0.431398,1.59444,1.0,31.5717,1
dls,0.001,2799,5.598,0.43175,1.59517,1.0,31.5716,1
dls,0.001,2800,5.6,0.432043,1.59579,1.0,31.5674,1
dls,0.001,2801,5.602,0.432283,1.5963,1.0,31.56,1
dls,0.001,2802,5.604,0.432477,1.59673,1.0,31.55,1
dls,0.001,2803,5.606,0.43263,1.59708,1.0,31.5379,1
dls,0.001,2804,5.608,0.432747,1.59738,1.0,31.5239,1
dls,0.001,2805,5.61,0.432834,1.59762,1.0,31.5086,1
dls,0.001,2806,5.612,0.432895,1.59782,1.0,31.492,1
dls,0.001,2807,5.614,0.432933,1.59798,1.0,31.4746,1
dls,0.001,2808,5.616,0.432953,1.59812,1.0,31.4564,1
dls,0.001,2809,5.618,0.432957,1.59823,1.0,31.4377,1
dls,0.001,2810,5.62,0.432949,1.59832,1.0,31.4187,1
dls,0.001,2811,5.622,0.432929,1.59839,1.0,31.3994,1
dls,0.001,2812,5.624,0.4329,1.59844,1.0,31.38,1
dls,0.001,2813,5.626,0.432865,1.59848,1.0,31.3606,1
dls,0.001,2814,5.628,0.432824,1.59851,1.0,31.3412,1
dls,0.001,2815,5.63,0.432778,1.59853,1.0,31.322,1
dls,0.001,2816,5.632,0.432729,1.59854,1.0,31.3029,1
dls,0.001,2817,5.634,0.432677,1.59854,1.0,31.284,1
dls,0.001,2818,5.636,0.432624,1.59853,1.0,31.2654,1
dls,0.001,2819,5.638,0.43257,1.59852,1.0,31.2471,1
dls,0.001,2820,5.64,0.432515,1.59851,1.0,31.229,1
dls,0.001,2821,5.642,0.43246,1.59848,1.0,31.2113,1
dls,0.001,2822,5.644,0.432406,1.59846,1.0,31.194,1
dls,0.001,2823,5.646,0.432352,1.59843,1.0,31.1769,1
dls,0.001,2824,5.648,0.432299,1.59839,1.0,31.1603,1
dls,0.001,2825,5.65,0.432248,1.59836,1.0,31.1439,1
dls,0.001,2826,5.652,0.432197,1.59832,1.0,31.1279,1
dls,0.001,2827,5.654,0.432148,1.59828,1.0,31.1123,1
dls,0.001,2828,5.656,0.4321,1.59823,1.0,31.097,1
dls,0.001,2829,5.658,0.432054,1.59819,1.0,31.0821,1
dls,0.001,2830,5.66,0.432009,1.59814,1.0,31.0675,1
dls,0.001,2831,5.662,0.431965,1.5981,1.0,31.0533,1
dls,0.001,2832,5.664,0.431923,1.59805,1.0,31.0394,1
dls,0.001,2833,5.666,0.431883,1.598,1.0,31.0258,1
dls,0.001,2834,5.668,0.431844,1.59795,1.0,31.0125,1
dls,0.001,2835,5.67,0.431807,1.5979,1.0,30.9999,1
dls,0.001,2836,5.672,0.431771,1.59785,1.0,30.9879,1
dls,0.001,2837,5.674,0.431737,1.5978,1.0,30.9765,1
dls,0.001,2838,5.676,0.431704,1.59776,1.0,30.9658,1
dls,0.001,2839,5.678,0.431672,1.59771,1.0,30.9556,1
dls,0.001,2840,5.68,0.431642,1.59767,1.0,30.946,1
dls,0.001,2841,5.682,0.431614,1.59762,1.0,30.937,1
dls,0.001,2842,5.684,0.431586,1.59758,1.0,30.9286,1
dls,0.001,2843,5.686,0.43156,1.59755,1.0,30.9207,1
dls,0.001,2844,5.688,0.431535,1.59751,1.0,30.9133,1
dls,0.001,2845,5.69,0.431511,1.59748,1.0,30.9064,1
dls,0.001,2846,5.692,0.431488,1.59745,1.0,30.8999,1
dls,0.001,2847,5.694,0.431466,1.59742,1.0,30.894,1
dls,0.001,2848,5.696,0.431445,1.5974,1.0,30.8884,1
dls,0.001,2849,5.698,0.431424,1.59738,1.0,30.8833,1
dls,0.001,2850,5.7,0.431405,1.59736,1.0,30.8785,1
dls,0.001,2851,5.702,0.431386,1.59734,1.0,30.8741,1
dls,0.001,2852,5.704,0.431368,1.59732,1.0,30.8701,1
dls,0.001,2853,5.706,0.43135,1.59731,1.0,30.8664,1
dls,0.001,2854,5.708,0.431333,1.5973,1.0,30.863,1
dls,0.001,2855,5.71,0.431316,1.59729,1.0,30.8599,1
dls,0.001,2856,5.712,0.4313,1.59729,1.0,30.8571,1
dls,0.001,2857,5.714,0.431284,1.59728,1.0,30.8545,1
dls,0.001,2858,5.716,0.431269,1.59728,1.0,30.8522,1
dls,0.001,2859,5.718,0.431254,1.59728,1.0,30.8502,1
dls,0.001,2860,5.72,0.431239,1.59729,1.0,30.8483,1
dls,0.001,2861,5.722,0.431224,1.59729,1.0,30.8467,1
dls,0.001,2862,5.724,0.43121,1.59729,1.0,30.8453,1
dls,0.001,2863,5.726,0.431195,1.5973,1.0,30.844,1
dls,0.001,2864,5.728,0.431181,1.59731,1.0,30.8429,1
dls,0.001,2865,5.73,0.431167,1.59732,1.0,30.842,1
dls,0.001,2866,5.732,0.431154,1.59733,1.0,30.8412,1
dls,0.001,2867,5.734,0.43114,1.59734,1.0,30.8405,1
dls,0.001,2868,5.736,0.431126,1.59736,1.0,30.84,1
dls,0.001,2869,5.738,0.431113,1.59737,1.0,30.8396,1
dls,0.001,2870,5.74,0.431099,1.59739,1.0,30.8393,1
dls,0.001,2871,5.742,0.431086,1.5974,1.0,30.8391,1
dls,0.001,2872,5.744,0.431073,1.59742,1.0,30.839,1
dls,0.001,2873,5.746,0.43106,1.59744,1.0,30.839,1
dls,0.001,2874,5.748,0.431047,1.59746,1.0,30.8391,1
dls,0.001,2875,5.75,0.431034,1.59748,1.0,30.8392,1
dls,0.001,2876,5.752,0.431021,1.5975,1.0,30.8394,1
dls,0.001,2877,5.754,0.431008,1.59752,1.0,30.8396,1
dls,0.001,2878,5.756,0.430995,1.59754,1.0,30.8399,1
dls,0.001,2879,5.758,0.430982,1.59756,1.0,30.8403,1
dls,0.001,2880,5.76,0.43097,1.59759,1.0,30.8407,1
dls,0.001,2881,5.762,0.430957,1.59761,1.0,30.8411,1
dls,0.001,2882,5.764,0.430944,1.59763,1.0,30.8416,1
dls,0.001,2883,5.766,0.430932,1.59765,1.0,30.8421,1
dls,0.001,2884,5.768,0.43092,1.59768,1.0,30.8426,1
dls,0.001,2885,5.77,0.430907,1.5977,1.0,30.8432,1
dls,0.001,2886,5.772,0.430895,1.59773,1.0,30.8438,1
dls,0.001,2887,5.774,0.430883,1.59775,1.0,30.8444,1
dls,0.001,2888,5.776,0.43087,1.59778,1.0,30.8451,1
dls,0.001,2889,5.778,0.430857,1.59781,1.0,30.8457,1
dls,0.001,2890,5.78,0.430845,1.59784,1.0,30.8464,1
dls,0.001,2891,5.782,0.430832,1.59787,1.0,30.8471,1
dls,0.001,2892,5.784,0.430819,1.5979,1.0,30.8478,1
dls,0.001,2893,5.786,0.430805,1.59793,1.0,30.8485,1
dls,0.001,2894,5.788,0.430792,1.59795,1.0,30.8492,1
dls,0.001,2895,5.79,0.430779,1.59798,1.0,30.8499,1
dls,0.001,2896,5.792,0.430766,1.59801,1.0,30.8506,1
dls,0.001,2897,5.794,0.430753,1.59804,1.0,30.8512,1
dls,0.001,2898,5.796,0.43074,1.59806,1.0,30.8519,1
dls,0.001,2899,5.798,0.430727,1.59809,1.0,30.8526,1
dls,0.001,2900,5.8,0.430714,1.59811,1.0,30.8533,1
dls,0.001,2901,5.802,0.430702,1.59814,1.0,30.8539,1
dls,0.001,2902,5.804,0.430689,1.59816,1.0,30.8546,1
dls,0.001,2903,5.806,0.430677,1.59819,1.0,30.8553,1
dls,0.001,2904,5.808,0.430665,1.59821,1.0,30.8559,1
dls,0.001,2905,5.81,0.430653,1.59823,1.0,30.8565,1
dls,0.001,2906,5.812,0.430641,1.59825,1.0,30.8572,1
dls,0.001,2907,5.814,0.430629,1.59827,1.0,30.8578,1
dls,0.001,2908,5.816,0.430617,1.59829,1.0,30.8584,1
dls,0.001,2909,5.818,0.430606,1.59831,1.0,30.859,1
dls,0.001,2910,5.82,0.430594,1.59833,1.0,30.8595,1
dls,0.001,2911,5.822,0.430583,1.59835,1.0,30.8601,1
dls,0.001,2912,5.824,0.430572,1.59837,1.0,30.8606,1
dls,0.001,2913,5.826,0.430561,1.59839,1.0,30.8612,1
dls,0.001,2914,5.828,0.43055,1.5984,1.0,30.8617,1
dls,0.001,2915,5.83,0.43054,1.59842,1.0,30.8622,1
dls,0.001,2916,5.832,0.430529,1.59844,1.0,30.8627,1
dls,0.001,2917,5.834,0.430519,1.59845,1.0,30.8632,1
dls,0.001,2918,5.836,0.430509,1.59847,1.0,30.8636,1
dls,0.001,2919,5.838,0.430499,1.59848,1.0,30.8641,1
dls,0.001,2920,5.84,0.430489,1.5985,1.0,30.8645,1
dls,0.001,2921,5.842,0.430479,1.59851,1.0,30.8649,1
dls,0.001,2922,5.844,0.430469,1.59852,1.0,30.8654,1
dls,0.001,2923,5.846,0.43046,1.59854,1.0,30.8657,1
dls,0.001,2924,5.848,0.430451,1.59855,1.0,30.8661,1
dls,0.001,2925,5.85,0.430441,1.59856,1.0,30.8665,1
dls,0.001,2926,5.852,0.430432,1.59857,1.0,30.8668,1
dls,0.001,2927,5.854,0.430423,1.59858,1.0,30.8672,1
dls,0.001,2928,5.856,0.430414,1.59859,1.0,30.8675,1
dls,0.001,2929,5.858,0.430406,1.5986,1.0,30.8678,1
dls,0.001,2930,5.86,0.430397,1.59861,1.0,30.8681,1
dls,0.001,2931,5.862,0.430388,1.59862,1.0,30.8684,1
dls,0.001,2932,5.864,0.43038,1.59863,1.0,30.8687,1
dls,0.001,2933,5.866,0.430372,1.59864,1.0,30.869,1
dls,0.001,2934,5.868,0.430364,1.59865,1.0,30.8692,1
dls,0.001,2935,5.87,0.430356,1.59866,1.0,30.8694,1
dls,0.001,2936,5.872,0.430348,1.59867,1.0,30.8697,1
dls,0.001,2937,5.874,0.43034,1.59868,1.0,30.8699,1
dls,0.001,2938,5.876,0.430332,1.59868,1.0,30.8701,1
dls,0.001,2939,5.878,0.430325,1.59869,1.0,30.8703,1
dls,0.001,2940,5.88,0.430317,1.5987,1.0,30.8705,1
dls,0.001,2941,5.882,0.43031,1.59871,1.0,30.8707,1
dls,0.001,2942,5.884,0.430303,1.59871,1.0,30.8709,1
dls,0.001,2943,5.886,0.430296,1.59872,1.0,30.871,1
dls,0.001,2944,5.888,0.430289,1.59872,1.0,30.8712,1
dls,0.001,2945,5.89,0.430282,1.59873,1.0,30.8713,1
dls,0.001,2946,5.892,0.430275,1.59874,1.0,30.8715,1
dls,0.001,2947,5.894,0.430268,1.59874,1.0,30.8716,1
dls,0.001,2948,5.896,0.430262,1.59875,1.0,30.8718,1
dls,0.001,2949,5.898,0.430256,1.59875,1.0,30.8719,1
dls,0.001,2950,5.9,0.430249,1.59876,1.0,30.872,1
dls,0.001,2951,5.902,0.430243,1.59876,1.0,30.8721,1
dls,0.001,2952,5.904,0.430237,1.59876,1.0,30.8722,1
dls,0.001,2953,5.906,0.430231,1.59877,1.0,30.8723,1
dls,0.001,2954,5.908,0.430226,1.59877,1.0,30.8724,1
dls,0.001,2955,5.91,0.43022,1.59878,1.0,30.8725,1
dls,0.001,2956,5.912,0.430214,1.59878,1.0,30.8726,1
dls,0.001,2957,5.914,0.430209,1.59878,1.0,30.8727,1
dls,0.001,2958,5.916,0.430204,1.59879,1.0,30.8728,1
dls,0.001,2959,5.918,0.430199,1.59879,1.0,30.8728,1
dls,0.001,2960,5.92,0.430194,1.59879,1.0,30.8729,1
dls,0.001,2961,5.922,0.430189,1.5988,1.0,30.873,1
dls,0.001,2962,5.924,0.430184,1.5988,1.0,30.873,1
dls,0.001,2963,5.926,0.430179,1.5988,1.0,30.8731,1
dls,0.001,2964,5.928,0.430175,1.5988,1.0,30.8731,1
dls,0.001,2965,5.93,0.43017,1.59881,1.0,30.8732,1
dls,0.001,2966,5.932,0.430166,1.59881,1.0,30.8733,1
dls,0.001,2967,5.934,0.430162,1.59881,1.0,30.8733,1
dls,0.001,2968,5.936,0.430158,1.59881,1.0,30.8734,1
dls,0.001,2969,5.938,0.430154,1.59882,1.0,30.8734,1
dls,0.001,2970,5.94,0.43015,1.59882,1.0,30.8734,1
dls,0.001,2971,5.942,0.430146,1.59882,1.0,30.8735,1
dls,0.001,2972,5.944,0.430143,1.59882,1.0,30.8735,1
dls,0.001,2973,5.946,0.430139,1.59882,1.0,30.8736,1
dls,0.001,2974,5.948,0.430136,1.59882,1.0,30.8736,1
dls,0.001,2975,5.95,0.430133,1.59883,1.0,30.8736,1
dls,0.001,2976,5.952,0.430129,1.59883,1.0,30.8737,1
dls,0.001,2977,5.954,0.430127,1.59883,1.0,30.8737,1
dls,0.001,2978,5.956,0.430124,1.59883,1.0,30.8737,1
dls,0.001,2979,5.958,0.430121,1.59883,1.0,30.8738,1
dls,0.001,2980,5.96,0.430118,1.59883,1.0,30.8738,1
dls,0.001,2981,5.962,0.430116,1.59883,1.0,30.8738,1
dls,0.001,2982,5.964,0.430113,1.59883,1.0,30.8739,1
dls,0.001,2983,5.966,0.430111,1.59883,1.0,30.8739,1
dls,0.001,2984,5.968,0.430109,1.59883,1.0,30.8739,1
dls,0.001,2985,5.97,0.430107,1.59883,1.0,30.8739,1
dls,0.001,2986,5.972,0.430105,1.59883,1.0,30.874,1
dls,0.001,2987,5.974,0.430103,1.59883,1.0,30.874,1
dls,0.001,2988,5.976,0.430102,1.59883,1.0,30.874,1
dls,0.001,2989,5.978,0.4301,1.59883,1.0,30.874,1
dls,0.001,2990,5.98,0.430099,1.59883,1.0,30.8741,1
dls,0.001,2991,5.982,0.430097,1.59883,1.0,30.8741,1
dls,0.001,2992,5.984,0.430096,1.59883,1.0,30.8741,1
dls,0.001,2993,5.986,0.430095,1.59883,1.0,30.8741,1
dls,0.001,2994,5.988,0.430094,1.59883,1.0,30.8742,1
dls,0.001,2995,5.99,0.430094,1.59883,1.0,30.8742,1
dls,0.001,2996,5.992,0.430093,1.59883,1.0,30.8742,1
dls,0.001,2997,5.994,0.430092,1.59883,1.0,30.8742,1
dls,0.001,2998,5.996,0.430092,1.59883,1.0,30.8743,1
dls,0.001,2999,5.998,0.430092,1.59883,1.0,30.8743,1
dls,0.01,0,0.0,6.84228e-49,2.46519e-32,2.46489e-32,12.6544,0
dls,0.01,1,0.002,2.81556e-05,6.01251e-05,3.63136e-05,12.654,0
dls,0.01,2,0.004,7.75883e-05,0.000165632,9.49025e-05,12.6534,0
dls,0.01,3,0.006,0.000143486,0.000305564,0.000168845,12.6526,0
dls,0.01,4,0.008,0.000222216,0.000471858,0.000254159,12.6517,0
dls,0.01,5,0.01,0.000310916,0.000658377,0.000348169,12.6508,0
dls,0.01,6,0.012,0.000407281,0.000860301,0.000448894,12.6497,0
dls,0.01,7,0.014,0.000509443,0.00107378,0.000554791,12.6487,0
dls,0.01,8,0.016,0.00061588,0.00129569,0.000664627,12.6476,0
dls,0.01,9,0.018,0.000725354,0.00152352,0.00077741,12.6465,0
dls,0.01,10,0.02,0.000836856,0.00175521,0.000892335,12.6454,0
dls,0.01,11,0.022,0.00094957,0.00198912,0.00100875,12.6443,0
dls,0.01,12,0.024,0.00106283,0.00222389,0.00112612,12.6432,0
dls,0.01,13,0.026,0.00117611,0.00245845,0.00124403,12.642,0
dls,0.01,14,0.028,0.00128898,0.00269193,0.00136214,12.6409,0
dls,0.01,15,0.03,0.00140108,0.00292363,0.00148016,12.6399,0
dls,0.01,16,0.032,0.00151216,0.00315299,0.00159787,12.6388,0
dls,0.01,17,0.034,0.00162198,0.0033796,0.00171511,12.6377,0
dls,0.01,18,0.036,0.00173039,0.0036031,0.00183172,12.6367,0
dls,0.01,19,0.038,0.00183726,0.00382324,0.00194762,12.6357,0
dls,0.01,20,0.04,0.00194248,0.00403982,0.00206271,12.6347,0
dls,0.01,21,0.042,0.00204598,0.0042527,0.00217693,12.6337,0
dls,0.01,22,0.044,0.00214772,0.00446178,0.00229024,12.6328,0
dls,0.01,23,0.046,0.00224765,0.00466698,0.00240261,12.6319,0
dls,0.01,24,0.048,0.00234576,0.00486827,0.002514,12.631,0
dls,0.01,25,0.05,0.00244204,0.00506564,0.00262441,12.6301,0
dls,0.01,26,0.052,0.00253648,0.00525909,0.00273384,12.6292,0
dls,0.01,27,0.054,0.0026291,0.00544862,0.00284227,12.6284,0
dls,0.01,28,0.056,0.0027199,0.00563429,0.00294972,12.6276,0
dls,0.01,29,0.058,0.00280891,0.00581611,0.0030562,12.6268,0
dls,0.01,30,0.06,0.00289614,0.00599414,0.00316171,12.6261,0
dls,0.01,31,0.062,0.00298163,0.00616843,0.00326626,12.6253,0
dls,0.01,32,0.064,0.00306538,0.00633904,0.00336988,12.6246,0
dls,0.01,33,0.066,0.00314745,0.00650602,0.00347257,12.6239,0
dls,0.01,34,0.068,0.00322784,0.00666943,0.00357435,12.6233,0
dls,0.01,35,0.07,0.0033066,0.00682935,0.00367524,12.6226,0
dls,0.01,36,0.072,0.00338375,0.00698583,0.00377526,12.622,0
dls,0.01,37,0.074,0.00345932,0.00713893,0.00387442,12.6214,0
dls,0.01,38,0.076,0.00353335,0.00728874,0.00397274,12.6208,0
dls,0.01,39,0.078,0.00360586,0.0074353,0.00407025,12.6203,0
dls,0.01,40,0.08,0.0036769,0.00757869,0.00416695,12.6198,0
dls,0.01,41,0.082,0.00374648,0.00771897,0.00426287,12.6192,0
dls,0.01,42,0.084,0.00381464,0.00785621,0.00435803,12.6188,0
dls,0.01,43,0.086,0.0038814,0.00799046,0.00445243,12.6183,0
dls,0.01,44,0.088,0.00394681,0.0081218,0.0045461,12.6178,0
dls,0.01,45,0.09,0.00401089,0.00825028,0.00463906,12.6174,0
dls,0.01,46,0.092,0.00407366,0.00837596,0.00473132,12.617,0
dls,0.01,47,0.094,0.00413515,0.00849891,0.0048229,12.6166,0
dls,0.01,48,0.096,0.0041954,0.00861918,0.00491381,12.6163,0
dls,0.01,49,0.098,0.00425443,0.00873683,0.00500407,12.6159,0
dls,0.01,50,0.1,0.00431227,0.00885191,0.00509369,12.6156,0
dls,0.01,51,0.102,0.00436894,0.00896449,0.00518269,12.6153,0
dls,0.01,52,0.104,0.00442447,0.00907461,0.00527109,12.615,0
dls,0.01,53,0.106,0.00447889,0.00918233,0.00535889,12.6147,0
dls,0.01,54,0.108,0.00453221,0.00928771,0.00544612,12.6145,0
dls,0.01,55,0.11,0.00458447,0.00939078,0.00553278,12.6143,0
dls,0.01,56,0.112,0.00463569,0.00949161,0.00561888,12.614,0
dls,0.01,57,0.114,0.00468589,0.00959024,0.00570445,12.6139,0
dls,0.01,58,0.116,0.00473509,0.00968671,0.00578949,12.6137,0
dls,0.01,59,0.118,0.00478331,0.00978109,0.00587401,12.6135,0
dls,0.01,60,0.12,0.00483059,0.0098734,0.00595803,12.6134,0
dls,0.01,61,0.122,0.00487693,0.00996371,0.00604156,12.6133,0
dls,0.01,62,0.124,0.00492236,0.010052,0.00612461,12.6132,0
dls,0.01,63,0.126,0.0049669,0.0101384,0.00620719,12.6131,0
dls,0.01,64,0.128,0.00501058,0.010223,0.00628931,12.6131,0
dls,0.01,65,0.13,0.0050534,0.0103056,0.00637099,12.613,0
dls,0.01,66,0.132,0.00509539,0.0103865,0.00645222,12.613,0
dls,0.01,67,0.134,0.00513657,0.0104656,0.00653303,12.613,0
dls,0.01,68,0.136,0.00517696,0.010543,0.00661342,12.613,0
dls,0.01,69,0.138,0.00521656,0.0106187,0.00669339,12.613,0
dls,0.01,70,0.14,0.00525541,0.0106928,0.00677297,12.6131,0
dls,0.01,71,0.142,0.00529352,0.0107652,0.00685216,12.6131,0
dls,0.01,72,0.144,0.0053309,0.0108361,0.00693097,12.6132,0
dls,0.01,73,0.146,0.00536758,0.0109054,0.0070094,12.6133,0
dls,0.01,74,0.148,0.00540356,0.0109732,0.00708747,12.6134,0
dls,0.01,75,0.15,0.00543886,0.0110395,0.00716518,12.6136,0
dls,0.01,76,0.152,0.00547351,0.0111044,0.00724255,12.6137,0
dls,0.01,77,0.154,0.0055075,0.0111679,0.00731957,12.6139,0
dls,0.01,78,0.156,0.00554087,0.0112299,0.00739626,12.6141,0
dls,0.01,79,0.158,0.00557362,0.0112907,0.00747262,12.6143,0
dls,0.01,80,0.16,0.00560576,0.0113501,0.00754866,12.6145,0
dls,0.01,81,0.162,0.00563731,0.0114082,0.00762439,12.6147,0
dls,0.01,82,0.164,0.00566829,0.0114651,0.00769982,12.615,0
dls,0.01,83,0.166,0.0056987,0.0115207,0.00777495,12.6153,0
dls,0.01,84,0.168,0.00572856,0.0115751,0.00784978,12.6155,0
dls,0.01,85,0.17,0.00575789,0.0116283,0.00792433,12.6158,0
dls,0.01,86,0.172,0.00578669,0.0116804,0.0079986,12.6162,0
dls,0.01,87,0.174,0.00581497,0.0117313,0.0080726,12.6165,0
dls,0.01,88,0.176,0.00584275,0.0117811,0.00814633,12.6168,0
dls,0.01,89,0.178,0.00587004,0.0118298,0.0082198,12.6172,0
dls,0.01,90,0.18,0.00589686,0.0118775,0.00829301,12.6176,0
dls,0.01,91,0.182,0.0059232,0.0119242,0.00836598,12.618,0
dls,0.01,92,0.184,0.00594909,0.0119698,0.00843869,12.6184,0
dls,0.01,93,0.186,0.00597453,0.0120144,0.00851117,12.6188,0
dls,0.01,94,0.188,0.00599953,0.0120581,0.00858342,12.6193,0
dls,0.01,95,0.19,0.0060241,0.0121008,0.00865543,12.6197,0
dls,0.01,96,0.192,0.00604826,0.0121426,0.00872722,12.6202,0
dls,0.01,97,0.194,0.00607201,0.0121835,0.00879879,12.6207,0
dls,0.01,98,0.196,0.00609536,0.0122235,0.00887015,12.6212,0
dls,0.01,99,0.198,0.00611832,0.0122626,0.00894129,12.6217,0
dls,0.01,100,0.2,0.0061409,0.0123009,0.00901223,12.6222,0
dls,0.01,101,0.202,0.00616311,0.0123383,0.00908297,12.6228,0
dls,0.01,102,0.204,0.00618496,0.0123749,0.00915351,12.6234,0
dls,0.01,103,0.206,0.00620645,0.0124108,0.00922385,12.6239,0
dls,0.01,104,0.208,0.0062276,0.0124458,0.00929401,12.6245,0
dls,0.01,105,0.21,0.00624841,0.0124801,0.00936398,12.6252,0
dls,0.01,106,0.212,0.00626889,0.0125137,0.00943377,12.6258,0
dls,0.01,107,0.214,0.00628904,0.0125465,0.00950339,12.6264,0
dls,0.01,108,0.216,0.00630889,0.0125787,0.00957283,12.6271,0
dls,0.01,109,0.218,0.00632842,0.0126101,0.0096421,12.6278,0
dls,0.01,110,0.22,0.00634765,0.0126408,0.0097112,12.6285,0
dls,0.01,111,0.222,0.00636659,0.0126709,0.00978014,12.6292,0
dls,0.01,112,0.224,0.00638524,0.0127003,0.00984892,12.6299,0
dls,0.01,113,0.226,0.00640361,0.0127291,0.00991754,12.6306,0
dls,0.01,114,0.228,0.00642171,0.0127573,0.00998601,12.6314,0
dls,0.01,115,0.23,0.00643954,0.0127849,0.0100543,12.6321,0
dls,0.01,116,0.232,0.0064571,0.0128118,0.0101225,12.6329,0
dls,0.01,117,0.234,0.00647442,0.0128382,0.0101905,12.6337,0
dls,0.01,118,0.236,0.00649148,0.0128641,0.0102584,12.6345,0
dls,0.01,119,0.238,0.00650831,0.0128893,0.0103262,12.6353,0
dls,0.01,120,0.24,0.00652489,0.012914,0.0103938,12.6362,0
dls,0.01,121,0.242,0.00654124,0.0129382,0.0104613,12.637,0
dls,0.01,122,0.244,0.00655737,0.0129619,0.0105286,12.6379,0
dls,0.01,123,0.246,0.00657327,0.012985,0.0105958,12.6388,0
dls,0.01,124,0.248,0.00658896,0.0130077,0.0106629,12.6396,0
dls,0.01,125,0.25,0.00660444,0.0130299,0.0107299,12.6406,0
dls,0.01,126,0.252,0.00661971,0.0130516,0.0107968,12.6415,0
dls,0.01,127,0.254,0.00663479,0.0130728,0.0108635,12.6424,0
dls,0.01,128,0.256,0.00664966,0.0130936,0.0109301,12.6434,0
dls,0.01,129,0.258,0.00666435,0.0131139,0.0109966,12.6443,0
dls,0.01,130,0.26,0.00667885,0.0131338,0.011063,12.6453,0
dls,0.01,131,0.262,0.00669316,0.0131532,0.0111293,12.6463,0
dls,0.01,132,0.264,0.0067073,0.0131723,0.0111955,12.6473,0
dls,0.01,133,0.266,0.00672126,0.0131909,0.0112616,12.6484,0
dls,0.01,134,0.268,0.00673506,0.0132092,0.0113275,12.6494,0
dls,0.01,135,0.27,0.00674869,0.013227,0.0113934,12.6505,0
dls,0.01,136,0.272,0.00676215,0.0132445,0.0114592,12.6515,0
dls,0.01,137,0.274,0.00677546,0.0132616,0.0115249,12.6526,0
dls,0.01,138,0.276,0.00678862,0.0132783,0.0115904,12.6537,0
dls,0.01,139,0.278,0.00680162,0.0132947,0.0116559,12.6548,0
dls,0.01,140,0.28,0.00681448,0.0133107,0.0117213,12.6559,0
dls,0.01,141,0.282,0.0068272,0.0133264,0.0117867,12.6571,0
dls,0.01,142,0.284,0.00683978,0.0133418,0.0118519,12.6582,0
dls,0.01,143,0.286,0.00685222,0.0133568,0.011917,12.6594,0
dls,0.01,144,0.288,0.00686452,0.0133715,0.0119821,12.6606,0
dls,0.01,145,0.29,0.0068767,0.0133859,0.012047,12.6618,0
dls,0.01,146,0.292,0.00688875,0.0134,0.0121119,12.663,0
dls,0.01,147,0.294,0.00690068,0.0134138,0.0121767,12.6642,0
dls,0.01,148,0.296,0.00691249,0.0134273,0.0122415,12.6655,0
dls,0.01,149,0.298,0.00692418,0.0134406,0.0123061,12.6667,0
dls,0.01,150,0.3,0.00693575,0.0134535,0.0123707,12.668,0
dls,0.01,151,0.302,0.00694722,0.0134662,0.0124352,12.6693,0
dls,0.01,152,0.304,0.00695857,0.0134786,0.0124996,12.6706,0
dls,0.01,153,0.306,0.00696982,0.0134907,0.012564,12.6719,0
dls,0.01,154,0.308,0.00698096,0.0135026,0.0126283,12.6732,0
dls,0.01,155,0.31,0.00699201,0.0135143,0.0126925,12.6745,0
dls,0.01,156,0.312,0.00700295,0.0135257,0.0127566,12.6759,0
dls,0.01,157,0.314,0.0070138,0.0135368,0.0128207,12.6773,0
dls,0.01,158,0.316,0.00702456,0.0135478,0.0128847,12.6786,0
dls,0.01,159,0.318,0.00703522,0.0135585,0.0129487,12.68,0
dls,0.01,160,0.32,0.0070458,0.0135689,0.0130126,12.6814,0
dls,0.01,161,0.322,0.00705629,0.0135792,0.0130764,12.6829,0
dls,0.01,162,0.324,0.00706669,0.0135892,0.0131401,12.6843,0
dls,0.01,163,0.326,0.00707701,0.0135991,0.0132039,12.6857,0
dls,0.01,164,0.328,0.00708725,0.0136087,0.0132675,12.6872,0
dls,0.01,165,0.33,0.00709741,0.0136182,0.0133311,12.6887,0
dls,0.01,166,0.332,0.0071075,0.0136274,0.0133946,12.6902,0
dls,0.01,167,0.334,0.00711751,0.0136365,0.0134581,12.6917,0
dls,0.01,168,0.336,0.00712745,0.0136453,0.0135215,12.6932,0
dls,0.01,169,0.338,0.00713732,0.013654,0.0135849,12.6948,0
dls,0.01,170,0.34,0.00714712,0.0136625,0.0136482,12.6963,0
dls,0.01,171,0.342,0.00715685,0.0136709,0.0137114,12.6979,0
dls,0.01,172,0.344,0.00716651,0.013679,0.0137747,12.6994,0
dls,0.01,173,0.346,0.00717612,0.013687,0.0138378,12.701,0
dls,0.01,174,0.348,0.00718566,0.0136949,0.0139009,12.7026,0
dls,0.01,175,0.35,0.00719514,0.0137026,0.013964,12.7043,0
dls,0.01,176,0.352,0.00720456,0.0137101,0.014027,12.7059,0
dls,0.01,177,0.354,0.00721392,0.0137175,0.0140899,12.7075,0
dls,0.01,178,0.356,0.00722323,0.0137247,0.0141528,12.7092,0
dls,0.01,179,0.358,0.00723248,0.0137318,0.0142157,12.7109,0
dls,0.01,180,0.36,0.00724168,0.0137387,0.0142785,12.7126,0
dls,0.01,181,0.362,0.00725083,0.0137455,0.0143413,12.7143,0
dls,0.01,182,0.364,0.00725993,0.0137522,0.014404,12.716,0
dls,0.01,183,0.366,0.00726897,0.0137587,0.0144667,12.7177,0
dls,0.01,184,0.368,0.00727798,0.0137651,0.0145294,12.7195,0
dls,0.01,185,0.37,0.00728693,0.0137714,0.014592,12.7212,0
dls,0.01,186,0.372,0.00729584,0.0137776,0.0146545,12.723,0
dls,0.01,187,0.374,0.00730471,0.0137836,0.014717,12.7248,0
dls,0.01,188,0.376,0.00731353,0.0137895,0.0147795,12.7266,0
dls,0.01,189,0.378,0.00732231,0.0137953,0.0148419,12.7284,0
dls,0.01,190,0.38,0.00733105,0.013801,0.0149043,12.7303,0
dls,0.01,191,0.382,0.00733975,0.0138066,0.0149667,12.7321,0
dls,0.01,192,0.384,0.00734841,0.0138121,0.015029,12.734,0
dls,0.01,193,0.386,0.00735704,0.0138175,0.0150913,12.7358,0
dls,0.01,194,0.388,0.00736563,0.0138227,0.0151535,12.7377,0
dls,0.01,195,0.39,0.00737418,0.0138279,0.0152157,12.7396,0
dls,0.01,196,0.392,0.0073827,0.013833,0.0152779,12.7415,0
dls,0.01,197,0.394,0.00739119,0.013838,0.01534,12.7435,0
dls,0.01,198,0.396,0.00739964,0.0138428,0.0154021,12.7454,0
dls,0.01,199,0.398,0.00740806,0.0138476,0.0154642,12.7474,0
dls,0.01,200,0.4,0.00741645,0.0138523,0.0155262,12.7493,0
dls,0.01,201,0.402,0.00742482,0.0138569,0.0155882,12.7513,0
dls,0.01,202,0.404,0.00743315,0.0138615,0.0156502,12.7533,0
dls,0.01,203,0.406,0.00744145,0.0138659,0.0157121,12.7553,0
dls,0.01,204,0.408,0.00744973,0.0138703,0.015774,12.7574,0
dls,0.01,205,0.41,0.00745798,0.0138746,0.0158358,12.7594,0
dls,0.01,206,0.412,0.0074662,0.0138788,0.0158977,12.7615,0
dls,0.01,207,0.414,0.0074744,0.0138829,0.0159594,12.7635,0
dls,0.01,208,0.416,0.00748258,0.013887,0.0160212,12.7656,0
dls,0.01,209,0.418,0.00749073,0.013891,0.0160829,12.7677,0
dls,0.01,210,0.42,0.00749885,0.0138949,0.0161446,12.7698,0
dls,0.01,211,0.422,0.00750696,0.0138987,0.0162063,12.772,0
dls,0.01,212,0.424,0.00751504,0.0139025,0.0162679,12.7741,0
dls,0.01,213,0.426,0.0075231,0.0139062,0.0163295,12.7763,0
dls,0.01,214,0.428,0.00753114,0.0139099,0.0163911,12.7784,0
dls,0.01,215,0.43,0.00753917,0.0139134,0.0164527,12.7806,0
dls,0.01,216,0.432,0.00754717,0.013917,0.0165142,12.7828,0
dls,0.01,217,0.434,0.00755515,0.0139204,0.0165757,12.785,0
dls,0.01,218,0.436,0.00756311,0.0139238,0.0166371,12.7873,0
dls,0.01,219,0.438,0.00757106,0.0139272,0.0166985,12.7895,0
dls,0.01,220,0.44,0.00757899,0.0139305,0.0167599,12.7918,0
dls,0.01,221,0.442,0.00758691,0.0139337,0.0168213,12.794,0
dls,0.01,222,0.444,0.0075948,0.0139369,0.0168827,12.7963,0
dls,0.01,223,0.446,0.00760268,0.0139401,0.016944,12.7986,0
dls,0.01,224,0.448,0.00761055,0.0139431,0.0170053,12.8009,0
dls,0.01,225,0.45,0.0076184,0.0139462,0.0170665,12.8033,0
dls,0.01,226,0.452,0.00762624,0.0139492,0.0171278,12.8056,0
dls,0.01,227,0.454,0.00763406,0.0139521,0.017189,12.808,0
dls,0.01,228,0.456,0.00764187,0.013955,0.0172501,12.8103,0
dls,0.01,229,0.458,0.00764967,0.0139579,0.0173113,12.8127,0
dls,0.01,230,0.46,0.00765745,0.0139607,0.0173724,12.8151,0
dls,0.01,231,0.462,0.00766522,0.0139634,0.0174335,12.8175,0
dls,0.01,232,0.464,0.00767298,0.0139661,0.0174946,12.82,0
dls,0.01,233,0.466,0.00768073,0.0139688,0.0175556,12.8224,0
dls,0.01,234,0.468,0.00768847,0.0139715,0.0176167,12.8249,0
dls,0.01,235,0.47,0.00769619,0.0139741,0.0176777,12.8273,0
dls,0.01,236,0.472,0.00770391,0.0139766,0.0177386,12.8298,0
dls,0.01,237,0.474,0.00771161,0.0139792,0.0177996,12.8323,0
dls,0.01,238,0.476,0.00771931,0.0139817,0.0178605,12.8348,0
dls,0.01,239,0.478,0.00772699,0.0139841,0.0179214,12.8374,0
dls,0.01,240,0.48,0.00773467,0.0139865,0.0179823,12.8399,0
dls,0.01,241,0.482,0.00774234,0.0139889,0.0180431,12.8425,0
dls,0.01,242,0.484,0.00775,0.0139913,0.018104,12.845,0
dls,0.01,243,0.486,0.00775765,0.0139936,0.0181648,12.8476,0
dls,0.01,244,0.488,0.00776529,0.0139959,0.0182255,12.8502,0
dls,0.01,245,0.49,0.00777292,0.0139982,0.0182863,12.8529,0
dls,0.01,246,0.492,0.00778055,0.0140004,0.018347,12.8555,0
dls,0.01,247,0.494,0.00778817,0.0140026,0.0184077,12.8581,0
dls,0.01,248,0.496,0.00779578,0.0140048,0.0184684,12.8608,0
dls,0.01,249,0.498,0.00780338,0.0140069,0.018529,12.8635,0
dls,0.01,250,0.5,0.00781098,0.0140091,0.0185897,12.8662,0
dls,0.01,251,0.502,0.00781857,0.0140112,0.0186503,12.8689,0
dls,0.01,252,0.504,0.00782616,0.0140132,0.0187109,12.8716,0
dls,0.01,253,0.506,0.00783374,0.0140153,0.0187714,12.8743,0
dls,0.01,254,0.508,0.00784131,0.0140173,0.018832,12.8771,0
dls,0.01,255,0.51,0.00784888,0.0140193,0.0188925,12.8798,0
dls,0.01,256,0.512,0.00785644,0.0140213,0.018953,12.8826,0
dls,0.01,257,0.514,0.007864,0.0140233,0.0190135,12.8854,0
dls,0.01,258,0.516,0.00787155,0.0140252,0.0190739,12.8882,0
dls,0.01,259,0.518,0.0078791,0.0140271,0.0191343,12.891,0
dls,0.01,260,0.52,0.00788664,0.014029,0.0191947,12.8939,0
dls,0.01,261,0.522,0.00789418,0.0140309,0.0192551,12.8967,0
dls,0.01,262,0.524,0.00790171,0.0140328,0.0193155,12.8996,0
dls,0.01,263,0.526,0.00790924,0.0140346,0.0193758,12.9025,0
dls,0.01,264,0.528,0.00791676,0.0140364,0.0194361,12.9054,0
dls,0.01,265,0.53,0.00792428,0.0140382,0.0194964,12.9083,0
dls,0.01,266,0.532,0.00793179,0.01404,0.0195567,12.9112,0
dls,0.01,267,0.534,0.0079393,0.0140418,0.0196169,12.9142,0
dls,0.01,268,0.536,0.00794681,0.0140435,0.0196771,12.9171,0
dls,0.01,269,0.538,0.00795432,0.0140453,0.0197373,12.9201,0
dls,0.01,270,0.54,0.00796182,0.014047,0.0197975,12.9231,0
dls,0.01,271,0.542,0.00796931,0.0140487,0.0198577,12.9261,0
dls,0.01,272,0.544,0.00797681,0.0140504,0.0199178,12.9291,0
dls,0.01,273,0.546,0.0079843,0.0140521,0.0199779,12.9321,0
dls,0.01,274,0.548,0.00799178,0.0140537,0.020038,12.9352,0
dls,0.01,275,0.55,0.00799927,0.0140554,0.0200981,12.9382,0
dls,0.01,276,0.552,0.00800675,0.014057,0.0201581,12.9413,0
dls,0.01,277,0.554,0.00801422,0.0140586,0.0202181,12.9444,0
dls,0.01,278,0.556,0.0080217,0.0140602,0.0202781,12.9475,0
dls,0.01,279,0.558,0.00802917,0.0140618,0.0203381,12.9506,0
dls,0.01,280,0.56,0.00803664,0.0140634,0.0203981,12.9538,0
dls,0.01,281,0.562,0.00804411,0.014065,0.020458,12.9569,0
dls,0.01,282,0.564,0.00805157,0.0140666,0.0205179,12.9601,0
dls,0.01,283,0.566,0.00805903,0.0140681,0.0205778,12.9633,0
dls,0.01,284,0.568,0.00806649,0.0140697,0.0206377,12.9665,0
dls,0.01,285,0.57,0.00807395,0.0140712,0.0206975,12.9697,0
dls,0.01,286,0.572,0.0080814,0.0140728,0.0207573,12.9729,0
dls,0.01,287,0.574,0.00808885,0.0140743,0.0208171,12.9762,0
dls,0.01,288,0.576,0.0080963,0.0140758,0.0208769,12.9794,0
dls,0.01,289,0.578,0.00810375,0.0140773,0.0209367,12.9827,0
dls,0.01,290,0.58,0.00811119,0.0140788,0.0209964,12.986,0
dls,0.01,291,0.582,0.00811863,0.0140803,0.0210561,12.9893,0
dls,0.01,292,0.584,0.00812607,0.0140817,0.0211158,12.9926,0
dls,0.01,293,0.586,0.00813351,0.0140832,0.0211755,12.9959,0
dls,0.01,294,0.588,0.00814095,0.0140847,0.0212351,12.9993,0
dls,0.01,295,0.59,0.00814838,0.0140861,0.0212948,13.0027,0
dls,0.01,296,0.592,0.00815581,0.0140876,0.0213544,13.006,0
dls,0.01,297,0.594,0.00816324,0.014089,0.021414,13.0094,0
dls,0.01,298,0.596,0.00817067,0.0140905,0.0214735,13.0128,0
dls,0.01,299,0.598,0.0081781,0.0140919,0.0215331,13.0163,0
dls,0.01,300,0.6,0.00818552,0.0140933,0.0215926,13.0197,0
dls,0.01,301,0.602,0.00819294,0.0140947,0.0216521,13.0232,0
dls,0.01,302,0.604,0.00820036,0.0140961,0.0217115,13.0267,0
dls,0.01,303,0.606,0.00820778,0.0140976,0.021771,13.0301,0
dls,0.01,304,0.608,0.00821519,0.014099,0.0218304,13.0336,0
dls,0.01,305,0.61,0.00822261,0.0141004,0.0218898,13.0372,0
dls,0.01,306,0.612,0.00823002,0.0141018,0.0219492,13.0407,0
dls,0.01,307,0.614,0.00823743,0.0141031,0.0220086,13.0443,0
dls,0.01,308,0.616,0.00824484,0.0141045,0.0220679,13.0478,0
dls,0.01,309,0.618,0.00825224,0.0141059,0.0221272,13.0514,0
dls,0.01,310,0.62,0.00825964,0.0141073,0.0221865,13.055,0
dls,0.01,311,0.622,0.00826705,0.0141087,0.0222458,13.0586,0
dls,0.01,312,0.624,0.00827445,0.01411,0.0223051,13.0623,0
dls,0.01,313,0.626,0.00828184,0.0141114,0.0223643,13.0659,0
dls,0.01,314,0.628,0.00828924,0.0141128,0.0224235,13.0696,0
dls,0.01,315,0.63,0.00829663,0.0141141,0.0224827,13.0733,0
dls,0.01,316,0.632,0.00830402,0.0141155,0.0225418,13.0769,0
dls,0.01,317,0.634,0.00831141,0.0141169,0.022601,13.0807,0
dls,0.01,318,0.636,0.0083188,0.0141182,0.0226601,13.0844,0
dls,0.01,319,0.638,0.00832618,0.0141196,0.0227192,13.0881,0
dls,0.01,320,0.64,0.00833357,0.0141209,0.0227783,13.0919,0
dls,0.01,321,0.642,0.00834095,0.0141223,0.0228373,13.0957,0
dls,0.01,322,0.644,0.00834833,0.0141236,0.0228963,13.0995,0
dls,0.01,323,0.646,0.0083557,0.0141249,0.0229554,13.1033,0
dls,0.01,324,0.648,0.00836308,0.0141263,0.0230143,13.1071,0
dls,0.01,325,0.65,0.00837045,0.0141276,0.0230733,13.1109,0
dls,0.01,326,0.652,0.00837782,0.014129,0.0231322,13.1148,0
dls,0.01,327,0.654,0.00838519,0.0141303,0.0231911,13.1186,0
dls,0.01,328,0.656,0.00839255,0.0141316,0.02325,13.1225,0
dls,0.01,329,0.658,0.00839991,0.014133,0.0233089,13.1264,0
dls,0.01,330,0.66,0.00840727,0.0141343,0.0233678,13.1304,0
dls,0.01,331,0.662,0.00841463,0.0141357,0.0234266,13.1343,0
dls,0.01,332,0.664,0.00842198,0.014137,0.0234854,13.1382,0
dls,0.01,333,0.666,0.00842934,0.0141383,0.0235442,13.1422,0
dls,0.01,334,0.668,0.00843669,0.0141397,0.0236029,13.1462,0
dls,0.01,335,0.67,0.00844403,0.014141,0.0236616,13.1502,0
dls,0.01,336,0.672,0.00845138,0.0141423,0.0237203,13.1542,0
dls,0.01,337,0.674,0.00845872,0.0141436,0.023779,13.1583,0
dls,0.01,338,0.676,0.00846606,0.014145,0.0238377,13.1623,0
dls,0.01,339,0.678,0.0084734,0.0141463,0.0238963,13.1664,0
dls,0.01,340,0.68,0.00848073,0.0141476,0.023955,13.1705,0
dls,0.01,341,0.682,0.00848806,0.014149,0.0240135,13.1746,0
dls,0.01,342,0.684,0.00849539,0.0141503,0.0240721,13.1787,0
dls,0.01,343,0.686,0.00850271,0.0141516,0.0241307,13.1828,0
dls,0.01,344,0.688,0.00851004,0.014153,0.0241892,13.187,0
dls,0.01,345,0.69,0.00851736,0.0141543,0.0242477,13.1911,0
dls,0.01,346,0.692,0.00852467,0.0141556,0.0243062,13.1953,0
dls,0.01,347,0.694,0.00853198,0.014157,0.0243646,13.1995,0
dls,0.01,348,0.696,0.00853929,0.0141583,0.024423,13.2037,0
dls,0.01,349,0.698,0.0085466,0.0141597,0.0244814,13.2079,0
dls,0.01,350,0.7,0.0085539,0.014161,0.0245398,13.2122,0
dls,0.01,351,0.702,0.0085612,0.0141623,0.0245982,13.2165,0
dls,0.01,352,0.704,0.0085685,0.0141637,0.0246565,13.2207,0
dls,0.01,353,0.706,0.00857579,0.014165,0.0247148,13.225,0
dls,0.01,354,0.708,0.00858308,0.0141664,0.0247731,13.2294,0
dls,0.01,355,0.71,0.00859037,0.0141677,0.0248314,13.2337,0
dls,0.01,356,0.712,0.00859765,0.014169,0.0248896,13.238,0
dls,0.01,357,0.714,0.00860493,0.0141704,0.0249478,13.2424,0
dls,0.01,358,0.716,0.00861221,0.0141717,0.025006,13.2468,0
dls,0.01,359,0.718,0.00861948,0.0141731,0.0250642,13.2512,0
dls,0.01,360,0.72,0.00862675,0.0141744,0.0251223,13.2556,0
dls,0.01,361,0.722,0.00863401,0.0141758,0.0251804,13.26,0
dls,0.01,362,0.724,0.00864127,0.0141771,0.0252385,13.2645,0
dls,0.01,363,0.726,0.00864853,0.0141785,0.0252966,13.269,0
dls,0.01,364,0.728,0.00865578,0.0141799,0.0253546,13.2735,0
dls,0.01,365,0.73,0.00866303,0.0141812,0.0254126,13.278,0
dls,0.01,366,0.732,0.00867027,0.0141826,0.0254706,13.2825,0
dls,0.01,367,0.734,0.00867751,0.0141839,0.0255286,13.287,0
dls,0.01,368,0.736,0.00868475,0.0141853,0.0255865,13.2916,0
dls,0.01,369,0.738,0.00869198,0.0141867,0.0256445,13.2961,0
dls,0.01,370,0.74,0.00869921,0.014188,0.0257024,13.3007,0
dls,0.01,371,0.742,0.00870643,0.0141894,0.0257602,13.3053,0
dls,0.01,372,0.744,0.00871365,0.0141908,0.0258181,13.31,0
dls,0.01,373,0.746,0.00872086,0.0141922,0.0258759,13.3146,0
dls,0.01,374,0.748,0.00872807,0.0141935,0.0259337,13.3193,0
dls,0.01,375,0.75,0.00873528,0.0141949,0.0259915,13.3239,0
dls,0.01,376,0.752,0.00874248,0.0141963,0.0260492,13.3286,0
dls,0.01,377,0.754,0.00874968,0.0141977,0.0261069,13.3333,0
dls,0.01,378,0.756,0.00875687,0.0141991,0.0261646,13.3381,0
dls,0.01,379,0.758,0.00876405,0.0142005,0.0262223,13.3428,0
dls,0.01,380,0.76,0.00877123,0.0142018,0.0262799,13.3476,0
dls,0.01,381,0.762,0.00877841,0.0142032,0.0263375,13.3524,0
dls,0.01,382,0.764,0.00878558,0.0142046,0.0263951,13.3572,0
dls,0.01,383,0.766,0.00879275,0.014206,0.0264527,13.362,0
dls,0.01,384,0.768,0.00879991,0.0142074,0.0265102,13.3668,0
dls,0.01,385,0.77,0.00880707,0.0142088,0.0265678,13.3717,0
dls,0.01,386,0.772,0.00881422,0.0142102,0.0266253,13.3765,0
dls,0.01,387,0.774,0.00882136,0.0142117,0.0266827,13.3814,0
dls,0.01,388,0.776,0.0088285,0.0142131,0.0267402,13.3863,0
dls,0.01,389,0.778,0.00883564,0.0142145,0.0267976,13.3912,0
dls,0.01,390,0.78,0.00884277,0.0142159,0.026855,13.3962,0
dls,0.01,391,0.782,0.00884989,0.0142173,0.0269123,13.4011,0
dls,0.01,392,0.784,0.00885701,0.0142187,0.0269696,13.4061,0
dls,0.01,393,0.786,0.00886412,0.0142202,0.027027,13.4111,0
dls,0.01,394,0.788,0.00887123,0.0142216,0.0270842,13.4161,0
dls,0.01,395,0.79,0.00887833,0.014223,0.0271415,13.4212,0
dls,0.01,396,0.792,0.00888543,0.0142245,0.0271987,13.4262,0
dls,0.01,397,0.794,0.00889252,0.0142259,0.0272559,13.4313,0
dls,0.01,398,0.796,0.0088996,0.0142273,0.0273131,13.4364,0
dls,0.01,399,0.798,0.00890668,0.0142288,0.0273703,13.4415,0
dls,0.01,400,0.8,0.00891375,0.0142302,0.0274274,13.4466,0
dls,0.01,401,0.802,0.00892082,0.0142317,0.0274845,13.4517,0
dls,0.01,402,0.804,0.00892788,0.0142331,0.0275415,13.4569,0
dls,0.01,403,0.806,0.00893493,0.0142346,0.0275986,13.4621,0
dls,0.01,404,0.808,0.00894198,0.014236,0.0276556,13.4673,0
dls,0.01,405,0.81,0.00894902,0.0142375,0.0277126,13.4725,0
dls,0.01,406,0.812,0.00895605,0.014239,0.0277696,13.4777,0
dls,0.01,407,0.814,0.00896308,0.0142404,0.0278265,13.4829,0
dls,0.01,408,0.816,0.0089701,0.0142419,0.0278834,13.4882,0
dls,0.01,409,0.818,0.00897711,0.0142434,0.0279403,13.4935,0
dls,0.01,410,0.82,0.00898412,0.0142448,0.0279971,13.4988,0
dls,0.01,411,0.822,0.00899112,0.0142463,0.028054,13.5041,0
dls,0.01,412,0.824,0.00899812,0.0142478,0.0281108,13.5095,0
dls,0.01,413,0.826,0.00900511,0.0142493,0.0281675,13.5148,0
dls,0.01,414,0.828,0.00901209,0.0142508,0.0282243,13.5202,0
dls,0.01,415,0.83,0.00901906,0.0142523,0.028281,13.5256,0
dls,0.01,416,0.832,0.00902603,0.0142537,0.0283377,13.531,0
dls,0.01,417,0.834,0.00903299,0.0142552,0.0283944,13.5365,0
dls,0.01,418,0.836,0.00903994,0.0142567,0.028451,13.5419,0
dls,0.01,419,0.838,0.00904688,0.0142582,0.0285076,13.5474,0
dls,0.01,420,0.84,0.00905382,0.0142598,0.0285642,13.5529,0
dls,0.01,421,0.842,0.00906075,0.0142613,0.0286207,13.5584,0
dls,0.01,422,0.844,0.00906768,0.0142628,0.0286773,13.5639,0
dls,0.01,423,0.846,0.00907459,0.0142643,0.0287337,13.5695,0
dls,0.01,424,0.848,0.0090815,0.0142658,0.0287902,13.5751,0
dls,0.01,425,0.85,0.0090884,0.0142673,0.0288467,13.5807,0
dls,0.01,426,0.852,0.0090953,0.0142689,0.0289031,13.5863,0
dls,0.01,427,0.854,0.00910218,0.0142704,0.0289595,13.5919,0
dls,0.01,428,0.856,0.00910906,0.0142719,0.0290158,13.5975,0
dls,0.01,429,0.858,0.00911593,0.0142735,0.0290721,13.6032,0
dls,0.01,430,0.86,0.00912279,0.014275,0.0291284,13.6089,0
dls,0.01,431,0.862,0.00912965,0.0142765,0.0291847,13.6146,0
dls,0.01,432,0.864,0.00913649,0.0142781,0.0292409,13.6203,0
dls,0.01,433,0.866,0.00914333,0.0142796,0.0292972,13.6261,0
dls,0.01,434,0.868,0.00915016,0.0142812,0.0293533,13.6318,0
dls,0.01,435,0.87,0.00915698,0.0142827,0.0294095,13.6376,0
dls,0.01,436,0.872,0.0091638,0.0142843,0.0294656,13.6434,0
dls,0.01,437,0.874,0.0091706,0.0142859,0.0295217,13.6492,0
dls,0.01,438,0.876,0.0091774,0.0142874,0.0295778,13.6551,0
dls,0.01,439,0.878,0.00918419,0.014289,0.0296338,13.6609,0
dls,0.01,440,0.88,0.00919097,0.0142906,0.0296898,13.6668,0
dls,0.01,441,0.882,0.00919774,0.0142921,0.0297458,13.6727,0
dls,0.01,442,0.884,0.00920451,0.0142937,0.0298018,13.6786,0
dls,0.01,443,0.886,0.00921126,0.0142953,0.0298577,13.6846,0
dls,0.01,444,0.888,0.00921801,0.0142969,0.0299136,13.6905,0
dls,0.01,445,0.89,0.00922475,0.0142985,0.0299695,13.6965,0
dls,0.01,446,0.892,0.00923148,0.0143001,0.0300253,13.7025,0
dls,0.01,447,0.894,0.0092382,0.0143016,0.0300811,13.7085,0
dls,0.01,448,0.896,0.00924491,0.0143032,0.0301369,13.7146,0
dls,0.01,449,0.898,0.00925161,0.0143048,0.0301926,13.7206,0
dls,0.01,450,0.9,0.0092583,0.0143064,0.0302483,13.7267,0
dls,0.01,451,0.902,0.00926499,0.0143081,0.030304,13.7328,0
dls,0.01,452,0.904,0.00927166,0.0143097,0.0303597,13.7389,0
dls,0.01,453,0.906,0.00927833,0.0143113,0.0304153,13.7451,0
dls,0.01,454,0.908,0.00928499,0.0143129,0.0304709,13.7512,0
dls,0.01,455,0.91,0.00929163,0.0143145,0.0305265,13.7574,0
dls,0.01,456,0.912,0.00929827,0.0143161,0.030582,13.7636,0
dls,0.01,457,0.914,0.0093049,0.0143178,0.0306375,13.7698,0
dls,0.01,458,0.916,0.00931152,0.0143194,0.030693,13.7761,0
dls,0.01,459,0.918,0.00931813,0.014321,0.0307484,13.7823,0
dls,0.01,460,0.92,0.00932473,0.0143227,0.0308039,13.7886,0
dls,0.01,461,0.922,0.00933132,0.0143243,0.0308593,13.7949,0
dls,0.01,462,0.924,0.0093379,0.014326,0.0309146,13.8013,0
dls,0.01,463,0.926,0.00934447,0.0143276,0.0309699,13.8076,0
dls,0.01,464,0.928,0.00935103,0.0143293,0.0310252,13.814,0
dls,0.01,465,0.93,0.00935758,0.0143309,0.0310805,13.8204,0
dls,0.01,466,0.932,0.00936413,0.0143326,0.0311357,13.8268,0
dls,0.01,467,0.934,0.00937066,0.0143342,0.0311909,13.8332,0
dls,0.01,468,0.936,0.00937718,0.0143359,0.0312461,13.8396,0
dls,0.01,469,0.938,0.00938369,0.0143376,0.0313012,13.8461,0
dls,0.01,470,0.94,0.00939019,0.0143392,0.0313564,13.8526,0
dls,0.01,471,0.942,0.00939668,0.0143409,0.0314114,13.8591,0
dls,0.01,472,0.944,0.00940316,0.0143426,0.0314665,13.8657,0
dls,0.01,473,0.946,0.00940964,0.0143443,0.0315215,13.8722,0
dls,0.01,474,0.948,0.0094161,0.0143459,0.0315765,13.8788,0
dls,0.01,475,0.95,0.00942255,0.0143476,0.0316314,13.8854,0
dls,0.01,476,0.952,0.00942899,0.0143493,0.0316864,13.892,0
dls,0.01,477,0.954,0.00943542,0.014351,0.0317413,13.8986,0
dls,0.01,478,0.956,0.00944183,0.0143527,0.0317961,13.9053,0
dls,0.01,479,0.958,0.00944824,0.0143544,0.031851,13.912,0
dls,0.01,480,0.96,0.00945464,0.0143561,0.0319058,13.9187,0
dls,0.01,481,0.962,0.00946103,0.0143578,0.0319605,13.9254,0
dls,0.01,482,0.964,0.0094674,0.0143595,0.0320153,13.9322,0
dls,0.01,483,0.966,0.00947377,0.0143612,0.03207,13.9389,0
dls,0.01,484,0.968,0.00948012,0.014363,0.0321246,13.9457,0
dls,0.01,485,0.97,0.00948647,0.0143647,0.0321793,13.9525,0
dls,0.01,486,0.972,0.0094928,0.0143664,0.0322339,13.9594,0
dls,0.01,487,0.974,0.00949912,0.0143681,0.0322885,13.9662,0
dls,0.01,488,0.976,0.00950543,0.0143699,0.032343,13.9731,0
dls,0.01,489,0.978,0.00951173,0.0143716,0.0323975,13.98,0
dls,0.01,490,0.98,0.00951802,0.0143733,0.032452,13.9869,0
dls,0.01,491,0.982,0.00952429,0.0143751,0.0325064,13.9939,0
dls,0.01,492,0.984,0.00953056,0.0143768,0.0325609,14.0009,0
dls,0.01,493,0.986,0.00953681,0.0143785,0.0326152,14.0078,0
dls,0.01,494,0.988,0.00954306,0.0143803,0.0326696,14.0149,0
dls,0.01,495,0.99,0.00954929,0.014382,0.0327239,14.0219,0
dls,0.01,496,0.992,0.00955551,0.0143838,0.0327782,14.0289,0
dls,0.01,497,0.994,0.00956172,0.0143856,0.0328324,14.036,0
dls,0.01,498,0.996,0.00956792,0.0143873,0.0328867,14.0431,0
dls,0.01,499,0.998,0.0095741,0.0143891,0.0329409,14.0502,0
dls,0.01,500,1.0,0.00958028,0.0143909,0.032995,14.0574,0
dls,0.01,501,1.002,0.00958644,0.0143926,0.0330491,14.0646,0
dls,0.01,502,1.004,0.00959259,0.0143944,0.0331032,14.0717,0
dls,0.01,503,1.006,0.00959873,0.0143962,0.0331573,14.079,0
dls,0.01,504,1.008,0.00960485,0.014398,0.0332113,14.0862,0
dls,0.01,505,1.01,0.00961097,0.0143997,0.0332653,14.0935,0
dls,0.01,506,1.012,0.00961707,0.0144015,0.0333193,14.1007,0
dls,0.01,507,1.014,0.00962316,0.0144033,0.0333732,14.108,0
dls,0.01,508,1.016,0.00962924,0.0144051,0.0334271,14.1154,0
dls,0.01,509,1.018,0.00963531,0.0144069,0.0334809,14.1227,0
dls,0.01,510,1.02,0.00964136,0.0144087,0.0335348,14.1301,0
dls,0.01,511,1.022,0.0096474,0.0144105,0.0335885,14.1375,0
dls,0.01,512,1.024,0.00965343,0.0144123,0.0336423,14.1449,0
dls,0.01,513,1.026,0.00965945,0.0144141,0.033696,14.1524,0
dls,0.01,514,1.028,0.00966546,0.0144159,0.0337497,14.1598,0
dls,0.01,515,1.03,0.00967145,0.0144177,0.0338034,14.1673,0
dls,0.01,516,1.032,0.00967743,0.0144196,0.033857,14.1748,0
dls,0.01,517,1.034,0.0096834,0.0144214,0.0339106,14.1824,0
dls,0.01,518,1.036,0.00968936,0.0144232,0.0339641,14.1899,0
dls,0.01,519,1.038,0.0096953,0.014425,0.0340177,14.1975,0
dls,0.01,520,1.04,0.00970123,0.0144269,0.0340711,14.2051,0
dls,0.01,521,1.042,0.00970715,0.0144287,0.0341246,14.2127,0
dls,0.01,522,1.044,0.00971305,0.0144305,0.034178,14.2204,0
dls,0.01,523,1.046,0.00971895,0.0144324,0.0342314,14.2281,0
dls,0.01,524,1.048,0.00972483,0.0144342,0.0342848,14.2358,0
dls,0.01,525,1.05,0.00973069,0.0144361,0.0343381,14.2435,0
dls,0.01,526,1.052,0.00973655,0.0144379,0.0343914,14.2513,0
dls,0.01,527,1.054,0.00974239,0.0144397,0.0344446,14.259,0
dls,0.01,528,1.056,0.00974822,0.0144416,0.0344978,14.2668,0
dls,0.01,529,1.058,0.00975403,0.0144435,0.034551,14.2746,0
dls,0.01,530,1.06,0.00975984,0.0144453,0.0346041,14.2825,0
dls,0.01,531,1.062,0.00976563,0.0144472,0.0346573,14.2904,0
dls,0.01,532,1.064,0.0097714,0.014449,0.0347103,14.2983,0
dls,0.01,533,1.066,0.00977716,0.0144509,0.0347634,14.3062,0
dls,0.01,534,1.068,0.00978291,0.0144528,0.0348164,14.3141,0
dls,0.01,535,1.07,0.00978865,0.0144547,0.0348693,14.3221,0
dls,0.01,536,1.072,0.00979437,0.0144565,0.0349223,14.3301,0
dls,0.01,537,1.074,0.00980008,0.0144584,0.0349752,14.3381,0
dls,0.01,538,1.076,0.00980578,0.0144603,0.0350281,14.3461,0
dls,0.01,539,1.078,0.00981146,0.0144622,0.0350809,14.3542,0
dls,0.01,540,1.08,0.00981713,0.0144641,0.0351337,14.3623,0
dls,0.01,541,1.082,0.00982279,0.014466,0.0351864,14.3704,0
dls,0.01,542,1.084,0.00982843,0.0144679,0.0352392,14.3786,0
dls,0.01,543,1.086,0.00983406,0.0144698,0.0352919,14.3867,0
dls,0.01,544,1.088,0.00983967,0.0144717,0.0353445,14.3949,0
dls,0.01,545,1.09,0.00984528,0.0144736,0.0353971,14.4031,0
dls,0.01,546,1.092,0.00985086,0.0144755,0.0354497,14.4114,0
dls,0.01,547,1.094,0.00985644,0.0144774,0.0355023,14.4196,0
dls,0.01,548,1.096,0.009862,0.0144793,0.0355548,14.4279,0
dls,0.01,549,1.098,0.00986754,0.0144812,0.0356073,14.4363,0
dls,0.01,550,1.1,0.00987308,0.0144831,0.0356597,14.4446,0
dls,0.01,551,1.102,0.0098786,0.014485,0.0357121,14.453,0
dls,0.01,552,1.104,0.0098841,0.014487,0.0357645,14.4614,0
dls,0.01,553,1.106,0.00988959,0.0144889,0.0358168,14.4698,0
dls,0.01,554,1.108,0.00989507,0.0144908,0.0358691,14.4782,0
dls,0.01,555,1.11,0.00990053,0.0144927,0.0359214,14.4867,0
dls,0.01,556,1.112,0.00990598,0.0144947,0.0359736,14.4952,0
dls,0.01,557,1.114,0.00991141,0.0144966,0.0360258,14.5037,0
dls,0.01,558,1.116,0.00991683,0.0144986,0.0360779,14.5123,0
dls,0.01,559,1.118,0.00992224,0.0145005,0.0361301,14.5209,0
dls,0.01,560,1.12,0.00992763,0.0145024,0.0361821,14.5295,0
dls,0.01,561,1.122,0.00993301,0.0145044,0.0362342,14.5381,0
dls,0.01,562,1.124,0.00993837,0.0145063,0.0362862,14.5467,0
dls,0.01,563,1.126,0.00994372,0.0145083,0.0363382,14.5554,0
dls,0.01,564,1.128,0.00994905,0.0145102,0.0363901,14.5641,0
dls,0.01,565,1.13,0.00995437,0.0145122,0.036442,14.5729,0
dls,0.01,566,1.132,0.00995968,0.0145142,0.0364939,14.5816,0
dls,0.01,567,1.134,0.00996497,0.0145161,0.0365457,14.5904,0
dls,0.01,568,1.136,0.00997025,0.0145181,0.0365975,14.5992,0
dls,0.01,569,1.138,0.00997551,0.0145201,0.0366492,14.6081,0
dls,0.01,570,1.14,0.00998076,0.014522,0.0367009,14.6169,0
dls,0.01,571,1.142,0.00998599,0.014524,0.0367526,14.6258,0
dls,0.01,572,1.144,0.00999121,0.014526,0.0368043,14.6347,0
dls,0.01,573,1.146,0.00999641,0.014528,0.0368559,14.6437,0
dls,0.01,574,1.148,0.0100016,0.0145299,0.0369074,14.6527,0
dls,0.01,575,1.15,0.0100068,0.0145319,0.036959,14.6617,0
dls,0.01,576,1.152,0.0100119,0.0145339,0.0370104,14.6707,0
dls,0.01,577,1.154,0.0100171,0.0145359,0.0370619,14.6798,0
dls,0.01,578,1.156,0.0100222,0.0145379,0.0371133,14.6888,0
dls,0.01,579,1.158,0.0100273,0.0145399,0.0371647,14.698,0
dls,0.01,580,1.16,0.0100324,0.0145419,0.037216,14.7071,0
dls,0.01,581,1.162,0.0100375,0.0145439,0.0372673,14.7163,0
dls,0.01,582,1.164,0.0100426,0.0145459,0.0373186,14.7255,0
dls,0.01,583,1.166,0.0100476,0.0145479,0.0373698,14.7347,0
dls,0.01,584,1.168,0.0100527,0.0145499,0.037421,14.7439,0
dls,0.01,585,1.17,0.0100577,0.0145519,0.0374722,14.7532,0
dls,0.01,586,1.172,0.0100627,0.0145539,0.0375233,14.7625,0
dls,0.01,587,1.174,0.0100677,0.0145559,0.0375744,14.7718,0
dls,0.01,588,1.176,0.0100727,0.014558,0.0376254,14.7812,0
dls,0.01,589,1.178,0.0100776,0.01456,0.0376764,14.7906,0
dls,0.01,590,1.18,0.0100826,0.014562,0.0377274,14.8,0
dls,0.01,591,1.182,0.0100875,0.014564,0.0377783,14.8095,0
dls,0.01,592,1.184,0.0100924,0.0145661,0.0378292,14.8189,0
dls,0.01,593,1.186,0.0100973,0.0145681,0.0378801,14.8285,0
dls,0.01,594,1.188,0.0101022,0.0145701,0.0379309,14.838,0
dls,0.01,595,1.19,0.0101071,0.0145721,0.0379817,14.8475,0
dls,0.01,596,1.192,0.0101119,0.0145742,0.0380324,14.8571,0
dls,0.01,597,1.194,0.0101168,0.0145762,0.0380831,14.8668,0
dls,0.01,598,1.196,0.0101216,0.0145783,0.0381338,14.8764,0
dls,0.01,599,1.198,0.0101264,0.0145803,0.0381844,14.8861,0
dls,0.01,600,1.2,0.0101312,0.0145824,0.038235,14.8958,0
dls,0.01,601,1.202,0.010136,0.0145844,0.0382855,14.9055,0
dls,0.01,602,1.204,0.0101407,0.0145865,0.038336,14.9153,0
dls,0.01,603,1.206,0.0101455,0.0145885,0.0383865,14.9251,0
dls,0.01,604,1.208,0.0101502,0.0145906,0.0384369,14.9349,0
dls,0.01,605,1.21,0.0101549,0.0145926,0.0384873,14.9448,0
dls,0.01,606,1.212,0.0101596,0.0145947,0.0385376,14.9547,0
dls,0.01,607,1.214,0.0101643,0.0145967,0.038588,14.9646,0
dls,0.01,608,1.216,0.010169,0.0145988,0.0386382,14.9745,0
dls,0.01,609,1.218,0.0101736,0.0146009,0.0386885,14.9845,0
dls,0.01,610,1.22,0.0101782,0.0146029,0.0387387,14.9945,0
dls,0.01,611,1.222,0.0101829,0.014605,0.0387888,15.0045,0
dls,0.01,612,1.224,0.0101875,0.0146071,0.0388389,15.0146,0
dls,0.01,613,1.226,0.010192,0.0146092,0.038889,15.0247,0
dls,0.01,614,1.228,0.0101966,0.0146112,0.038939,15.0348,0
dls,0.01,615,1.23,0.0102012,0.0146133,0.038989,15.045,0
dls,0.01,616,1.232,0.0102057,0.0146154,0.039039,15.0551,0
dls,0.01,617,1.234,0.0102102,0.0146175,0.0390889,15.0654,0
dls,0.01,618,1.236,0.0102147,0.0146196,0.0391388,15.0756,0
dls,0.01,619,1.238,0.0102192,0.0146217,0.0391886,15.0859,0
dls,0.01,620,1.24,0.0102237,0.0146238,0.0392384,15.0962,0
dls,0.01,621,1.242,0.0102282,0.0146259,0.0392882,15.1065,0
dls,0.01,622,1.244,0.0102326,0.0146279,0.0393379,15.1169,0
dls,0.01,623,1.246,0.010237,0.01463,0.0393876,15.1273,0
dls,0.01,624,1.248,0.0102414,0.0146321,0.0394372,15.1377,0
dls,0.01,625,1.25,0.0102458,0.0146342,0.0394868,15.1482,0
dls,0.01,626,1.252,0.0102502,0.0146363,0.0395364,15.1587,0
dls,0.01,627,1.254,0.0102546,0.0146385,0.0395859,15.1692,0
dls,0.01,628,1.256,0.0102589,0.0146406,0.0396354,15.1798,0
dls,0.01,629,1.258,0.0102632,0.0146427,0.0396849,15.1904,0
dls,0.01,630,1.26,0.0102675,0.0146448,0.0397343,15.201,0
dls,0.01,631,1.262,0.0102718,0.0146469,0.0397836,15.2116,0
dls,0.01,632,1.264,0.0102761,0.014649,0.0398329,15.2223,0
dls,0.01,633,1.266,0.0102804,0.0146511,0.0398822,15.233,0
dls,0.01,634,1.268,0.0102846,0.0146533,0.0399315,15.2438,0
dls,0.01,635,1.27,0.0102888,0.0146554,0.0399807,15.2546,0
dls,0.01,636,1.272,0.0102931,0.0146575,0.0400298,15.2654,0
dls,0.01,637,1.274,0.0102972,0.0146596,0.0400789,15.2762,0
dls,0.01,638,1.276,0.0103014,0.0146618,0.040128,15.2871,0
dls,0.01,639,1.278,0.0103056,0.0146639,0.0401771,15.298,0
dls,0.01,640,1.28,0.0103097,0.014666,0.0402261,15.309,0
dls,0.01,641,1.282,0.0103139,0.0146682,0.040275,15.32,0
dls,0.01,642,1.284,0.010318,0.0146703,0.0403239,15.331,0
dls,0.01,643,1.286,0.0103221,0.0146724,0.0403728,15.342,0
dls,0.01,644,1.288,0.0103261,0.0146746,0.0404216,15.3531,0
dls,0.01,645,1.29,0.0103302,0.0146767,0.0404704,15.3642,0
dls,0.01,646,1.292,0.0103342,0.0146789,0.0405192,15.3753,0
dls,0.01,647,1.294,0.0103383,0.014681,0.0405679,15.3865,0
dls,0.01,648,1.296,0.0103423,0.0146831,0.0406166,15.3977,0
dls,0.01,649,1.298,0.0103463,0.0146853,0.0406652,15.409,0
dls,0.01,650,1.3,0.0103502,0.0146874,0.0407138,15.4202,0
dls,0.01,651,1.302,0.0103542,0.0146896,0.0407623,15.4316,0
dls,0.01,652,1.304,0.0103581,0.0146918,0.0408108,15.4429,0
dls,0.01,653,1.306,0.0103621,0.0146939,0.0408593,15.4543,0
dls,0.01,654,1.308,0.010366,0.0146961,0.0409077,15.4657,0
dls,0.01,655,1.31,0.0103699,0.0146982,0.0409561,15.4771,0
dls,0.01,656,1.312,0.0103737,0.0147004,0.0410045,15.4886,0
dls,0.01,657,1.314,0.0103776,0.0147026,0.0410528,15.5001,0
dls,0.01,658,1.316,0.0103814,0.0147047,0.041101,15.5117,0
dls,0.01,659,1.318,0.0103853,0.0147069,0.0411492,15.5233,0
dls,0.01,660,1.32,0.0103891,0.0147091,0.0411974,15.5349,0
dls,0.01,661,1.322,0.0103929,0.0147112,0.0412455,15.5466,0
dls,0.01,662,1.324,0.0103966,0.0147134,0.0412936,15.5582,0
dls,0.01,663,1.326,0.0104004,0.0147156,0.0413417,15.57,0
dls,0.01,664,1.328,0.0104041,0.0147178,0.0413897,15.5817,0
dls,0.01,665,1.33,0.0104078,0.0147199,0.0414376,15.5935,0
dls,0.01,666,1.332,0.0104115,0.0147221,0.0414856,15.6054,0
dls,0.01,667,1.334,0.0104152,0.0147243,0.0415335,15.6172,0
dls,0.01,668,1.336,0.0104189,0.0147265,0.0415813,15.6291,0
dls,0.01,669,1.338,0.0104225,0.0147287,0.0416291,15.6411,0
dls,0.01,670,1.34,0.0104262,0.0147308,0.0416768,15.653,0
dls,0.01,671,1.342,0.0104298,0.014733,0.0417246,15.6651,0
dls,0.01,672,1.344,0.0104334,0.0147352,0.0417722,15.6771,0
dls,0.01,673,1.346,0.010437,0.0147374,0.0418199,15.6892,0
dls,0.01,674,1.348,0.0104405,0.0147396,0.0418674,15.7013,0
dls,0.01,675,1.35,0.0104441,0.0147418,0.041915,15.7135,0
dls,0.01,676,1.352,0.0104476,0.014744,0.0419625,15.7257,0
dls,0.01,677,1.354,0.0104511,0.0147462,0.0420099,15.7379,0
dls,0.01,678,1.356,0.0104546,0.0147484,0.0420574,15.7502,0
dls,0.01,679,1.358,0.0104581,0.0147506,0.0421047,15.7625,0
dls,0.01,680,1.36,0.0104616,0.0147528,0.0421521,15.7748,0
dls,0.01,681,1.362,0.010465,0.014755,0.0421994,15.7872,0
dls,0.01,682,1.364,0.0104684,0.0147572,0.0422466,15.7996,0
dls,0.01,683,1.366,0.0104718,0.0147594,0.0422938,15.812,0
dls,0.01,684,1.368,0.0104752,0.0147616,0.042341,15.8245,0
dls,0.01,685,1.37,0.0104786,0.0147638,0.0423881,15.8371,0
dls,0.01,686,1.372,0.0104819,0.014766,0.0424352,15.8496,0
dls,0.01,687,1.374,0.0104853,0.0147682,0.0424822,15.8622,0
dls,0.01,688,1.376,0.0104886,0.0147705,0.0425292,15.8749,0
dls,0.01,689,1.378,0.0104919,0.0147727,0.0425761,15.8875,0
dls,0.01,690,1.38,0.0104952,0.0147749,0.042623,15.9003,0
dls,0.01,691,1.382,0.0104985,0.0147771,0.0426699,15.913,0
dls,0.01,692,1.384,0.0105017,0.0147793,0.0427167,15.9258,0
dls,0.01,693,1.386,0.0105049,0.0147816,0.0427635,15.9386,0
dls,0.01,694,1.388,0.0105081,0.0147838,0.0428102,15.9515,0
dls,0.01,695,1.39,0.0105113,0.014786,0.0428569,15.9644,0
dls,0.01,696,1.392,0.0105145,0.0147882,0.0429035,15.9774,0
dls,0.01,697,1.394,0.0105177,0.0147905,0.0429501,15.9904,0
dls,0.01,698,1.396,0.0105208,0.0147927,0.0429967,16.0034,0
dls,0.01,699,1.398,0.0105239,0.0147949,0.0430432,16.0165,0
dls,0.01,700,1.4,0.0105271,0.0147971,0.0430897,16.0296,0
dls,0.01,701,1.402,0.0105301,0.0147994,0.0431361,16.0427,0
dls,0.01,702,1.404,0.0105332,0.0148016,0.0431825,16.0559,0
dls,0.01,703,1.406,0.0105363,0.0148038,0.0432288,16.0691,0
dls,0.01,704,1.408,0.0105393,0.0148061,0.0432751,16.0824,0
dls,0.01,705,1.41,0.0105423,0.0148083,0.0433214,16.0957,0
dls,0.01,706,1.412,0.0105453,0.0148105,0.0433676,16.1091,0
dls,0.01,707,1.414,0.0105483,0.0148128,0.0434137,16.1224,0
dls,0.01,708,1.416,0.0105513,0.014815,0.0434599,16.1359,0
dls,0.01,709,1.418,0.0105542,0.0148173,0.0435059,16.1493,0
dls,0.01,710,1.42,0.0105571,0.0148195,0.043552,16.1629,0
dls,0.01,711,1.422,0.0105601,0.0148218,0.0435979,16.1764,0
dls,0.01,712,1.424,0.010563,0.014824,0.0436439,16.19,0
dls,0.01,713,1.426,0.0105658,0.0148263,0.0436898,16.2036,0
dls,0.01,714,1.428,0.0105687,0.0148285,0.0437356,16.2173,0
dls,0.01,715,1.43,0.0105715,0.0148307,0.0437815,16.231,0
dls,0.01,716,1.432,0.0105743,0.014833,0.0438272,16.2448,0
dls,0.01,717,1.434,0.0105772,0.0148352,0.0438729,16.2586,0
dls,0.01,718,1.436,0.0105799,0.0148375,0.0439186,16.2724,0
dls,0.01,719,1.438,0.0105827,0.0148398,0.0439643,16.2863,0
dls,0.01,720,1.44,0.0105855,0.014842,0.0440098,16.3002,0
dls,0.01,721,1.442,0.0105882,0.0148443,0.0440554,16.3142,0
dls,0.01,722,1.444,0.0105909,0.0148465,0.0441009,16.3282,0
dls,0.01,723,1.446,0.0105936,0.0148488,0.0441463,16.3423,0
dls,0.01,724,1.448,0.0105963,0.014851,0.0441917,16.3564,0
dls,0.01,725,1.45,0.0105989,0.0148533,0.0442371,16.3705,0
dls,0.01,726,1.452,0.0106016,0.0148556,0.0442824,16.3847,0
dls,0.01,727,1.454,0.0106042,0.0148578,0.0443277,16.3989,0
dls,0.01,728,1.456,0.0106068,0.0148601,0.0443729,16.4132,0
dls,0.01,729,1.458,0.0106094,0.0148624,0.0444181,16.4275,0
dls,0.01,730,1.46,0.010612,0.0148646,0.0444633,16.4419,0
dls,0.01,731,1.462,0.0106145,0.0148669,0.0445084,16.4563,0
dls,0.01,732,1.464,0.0106171,0.0148691,0.0445534,16.4707,0
dls,0.01,733,1.466,0.0106196,0.0148714,0.0445984,16.4852,0
dls,0.01,734,1.468,0.0106221,0.0148737,0.0446434,16.4997,0
dls,0.01,735,1.47,0.0106245,0.014876,0.0446883,16.5143,0
dls,0.01,736,1.472,0.010627,0.0148782,0.0447332,16.529,0
dls,0.01,737,1.474,0.0106295,0.0148805,0.044778,16.5436,0
dls,0.01,738,1.476,0.0106319,0.0148828,0.0448228,16.5583,0
dls,0.01,739,1.478,0.0106343,0.014885,0.0448675,16.5731,0
dls,0.01,740,1.48,0.0106367,0.0148873,0.0449122,16.5879,0
dls,0.01,741,1.482,0.010639,0.0148896,0.0449569,16.6028,0
dls,0.01,742,1.484,0.0106414,0.0148919,0.0450015,16.6176,0
dls,0.01,743,1.486,0.0106437,0.0148941,0.045046,16.6326,0
dls,0.01,744,1.488,0.0106461,0.0148964,0.0450905,16.6476,0
dls,0.01,745,1.49,0.0106484,0.0148987,0.045135,16.6626,0
dls,0.01,746,1.492,0.0106506,0.014901,0.0451794,16.6777,0
dls,0.01,747,1.494,0.0106529,0.0149033,0.0452238,16.6928,0
dls,0.01,748,1.496,0.0106551,0.0149055,0.0452681,16.708,0
dls,0.01,749,1.498,0.0106574,0.0149078,0.0453124,16.7232,0
dls,0.01,750,1.5,0.0106596,0.0149101,0.0453566,16.7385,0
dls,0.01,751,1.502,0.0106618,0.0149124,0.0454008,16.7538,0
dls,0.01,752,1.504,0.0106639,0.0149147,0.045445,16.7692,0
dls,0.01,753,1.506,0.0106661,0.014917,0.0454891,16.7846,0
dls,0.01,754,1.508,0.0106682,0.0149192,0.0455331,16.8,0
dls,0.01,755,1.51,0.0106704,0.0149215,0.0455771,16.8155,0
dls,0.01,756,1.512,0.0106725,0.0149238,0.0456211,16.8311,0
dls,0.01,757,1.514,0.0106745,0.0149261,0.045665,16.8467,0
dls,0.01,758,1.516,0.0106766,0.0149284,0.0457089,16.8623,0
dls,0.01,759,1.518,0.0106786,0.0149307,0.0457527,16.878,0
dls,0.01,760,1.52,0.0106807,0.014933,0.0457965,16.8938,0
dls,0.01,761,1.522,0.0106827,0.0149353,0.0458402,16.9096,0
dls,0.01,762,1.524,0.0106847,0.0149376,0.0458839,16.9254,0
dls,0.01,763,1.526,0.0106866,0.0149398,0.0459275,16.9413,0
dls,0.01,764,1.528,0.0106886,0.0149421,0.0459711,16.9573,0
dls,0.01,765,1.53,0.0106905,0.0149444,0.0460147,16.9732,0
dls,0.01,766,1.532,0.0106925,0.0149467,0.0460582,16.9893,0
dls,0.01,767,1.534,0.0106944,0.014949,0.0461016,17.0054,0
dls,0.01,768,1.536,0.0106962,0.0149513,0.046145,17.0215,0
dls,0.01,769,1.538,0.0106981,0.0149536,0.0461884,17.0377,0
dls,0.01,770,1.54,0.0107,0.0149559,0.0462317,17.054,0
dls,0.01,771,1.542,0.0107018,0.0149582,0.0462749,17.0703,0
dls,0.01,772,1.544,0.0107036,0.0149605,0.0463182,17.0866,0
dls,0.01,773,1.546,0.0107054,0.0149628,0.0463613,17.103,0
dls,0.01,774,1.548,0.0107072,0.0149651,0.0464045,17.1194,0
dls,0.01,775,1.55,0.0107089,0.0149674,0.0464476,17.1359,0
dls,0.01,776,1.552,0.0107106,0.0149697,0.0464906,17.1525,0
dls,0.01,777,1.554,0.0107124,0.014972,0.0465336,17.1691,0
dls,0.01,778,1.556,0.0107141,0.0149743,0.0465765,17.1858,0
dls,0.01,779,1.558,0.0107158,0.0149766,0.0466194,17.2025,0
dls,0.01,780,1.56,0.0107174,0.0149789,0.0466623,17.2192,0
dls,0.01,781,1.562,0.0107191,0.0149812,0.0467051,17.236,0
dls,0.01,782,1.564,0.0107207,0.0149835,0.0467478,17.2529,0
dls,0.01,783,1.566,0.0107223,0.0149858,0.0467905,17.2698,0
dls,0.01,784,1.568,0.0107239,0.0149881,0.0468332,17.2868,0
dls,0.01,785,1.57,0.0107255,0.0149904,0.0468758,17.3038,0
dls,0.01,786,1.572,0.010727,0.0149927,0.0469183,17.3209,0
dls,0.01,787,1.574,0.0107286,0.014995,0.0469609,17.338,0
dls,0.01,788,1.576,0.0107301,0.0149973,0.0470033,17.3552,0
dls,0.01,789,1.578,0.0107316,0.0149996,0.0470458,17.3724,0
dls,0.01,790,1.58,0.0107331,0.0150019,0.0470881,17.3897,0
dls,0.01,791,1.582,0.0107345,0.0150042,0.0471305,17.4071,0
dls,0.01,792,1.584,0.010736,0.0150065,0.0471727,17.4245,0
dls,0.01,793,1.586,0.0107374,0.0150088,0.047215,17.442,0
dls,0.01,794,1.588,0.0107388,0.0150111,0.0472572,17.4595,0
dls,0.01,795,1.59,0.0107402,0.0150134,0.0472993,17.477,0
dls,0.01,796,1.592,0.0107416,0.0150157,0.0473414,17.4947,0
dls,0.01,797,1.594,0.010743,0.015018,0.0473834,17.5123,0
dls,0.01,798,1.596,0.0107443,0.0150204,0.0474254,17.5301,0
dls,0.01,799,1.598,0.0107456,0.0150227,0.0474674,17.5479,0
dls,0.01,800,1.6,0.0107469,0.015025,0.0475093,17.5657,0
dls,0.01,801,1.602,0.0107482,0.0150273,0.0475511,17.5836,0
dls,0.01,802,1.604,0.0107495,0.0150296,0.0475929,17.6016,0
dls,0.01,803,1.606,0.0107507,0.0150319,0.0476347,17.6196,0
dls,0.01,804,1.608,0.010752,0.0150342,0.0476764,17.6377,0
dls,0.01,805,1.61,0.0107532,0.0150365,0.0477181,17.6558,0
dls,0.01,806,1.612,0.0107544,0.0150388,0.0477597,17.674,0
dls,0.01,807,1.614,0.0107555,0.0150411,0.0478012,17.6923,0
dls,0.01,808,1.616,0.0107567,0.0150434,0.0478428,17.7106,0
dls,0.01,809,1.618,0.0107578,0.0150457,0.0478842,17.729,0
dls,0.01,810,1.62,0.010759,0.015048,0.0479257,17.7474,0
dls,0.01,811,1.622,0.0107601,0.0150504,0.047967,17.7659,0
dls,0.01,812,1.624,0.0107612,0.0150527,0.0480084,17.7844,0
dls,0.01,813,1.626,0.0107622,0.015055,0.0480496,17.803,0
dls,0.01,814,1.628,0.0107633,0.0150573,0.0480909,17.8217,0
dls,0.01,815,1.63,0.0107643,0.0150596,0.0481321,17.8404,0
dls,0.01,816,1.632,0.0107653,0.0150619,0.0481732,17.8592,0
dls,0.01,817,1.634,0.0107663,0.0150642,0.0482143,17.8781,0
dls,0.01,818,1.636,0.0107673,0.0150665,0.0482553,17.897,0
dls,0.01,819,1.638,0.0107683,0.0150688,0.0482963,17.9159,0
dls,0.01,820,1.64,0.0107692,0.0150711,0.0483372,17.935,0
dls,0.01,821,1.642,0.0107701,0.0150734,0.0483781,17.9541,0
dls,0.01,822,1.644,0.0107711,0.0150757,0.048419,17.9732,0
dls,0.01,823,1.646,0.0107719,0.0150781,0.0484598,17.9924,0
dls,0.01,824,1.648,0.0107728,0.0150804,0.0485005,18.0117,0
dls,0.01,825,1.65,0.0107737,0.0150827,0.0485412,18.031,0
dls,0.01,826,1.652,0.0107745,0.015085,0.0485819,18.0505,0
dls,0.01,827,1.654,0.0107753,0.0150873,0.0486225,18.0699,0
dls,0.01,828,1.656,0.0107761,0.0150896,0.048663,18.0894,0
dls,0.01,829,1.658,0.0107769,0.0150919,0.0487035,18.109,0
dls,0.01,830,1.66,0.0107777,0.0150942,0.048744,18.1287,0
dls,0.01,831,1.662,0.0107784,0.0150965,0.0487844,18.1484,0
dls,0.01,832,1.664,0.0107792,0.0150988,0.0488248,18.1682,0
dls,0.01,833,1.666,0.0107799,0.0151011,0.0488651,18.188,0
dls,0.01,834,1.668,0.0107806,0.0151034,0.0489053,18.208,0
dls,0.01,835,1.67,0.0107812,0.0151057,0.0489456,18.2279,0
dls,0.01,836,1.672,0.0107819,0.015108,0.0489857,18.248,0
dls,0.01,837,1.674,0.0107825,0.0151104,0.0490258,18.2681,0
dls,0.01,838,1.676,0.0107832,0.0151127,0.0490659,18.2883,0
dls,0.01,839,1.678,0.0107838,0.015115,0.0491059,18.3085,0
dls,0.01,840,1.68,0.0107844,0.0151173,0.0491459,18.3288,0
dls,0.01,841,1.682,0.0107849,0.0151196,0.0491858,18.3492,0
dls,0.01,842,1.684,0.0107855,0.0151219,0.0492257,18.3696,0
dls,0.01,843,1.686,0.010786,0.0151242,0.0492655,18.3901,0
dls,0.01,844,1.688,0.0107866,0.0151265,0.0493053,18.4107,0
dls,0.01,845,1.69,0.0107871,0.0151288,0.049345,18.4314,0
dls,0.01,846,1.692,0.0107875,0.0151311,0.0493847,18.4521,0
dls,0.01,847,1.694,0.010788,0.0151334,0.0494243,18.4728,0
dls,0.01,848,1.696,0.0107885,0.0151357,0.0494639,18.4937,0
dls,0.01,849,1.698,0.0107889,0.015138,0.0495034,18.5146,0
dls,0.01,850,1.7,0.0107893,0.0151403,0.0495429,18.5356,0
dls,0.01,851,1.702,0.0107897,0.0151426,0.0495823,18.5567,0
dls,0.01,852,1.704,0.0107901,0.0151449,0.0496217,18.5778,0
dls,0.01,853,1.706,0.0107904,0.0151472,0.049661,18.599,0
dls,0.01,854,1.708,0.0107908,0.0151495,0.0497003,18.6202,0
dls,0.01,855,1.71,0.0107911,0.0151518,0.0497395,18.6416,0
dls,0.01,856,1.712,0.0107914,0.0151541,0.0497787,18.663,0
dls,0.01,857,1.714,0.0107917,0.0151564,0.0498179,18.6845,0
dls,0.01,858,1.716,0.010792,0.0151587,0.0498569,18.706,0
dls,0.01,859,1.718,0.0107922,0.015161,0.049896,18.7276,0
dls,0.01,860,1.72,0.0107925,0.0151633,0.049935,18.7493,0
dls,0.01,861,1.722,0.0107927,0.0151656,0.0499739,18.7711,0
dls,0.01,862,1.724,0.0107929,0.0151679,0.0500128,18.7929,0
dls,0.01,863,1.726,0.0107931,0.0151702,0.0500516,18.8149,0
dls,0.01,864,1.728,0.0107933,0.0151725,0.0500904,18.8368,0
dls,0.01,865,1.73,0.0107934,0.0151748,0.0501291,18.8589,0
dls,0.01,866,1.732,0.0107935,0.0151771,0.0501678,18.881,0
dls,0.01,867,1.734,0.0107937,0.0151794,0.0502065,18.9032,0
dls,0.01,868,1.736,0.0107938,0.0151817,0.050245,18.9255,0
dls,0.01,869,1.738,0.0107938,0.015184,0.0502836,18.9479,0
dls,0.01,870,1.74,0.0107939,0.0151862,0.0503221,18.9703,0
dls,0.01,871,1.742,0.010794,0.0151885,0.0503605,18.9928,0
dls,0.01,872,1.744,0.010794,0.0151908,0.0503989,19.0154,0
dls,0.01,873,1.746,0.010794,0.0151931,0.0504372,19.0381,0
dls,0.01,874,1.748,0.010794,0.0151954,0.0504755,19.0608,0
dls,0.01,875,1.75,0.010794,0.0151977,0.0505138,19.0836,0
dls,0.01,876,1.752,0.010794,0.0152,0.0505519,19.1065,0
dls,0.01,877,1.754,0.0107939,0.0152023,0.0505901,19.1295,0
dls,0.01,878,1.756,0.0107938,0.0152046,0.0506282,19.1525,0
dls,0.01,879,1.758,0.0107937,0.0152068,0.0506662,19.1757,0
dls,0.01,880,1.76,0.0107936,0.0152091,0.0507042,19.1989,0
dls,0.01,881,1.762,0.0107935,0.0152114,0.0507421,19.2222,0
dls,0.01,882,1.764,0.0107934,0.0152137,0.05078,19.2455,0
dls,0.01,883,1.766,0.0107932,0.015216,0.0508179,19.269,0
dls,0.01,884,1.768,0.0107931,0.0152183,0.0508557,19.2925,0
dls,0.01,885,1.77,0.0107929,0.0152205,0.0508934,19.3161,0
dls,0.01,886,1.772,0.0107927,0.0152228,0.0509311,19.3398,0
dls,0.01,887,1.774,0.0107924,0.0152251,0.0509687,19.3635,0
dls,0.01,888,1.776,0.0107922,0.0152274,0.0510063,19.3874,0
dls,0.01,889,1.778,0.0107919,0.0152297,0.0510438,19.4113,0
dls,0.01,890,1.78,0.0107917,0.0152319,0.0510813,19.4353,0
dls,0.01,891,1.782,0.0107914,0.0152342,0.0511188,19.4594,0
dls,0.01,892,1.784,0.0107911,0.0152365,0.0511562,19.4836,0
dls,0.01,893,1.786,0.0107908,0.0152388,0.0511935,19.5079,0
dls,0.01,894,1.788,0.0107904,0.015241,0.0512308,19.5322,0
dls,0.01,895,1.79,0.0107901,0.0152433,0.051268,19.5566,0
dls,0.01,896,1.792,0.0107897,0.0152456,0.0513052,19.5811,0
dls,0.01,897,1.794,0.0107893,0.0152479,0.0513423,19.6057,0
dls,0.01,898,1.796,0.0107889,0.0152501,0.0513794,19.6304,0
dls,0.01,899,1.798,0.0107885,0.0152524,0.0514164,19.6552,0
dls,0.01,900,1.8,0.010788,0.0152547,0.0514534,19.68,0
dls,0.01,901,1.802,0.0107876,0.0152569,0.0514904,19.705,0
dls,0.01,902,1.804,0.0107871,0.0152592,0.0515272,19.73,0
dls,0.01,903,1.806,0.0107866,0.0152615,0.0515641,19.7551,0
dls,0.01,904,1.808,0.0107861,0.0152637,0.0516008,19.7803,0
dls,0.01,905,1.81,0.0107856,0.015266,0.0516376,19.8056,0
dls,0.01,906,1.812,0.010785,0.0152683,0.0516743,19.831,0
dls,0.01,907,1.814,0.0107845,0.0152705,0.0517109,19.8565,0
dls,0.01,908,1.816,0.0107839,0.0152728,0.0517475,19.882,0
dls,0.01,909,1.818,0.0107833,0.015275,0.051784,19.9077,0
dls,0.01,910,1.82,0.0107827,0.0152773,0.0518205,19.9334,0
dls,0.01,911,1.822,0.0107821,0.0152796,0.0518569,19.9592,0
dls,0.01,912,1.824,0.0107815,0.0152818,0.0518933,19.9851,0
dls,0.01,913,1.826,0.0107808,0.0152841,0.0519296,20.0112,0
dls,0.01,914,1.828,0.0107802,0.0152863,0.0519659,20.0373,0
dls,0.01,915,1.83,0.0107795,0.0152886,0.0520021,20.0634,0
dls,0.01,916,1.832,0.0107788,0.0152908,0.0520382,20.0897,0
dls,0.01,917,1.834,0.0107781,0.0152931,0.0520744,20.1161,0
dls,0.01,918,1.836,0.0107773,0.0152953,0.0521104,20.1426,0
dls,0.01,919,1.838,0.0107766,0.0152976,0.0521465,20.1691,0
dls,0.01,920,1.84,0.0107758,0.0152998,0.0521824,20.1958,0
dls,0.01,921,1.842,0.010775,0.0153021,0.0522183,20.2226,0
dls,0.01,922,1.844,0.0107742,0.0153043,0.0522542,20.2494,0
dls,0.01,923,1.846,0.0107734,0.0153065,0.05229,20.2764,0
dls,0.01,924,1.848,0.0107726,0.0153088,0.0523258,20.3034,0
dls,0.01,925,1.85,0.0107717,0.015311,0.0523615,20.3305,0
dls,0.01,926,1.852,0.0107709,0.0153133,0.0523972,20.3578,0
dls,0.01,927,1.854,0.01077,0.0153155,0.0524328,20.3851,0
dls,0.01,928,1.856,0.0107691,0.0153177,0.0524683,20.4125,0
dls,0.01,929,1.858,0.0107682,0.01532,0.0525038,20.4401,0
dls,0.01,930,1.86,0.0107673,0.0153222,0.0525393,20.4677,0
dls,0.01,931,1.862,0.0107663,0.0153244,0.0525747,20.4954,0
dls,0.01,932,1.864,0.0107654,0.0153267,0.05261,20.5233,0
dls,0.01,933,1.866,0.0107644,0.0153289,0.0526453,20.5512,0
dls,0.01,934,1.868,0.0107634,0.0153311,0.0526806,20.5792,0
dls,0.01,935,1.87,0.0107624,0.0153334,0.0527158,20.6073,0
dls,0.01,936,1.872,0.0107614,0.0153356,0.0527509,20.6356,0
dls,0.01,937,1.874,0.0107604,0.0153378,0.052786,20.6639,0
dls,0.01,938,1.876,0.0107593,0.01534,0.0528211,20.6924,0
dls,0.01,939,1.878,0.0107583,0.0153423,0.0528561,20.7209,0
dls,0.01,940,1.88,0.0107572,0.0153445,0.052891,20.7495,0
dls,0.01,941,1.882,0.0107561,0.0153467,0.0529259,20.7783,0
dls,0.01,942,1.884,0.010755,0.0153489,0.0529608,20.8071,0
dls,0.01,943,1.886,0.0107538,0.0153511,0.0529955,20.8361,0
dls,0.01,944,1.888,0.0107527,0.0153534,0.0530303,20.8652,0
dls,0.01,945,1.89,0.0107515,0.0153556,0.053065,20.8943,0
dls,0.01,946,1.892,0.0107504,0.0153578,0.0530996,20.9236,0
dls,0.01,947,1.894,0.0107492,0.01536,0.0531342,20.953,0
dls,0.01,948,1.896,0.010748,0.0153622,0.0531687,20.9825,0
dls,0.01,949,1.898,0.0107468,0.0153644,0.0532032,21.0121,0
dls,0.01,950,1.9,0.0107455,0.0153666,0.0532376,21.0418,0
dls,0.01,951,1.902,0.0107443,0.0153688,0.053272,21.0716,0
dls,0.01,952,1.904,0.010743,0.015371,0.0533063,21.1016,0
dls,0.01,953,1.906,0.0107417,0.0153732,0.0533406,21.1316,0
dls,0.01,954,1.908,0.0107405,0.0153754,0.0533748,21.1618,0
dls,0.01,955,1.91,0.0107391,0.0153776,0.053409,21.192,0
dls,0.01,956,1.912,0.0107378,0.0153798,0.0534431,21.2224,0
dls,0.01,957,1.914,0.0107365,0.015382,0.0534772,21.2529,0
dls,0.01,958,1.916,0.0107351,0.0153842,0.0535112,21.2835,0
dls,0.01,959,1.918,0.0107338,0.0153864,0.0535452,21.3142,0
dls,0.01,960,1.92,0.0107324,0.0153886,0.0535791,21.3451,0
dls,0.01,961,1.922,0.010731,0.0153908,0.053613,21.376,0
dls,0.01,962,1.924,0.0107296,0.015393,0.0536468,21.4071,0
dls,0.01,963,1.926,0.0107281,0.0153951,0.0536805,21.4383,0
dls,0.01,964,1.928,0.0107267,0.0153973,0.0537142,21.4696,0
dls,0.01,965,1.93,0.0107252,0.0153995,0.0537479,21.501,0
dls,0.01,966,1.932,0.0107238,0.0154017,0.0537815,21.5325,0
dls,0.01,967,1.934,0.0107223,0.0154039,0.053815,21.5642,0
dls,0.01,968,1.936,0.0107208,0.015406,0.0538485,21.5959,0
dls,0.01,969,1.938,0.0107193,0.0154082,0.053882,21.6278,0
dls,0.01,970,1.94,0.0107177,0.0154104,0.0539154,21.6598,0
dls,0.01,971,1.942,0.0107162,0.0154126,0.0539487,21.692,0
dls,0.01,972,1.944,0.0107146,0.0154147,0.053982,21.7242,0
dls,0.01,973,1.946,0.0107131,0.0154169,0.0540153,21.7566,0
dls,0.01,974,1.948,0.0107115,0.0154191,0.0540484,21.7891,0
dls,0.01,975,1.95,0.0107099,0.0154212,0.0540816,21.8217,0
dls,0.01,976,1.952,0.0107083,0.0154234,0.0541147,21.8545,0
dls,0.01,977,1.954,0.0107066,0.0154255,0.0541477,21.8873,0
dls,0.01,978,1.956,0.010705,0.0154277,0.0541807,21.9203,0
dls,0.01,979,1.958,0.0107033,0.0154299,0.0542136,21.9535,0
dls,0.01,980,1.96,0.0107017,0.015432,0.0542465,21.9867,0
dls,0.01,981,1.962,0.0107,0.0154342,0.0542793,22.0201,0
dls,0.01,982,1.964,0.0106983,0.0154363,0.0543121,22.0536,0
dls,0.01,983,1.966,0.0106965,0.0154385,0.0543448,22.0873,0
dls,0.01,984,1.968,0.0106948,0.0154406,0.0543775,22.121,0
dls,0.01,985,1.97,0.0106931,0.0154428,0.0544101,22.1549,0
dls,0.01,986,1.972,0.0106913,0.0154449,0.0544427,22.189,0
dls,0.01,987,1.974,0.0106896,0.015447,0.0544752,22.2231,0
dls,0.01,988,1.976,0.0106878,0.0154492,0.0545076,22.2574,0
dls,0.01,989,1.978,0.010686,0.0154513,0.0545401,22.2918,0
dls,0.01,990,1.98,0.0106842,0.0154534,0.0545724,22.3264,0
dls,0.01,991,1.982,0.0106823,0.0154556,0.0546047,22.3611,0
dls,0.01,992,1.984,0.0106805,0.0154577,0.054637,22.3959,0
dls,0.01,993,1.986,0.0106786,0.0154598,0.0546692,22.4309,0
dls,0.01,994,1.988,0.0106768,0.015462,0.0547013,22.466,0
dls,0.01,995,1.99,0.0106749,0.0154641,0.0547334,22.5013,0
dls,0.01,996,1.992,0.010673,0.0154662,0.0547655,22.5366,0
dls,0.01,997,1.994,0.0106711,0.0154683,0.0547975,22.5722,0
dls,0.01,998,1.996,0.0106692,0.0154704,0.0548294,22.6078,0
dls,0.01,999,1.998,0.0106672,0.0154726,0.0548613,22.6436,0
dls,0.01,1000,2.0,0.0106653,0.0154747,0.0548931,22.6796,0
dls,0.01,1001,2.002,0.0106633,0.0154768,0.0549249,22.7156,0
dls,0.01,1002,2.004,0.0106614,0.0154789,0.0549567,22.7519,0
dls,0.01,1003,2.006,0.0106594,0.015481,0.0549883,22.7882,0
dls,0.01,1004,2.008,0.0106574,0.0154831,0.05502,22.8248,0
dls,0.01,1005,2.01,0.0106554,0.0154852,0.0550515,22.8614,0
dls,0.01,1006,2.012,0.0106533,0.0154873,0.0550831,22.8982,0
dls,0.01,1007,2.014,0.0106513,0.0154894,0.0551145,22.9352,0
dls,0.01,1008,2.016,0.0106492,0.0154915,0.055146,22.9723,0
dls,0.01,1009,2.018,0.0106472,0.0154936,0.0551773,23.0095,0
dls,0.01,1010,2.02,0.0106451,0.0154957,0.0552086,23.0469,0
dls,0.01,1011,2.022,0.010643,0.0154978,0.0552399,23.0845,0
dls,0.01,1012,2.024,0.0106409,0.0154999,0.0552711,23.1222,0
dls,0.01,1013,2.026,0.0106388,0.015502,0.0553023,23.16,0
dls,0.01,1014,2.028,0.0106366,0.015504,0.0553334,23.1981,0
dls,0.01,1015,2.03,0.0106345,0.0155061,0.0553644,23.2362,0
dls,0.01,1016,2.032,0.0106324,0.0155082,0.0553955,23.2745,0
dls,0.01,1017,2.034,0.0106302,0.0155103,0.0554264,23.313,0
dls,0.01,1018,2.036,0.010628,0.0155124,0.0554573,23.3516,0
dls,0.01,1019,2.038,0.0106258,0.0155144,0.0554882,23.3904,0
dls,0.01,1020,2.04,0.0106236,0.0155165,0.0555189,23.4293,0
dls,0.01,1021,2.042,0.0106214,0.0155186,0.0555497,23.4684,0
dls,0.01,1022,2.044,0.0106192,0.0155206,0.0555804,23.5077,0
dls,0.01,1023,2.046,0.0106169,0.0155227,0.055611,23.5471,0
dls,0.01,1024,2.048,0.0106147,0.0155248,0.0556416,23.5867,0
dls,0.01,1025,2.05,0.0106124,0.0155268,0.0556721,23.6264,0
dls,0.01,1026,2.052,0.0106101,0.0155289,0.0557026,23.6664,0
dls,0.01,1027,2.054,0.0106078,0.0155309,0.0557331,23.7064,0
dls,0.01,1028,2.056,0.0106055,0.015533,0.0557634,23.7467,0
dls,0.01,1029,2.058,0.0106032,0.015535,0.0557938,23.7871,0
dls,0.01,1030,2.06,0.0106009,0.0155371,0.055824,23.8276,0
dls,0.01,1031,2.062,0.0105985,0.0155391,0.0558543,23.8684,0
dls,0.01,1032,2.064,0.0105962,0.0155411,0.0558844,23.9093,0
dls,0.01,1033,2.066,0.0105938,0.0155432,0.0559145,23.9504,0
dls,0.01,1034,2.068,0.0105914,0.0155452,0.0559446,23.9916,0
dls,0.01,1035,2.07,0.010589,0.0155473,0.0559746,24.033,0
dls,0.01,1036,2.072,0.0105866,0.0155493,0.0560046,24.0746,0
dls,0.01,1037,2.074,0.0105842,0.0155513,0.0560345,24.1164,0
dls,0.01,1038,2.076,0.0105818,0.0155533,0.0560643,24.1583,0
dls,0.01,1039,2.078,0.0105794,0.0155554,0.0560941,24.2005,0
dls,0.01,1040,2.08,0.0105769,0.0155574,0.0561239,24.2428,0
dls,0.01,1041,2.082,0.0105745,0.0155594,0.0561536,24.2852,0
dls,0.01,1042,2.084,0.010572,0.0155614,0.0561832,24.3279,0
dls,0.01,1043,2.086,0.0105695,0.0155634,0.0562128,24.3707,0
dls,0.01,1044,2.088,0.010567,0.0155654,0.0562424,24.4138,0
dls,0.01,1045,2.09,0.0105645,0.0155674,0.0562719,24.457,0
dls,0.01,1046,2.092,0.010562,0.0155695,0.0563013,24.5003,0
dls,0.01,1047,2.094,0.0105595,0.0155715,0.0563307,24.5439,0
dls,0.01,1048,2.096,0.0105569,0.0155735,0.05636,24.5877,0
dls,0.01,1049,2.098,0.0105544,0.0155755,0.0563893,24.6316,0
dls,0.01,1050,2.1,0.0105518,0.0155774,0.0564185,24.6757,0
dls,0.01,1051,2.102,0.0105492,0.0155794,0.0564477,24.7201,0
dls,0.01,1052,2.104,0.0105467,0.0155814,0.0564768,24.7646,0
dls,0.01,1053,2.106,0.0105441,0.0155834,0.0565059,24.8093,0
dls,0.01,1054,2.108,0.0105415,0.0155854,0.0565349,24.8542,0
dls,0.01,1055,2.11,0.0105388,0.0155874,0.0565639,24.8993,0
dls,0.01,1056,2.112,0.0105362,0.0155894,0.0565928,24.9445,0
dls,0.01,1057,2.114,0.0105336,0.0155913,0.0566217,24.99,0
dls,0.01,1058,2.116,0.0105309,0.0155933,0.0566505,25.0357,0
dls,0.01,1059,2.118,0.0105283,0.0155953,0.0566793,25.0816,0
dls,0.01,1060,2.12,0.0105256,0.0155972,0.056708,25.1277,0
dls,0.01,1061,2.122,0.0105229,0.0155992,0.0567366,25.1739,0
dls,0.01,1062,2.124,0.0105202,0.0156012,0.0567652,25.2204,0
dls,0.01,1063,2.126,0.0105175,0.0156031,0.0567938,25.2671,0
dls,0.01,1064,2.128,0.0105148,0.0156051,0.0568223,25.314,0
dls,0.01,1065,2.13,0.0105121,0.015607,0.0568507,25.3611,0
dls,0.01,1066,2.132,0.0105094,0.015609,0.0568791,25.4084,0
dls,0.01,1067,2.134,0.0105066,0.0156109,0.0569075,25.4559,0
dls,0.01,1068,2.136,0.0105039,0.0156129,0.0569358,25.5036,0
dls,0.01,1069,2.138,0.0105011,0.0156148,0.056964,25.5515,0
dls,0.01,1070,2.14,0.0104983,0.0156167,0.0569922,25.5997,0
dls,0.01,1071,2.142,0.0104955,0.0156187,0.0570203,25.6481,0
dls,0.01,1072,2.144,0.0104928,0.0156206,0.0570484,25.6966,0
dls,0.01,1073,2.146,0.0104899,0.0156225,0.0570764,25.7454,0
dls,0.01,1074,2.148,0.0104871,0.0156245,0.0571044,25.7944,0
dls,0.01,1075,2.15,0.0104843,0.0156264,0.0571324,25.8437,0
dls,0.01,1076,2.152,0.0104815,0.0156283,0.0571602,25.8931,0
dls,0.01,1077,2.154,0.0104786,0.0156302,0.0571881,25.9428,0
dls,0.01,1078,2.156,0.0104758,0.0156321,0.0572158,25.9927,0
dls,0.01,1079,2.158,0.0104729,0.0156341,0.0572435,26.0428,0
dls,0.01,1080,2.16,0.01047,0.015636,0.0572712,26.0932,0
dls,0.01,1081,2.162,0.0104672,0.0156379,0.0572988,26.1437,0
dls,0.01,1082,2.164,0.0104643,0.0156398,0.0573264,26.1945,0
dls,0.01,1083,2.166,0.0104614,0.0156417,0.0573539,26.2456,0
dls,0.01,1084,2.168,0.0104585,0.0156436,0.0573814,26.2969,0
dls,0.01,1085,2.17,0.0104555,0.0156455,0.0574088,26.3484,0
dls,0.01,1086,2.172,0.0104526,0.0156474,0.0574361,26.4001,0
dls,0.01,1087,2.174,0.0104497,0.0156492,0.0574634,26.4521,0
dls,0.01,1088,2.176,0.0104467,0.0156511,0.0574907,26.5043,0
dls,0.01,1089,2.178,0.0104438,0.015653,0.0575179,26.5568,0
dls,0.01,1090,2.18,0.0104408,0.0156549,0.057545,26.6095,0
dls,0.01,1091,2.182,0.0104378,0.0156568,0.0575721,26.6624,0
dls,0.01,1092,2.184,0.0104348,0.0156586,0.0575992,26.7156,0
dls,0.01,1093,2.186,0.0104318,0.0156605,0.0576262,26.769,0
dls,0.01,1094,2.188,0.0104288,0.0156624,0.0576531,26.8227,0
dls,0.01,1095,2.19,0.0104258,0.0156642,0.05768,26.8766,0
dls,0.01,1096,2.192,0.0104228,0.0156661,0.0577068,26.9308,0
dls,0.01,1097,2.194,0.0104198,0.0156679,0.0577336,26.9853,0
dls,0.01,1098,2.196,0.0104167,0.0156698,0.0577603,27.04,0
dls,0.01,1099,2.198,0.0104137,0.0156716,0.057787,27.0949,0
dls,0.01,1100,2.2,0.0104106,0.0156735,0.0578137,27.1501,0
dls,0.01,1101,2.202,0.0104076,0.0156753,0.0578402,27.2056,0
dls,0.01,1102,2.204,0.0104045,0.0156772,0.0578668,27.2613,0
dls,0.01,1103,2.206,0.0104014,0.015679,0.0578932,27.3173,0
dls,0.01,1104,2.208,0.0103983,0.0156808,0.0579197,27.3736,0
dls,0.01,1105,2.21,0.0103952,0.0156827,0.057946,27.4301,0
dls,0.01,1106,2.212,0.0103921,0.0156845,0.0579724,27.4869,0
dls,0.01,1107,2.214,0.010389,0.0156863,0.0579986,27.544,0
dls,0.01,1108,2.216,0.0103859,0.0156881,0.0580248,27.6013,0
dls,0.01,1109,2.218,0.0103828,0.0156899,0.058051,27.6589,0
dls,0.01,1110,2.22,0.0103796,0.0156918,0.0580771,27.7168,0
dls,0.01,1111,2.222,0.0103765,0.0156936,0.0581032,27.775,0
dls,0.01,1112,2.224,0.0103733,0.0156954,0.0581292,27.8334,0
dls,0.01,1113,2.226,0.0103702,0.0156972,0.0581552,27.8922,0
dls,0.01,1114,2.228,0.010367,0.015699,0.0581811,27.9512,0
dls,0.01,1115,2.23,0.0103638,0.0157008,0.0582069,28.0105,0
dls,0.01,1116,2.232,0.0103606,0.0157026,0.0582327,28.0701,0
dls,0.01,1117,2.234,0.0103574,0.0157044,0.0582585,28.13,0
dls,0.01,1118,2.236,0.0103542,0.0157061,0.0582842,28.1902,0
dls,0.01,1119,2.238,0.010351,0.0157079,0.0583098,28.2506,0
dls,0.01,1120,2.24,0.0103478,0.0157097,0.0583354,28.3114,0
dls,0.01,1121,2.242,0.0103446,0.0157115,0.058361,28.3725,0
dls,0.01,1122,2.244,0.0103414,0.0157133,0.0583865,28.4338,0
dls,0.01,1123,2.246,0.0103381,0.015715,0.0584119,28.4955,0
dls,0.01,1124,2.248,0.0103349,0.0157168,0.0584373,28.5575,0
dls,0.01,1125,2.25,0.0103316,0.0157185,0.0584626,28.6198,0
dls,0.01,1126,2.252,0.0103284,0.0157203,0.0584879,28.6823,0
dls,0.01,1127,2.254,0.0103251,0.0157221,0.0585132,28.7453,0
dls,0.01,1128,2.256,0.0103218,0.0157238,0.0585384,28.8085,0
dls,0.01,1129,2.258,0.0103186,0.0157256,0.0585635,28.872,0
dls,0.01,1130,2.26,0.0103153,0.0157273,0.0585886,28.9359,0
dls,0.01,1131,2.262,0.010312,0.015729,0.0586136,29.0,0
dls,0.01,1132,2.264,0.0103087,0.0157308,0.0586386,29.0645,0
dls,0.01,1133,2.266,0.0103054,0.0157325,0.0586635,29.1294,0
dls,0.01,1134,2.268,0.0103021,0.0157342,0.0586884,29.1945,0
dls,0.01,1135,2.27,0.0102987,0.015736,0.0587133,29.26,0
dls,0.01,1136,2.272,0.0102954,0.0157377,0.058738,29.3258,0
dls,0.01,1137,2.274,0.0102921,0.0157394,0.0587628,29.3919,0
dls,0.01,1138,2.276,0.0102887,0.0157411,0.0587874,29.4584,0
dls,0.01,1139,2.278,0.0102854,0.0157428,0.0588121,29.5253,0
dls,0.01,1140,2.28,0.010282,0.0157445,0.0588366,29.5924,0
dls,0.01,1141,2.282,0.0102787,0.0157462,0.0588612,29.6599,0
dls,0.01,1142,2.284,0.0102753,0.0157479,0.0588856,29.7278,0
dls,0.01,1143,2.286,0.0102719,0.0157496,0.0589101,29.796,0
dls,0.01,1144,2.288,0.0102686,0.0157513,0.0589344,29.8646,0
dls,0.01,1145,2.29,0.0102652,0.015753,0.0589587,29.9335,0
dls,0.01,1146,2.292,0.0102618,0.0157547,0.058983,30.0028,0
dls,0.01,1147,2.294,0.0102584,0.0157564,0.0590072,30.0724,0
dls,0.01,1148,2.296,0.010255,0.0157581,0.0590314,30.1424,0
dls,0.01,1149,2.298,0.0102516,0.0157597,0.0590555,30.2128,0
dls,0.01,1150,2.3,0.0102482,0.0157614,0.0590796,30.2835,0
dls,0.01,1151,2.302,0.0102448,0.0157631,0.0591036,30.3546,0
dls,0.01,1152,2.304,0.0102413,0.0157647,0.0591276,30.4261,0
dls,0.01,1153,2.306,0.0102379,0.0157664,0.0591515,30.498,0
dls,0.01,1154,2.308,0.0102345,0.015768,0.0591753,30.5702,0
dls,0.01,1155,2.31,0.010231,0.0157697,0.0591991,30.6429,0
dls,0.01,1156,2.312,0.0102276,0.0157713,0.0592229,30.7159,0
dls,0.01,1157,2.314,0.0102241,0.015773,0.0592466,30.7893,0
dls,0.01,1158,2.316,0.0102207,0.0157746,0.0592703,30.8631,0
dls,0.01,1159,2.318,0.0102172,0.0157763,0.0592939,30.9373,0
dls,0.01,1160,2.32,0.0102138,0.0157779,0.0593174,31.0119,0
dls,0.01,1161,2.322,0.0102103,0.0157795,0.059341,31.0869,0
dls,0.01,1162,2.324,0.0102068,0.0157811,0.0593644,31.1623,0
dls,0.01,1163,2.326,0.0102033,0.0157828,0.0593878,31.2381,0
dls,0.01,1164,2.328,0.0101999,0.0157844,0.0594112,31.3143,0
dls,0.01,1165,2.33,0.0101964,0.015786,0.0594345,31.3909,0
dls,0.01,1166,2.332,0.0101929,0.0157876,0.0594577,31.468,0
dls,0.01,1167,2.334,0.0101894,0.0157892,0.0594809,31.5454,0
dls,0.01,1168,2.336,0.0101859,0.0157908,0.0595041,31.6233,0
dls,0.01,1169,2.338,0.0101824,0.0157924,0.0595272,31.7017,0
dls,0.01,1170,2.34,0.0101789,0.015794,0.0595503,31.7804,0
dls,0.01,1171,2.342,0.0101753,0.0157956,0.0595733,31.8596,0
dls,0.01,1172,2.344,0.0101718,0.0157972,0.0595962,31.9392,0
dls,0.01,1173,2.346,0.0101683,0.0157987,0.0596191,32.0193,0
dls,0.01,1174,2.348,0.0101648,0.0158003,0.059642,32.0998,0
dls,0.01,1175,2.35,0.0101612,0.0158019,0.0596648,32.1808,0
dls,0.01,1176,2.352,0.0101577,0.0158035,0.0596875,32.2622,0
dls,0.01,1177,2.354,0.0101542,0.015805,0.0597102,32.3441,0
dls,0.01,1178,2.356,0.0101506,0.0158066,0.0597329,32.4264,0
dls,0.01,1179,2.358,0.0101471,0.0158081,0.0597555,32.5092,0
dls,0.01,1180,2.36,0.0101435,0.0158097,0.059778,32.5925,0
dls,0.01,1181,2.362,0.01014,0.0158112,0.0598005,32.6762,0
dls,0.01,1182,2.364,0.0101364,0.0158128,0.059823,32.7605,0
dls,0.01,1183,2.366,0.0101328,0.0158143,0.0598454,32.8452,0
dls,0.01,1184,2.368,0.0101293,0.0158158,0.0598677,32.9303,0
dls,0.01,1185,2.37,0.0101257,0.0158174,0.05989,33.016,0
dls,0.01,1186,2.372,0.0101221,0.0158189,0.0599123,33.1022,0
dls,0.01,1187,2.374,0.0101185,0.0158204,0.0599345,33.1888,0
dls,0.01,1188,2.376,0.010115,0.0158219,0.0599566,33.276,0
dls,0.01,1189,2.378,0.0101114,0.0158235,0.0599787,33.3636,0
dls,0.01,1190,2.38,0.0101078,0.015825,0.0600008,33.4518,0
dls,0.01,1191,2.382,0.0101042,0.0158265,0.0600228,33.5405,0
dls,0.01,1192,2.384,0.0101006,0.015828,0.0600447,33.6297,0
dls,0.01,1193,2.386,0.010097,0.0158295,0.0600666,33.7194,0
dls,0.01,1194,2.388,0.0100934,0.015831,0.0600885,33.8096,0
dls,0.01,1195,2.39,0.0100898,0.0158324,0.0601103,33.9004,0
dls,0.01,1196,2.392,0.0100862,0.0158339,0.060132,33.9917,0
dls,0.01,1197,2.394,0.0100826,0.0158354,0.0601537,34.0836,0
dls,0.01,1198,2.396,0.010079,0.0158369,0.0601754,34.176,0
dls,0.01,1199,2.398,0.0100754,0.0158384,0.060197,34.2689,0
dls,0.01,1200,2.4,0.0100718,0.0158398,0.0602185,34.3624,0
dls,0.01,1201,2.402,0.0100682,0.0158413,0.06024,34.4565,0
dls,0.01,1202,2.404,0.0100645,0.0158427,0.0602615,34.5511,0
dls,0.01,1203,2.406,0.0100609,0.0158442,0.0602829,34.6463,0
dls,0.01,1204,2.408,0.0100573,0.0158456,0.0603042,34.7421,0
dls,0.01,1205,2.41,0.0100537,0.0158471,0.0603255,34.8384,0
dls,0.01,1206,2.412,0.01005,0.0158485,0.0603468,34.9353,0
dls,0.01,1207,2.414,0.0100464,0.01585,0.060368,35.0329,0
dls,0.01,1208,2.416,0.0100428,0.0158514,0.0603891,35.131,0
dls,0.01,1209,2.418,0.0100392,0.0158528,0.0604102,35.2297,0
dls,0.01,1210,2.42,0.0100355,0.0158542,0.0604313,35.329,0
dls,0.01,1211,2.422,0.0100319,0.0158557,0.0604523,35.4289,0
dls,0.01,1212,2.424,0.0100282,0.0158571,0.0604732,35.5295,0
dls,0.01,1213,2.426,0.0100246,0.0158585,0.0604941,35.6306,0
dls,0.01,1214,2.428,0.010021,0.0158599,0.060515,35.7324,0
dls,0.01,1215,2.43,0.0100173,0.0158613,0.0605358,35.8349,0
dls,0.01,1216,2.432,0.0100137,0.0158627,0.0605565,35.9379,0
dls,0.01,1217,2.434,0.01001,0.0158641,0.0605772,36.0416,0
dls,0.01,1218,2.436,0.0100064,0.0158655,0.0605979,36.146,0
dls,0.01,1219,2.438,0.0100027,0.0158668,0.0606185,36.251,0
dls,0.01,1220,2.44,0.0099991,0.0158682,0.060639,36.3567,0
dls,0.01,1221,2.442,0.00999545,0.0158696,0.0606595,36.463,0
dls,0.01,1222,2.444,0.0099918,0.0158709,0.06068,36.5701,0
dls,0.01,1223,2.446,0.00998814,0.0158723,0.0607004,36.6778,0
dls,0.01,1224,2.448,0.00998449,0.0158737,0.0607208,36.7862,0
dls,0.01,1225,2.45,0.00998084,0.015875,0.0607411,36.8953,0
dls,0.01,1226,2.452,0.00997719,0.0158764,0.0607613,37.0051,0
dls,0.01,1227,2.454,0.00997353,0.0158777,0.0607815,37.1156,0
dls,0.01,1228,2.456,0.00996988,0.0158791,0.0608017,37.2268,0
dls,0.01,1229,2.458,0.00996622,0.0158804,0.0608218,37.3387,0
dls,0.01,1230,2.46,0.00996257,0.0158817,0.0608418,37.4514,0
dls,0.01,1231,2.462,0.00995891,0.015883,0.0608618,37.5648,0
dls,0.01,1232,2.464,0.00995526,0.0158844,0.0608818,37.6789,0
dls,0.01,1233,2.466,0.0099516,0.0158857,0.0609017,37.7938,0
dls,0.01,1234,2.468,0.00994795,0.015887,0.0609215,37.9095,0
dls,0.01,1235,2.47,0.00994429,0.0158883,0.0609413,38.0259,0
dls,0.01,1236,2.472,0.00994063,0.0158896,0.060961,38.143,0
dls,0.01,1237,2.474,0.00993698,0.0158909,0.0609807,38.261,0
dls,0.01,1238,2.476,0.00993332,0.0158922,0.0610004,38.3798,0
dls,0.01,1239,2.478,0.00992967,0.0158935,0.06102,38.4993,0
dls,0.01,1240,2.48,0.00992601,0.0158948,0.0610395,38.6196,0
dls,0.01,1241,2.482,0.00992236,0.015896,0.061059,38.7408,0
dls,0.01,1242,2.484,0.0099187,0.0158973,0.0610785,38.8628,0
dls,0.01,1243,2.486,0.00991505,0.0158986,0.0610979,38.9856,0
dls,0.01,1244,2.488,0.0099114,0.0158998,0.0611172,39.1092,0
dls,0.01,1245,2.49,0.00990774,0.0159011,0.0611365,39.2337,0
dls,0.01,1246,2.492,0.00990409,0.0159024,0.0611557,39.359,0
dls,0.01,1247,2.494,0.00990044,0.0159036,0.0611749,39.4852,0
dls,0.01,1248,2.496,0.00989679,0.0159049,0.061194,39.6123,0
dls,0.01,1249,2.498,0.00989314,0.0159061,0.0612131,39.7402,0
dls,0.01,1250,2.5,0.0098895,0.0159073,0.0612321,39.869,0
dls,0.01,1251,2.502,0.00988585,0.0159086,0.0612511,39.9987,0
dls,0.01,1252,2.504,0.0098822,0.0159098,0.0612701,40.1294,0
dls,0.01,1253,2.506,0.00987856,0.015911,0.0612889,40.2609,0
dls,0.01,1254,2.508,0.00987492,0.0159122,0.0613078,40.3934,0
dls,0.01,1255,2.51,0.00987128,0.0159134,0.0613265,40.5268,0
dls,0.01,1256,2.512,0.00986764,0.0159146,0.0613452,40.6611,0
dls,0.01,1257,2.514,0.009864,0.0159158,0.0613639,40.7964,0
dls,0.01,1258,2.516,0.00986036,0.015917,0.0613825,40.9327,0
dls,0.01,1259,2.518,0.00985673,0.0159182,0.0614011,41.0699,0
dls,0.01,1260,2.52,0.0098531,0.0159194,0.0614196,41.2081,0
dls,0.01,1261,2.522,0.00984946,0.0159206,0.061438,41.3473,0
dls,0.01,1262,2.524,0.00984584,0.0159217,0.0614564,41.4875,0
dls,0.01,1263,2.526,0.00984221,0.0159229,0.0614748,41.6287,0
dls,0.01,1264,2.528,0.00983858,0.0159241,0.0614931,41.771,0
dls,0.01,1265,2.53,0.00983496,0.0159252,0.0615113,41.9143,0
dls,0.01,1266,2.532,0.00983134,0.0159264,0.0615295,42.0586,0
dls,0.01,1267,2.534,0.00982772,0.0159275,0.0615476,42.204,0
dls,0.01,1268,2.536,0.00982411,0.0159287,0.0615657,42.3505,0
dls,0.01,1269,2.538,0.00982049,0.0159298,0.0615837,42.4981,0
dls,0.01,1270,2.54,0.00981688,0.015931,0.0616017,42.6467,0
dls,0.01,1271,2.542,0.00981327,0.0159321,0.0616196,42.7965,0
dls,0.01,1272,2.544,0.00980967,0.0159332,0.0616374,42.9473,0
dls,0.01,1273,2.546,0.00980607,0.0159343,0.0616552,43.0993,0
dls,0.01,1274,2.548,0.00980247,0.0159354,0.061673,43.2525,0
dls,0.01,1275,2.55,0.00979887,0.0159365,0.0616907,43.4068,0
dls,0.01,1276,2.552,0.00979527,0.0159376,0.0617083,43.5623,0
dls,0.01,1277,2.554,0.00979168,0.0159387,0.0617258,43.7189,0
dls,0.01,1278,2.556,0.0097881,0.0159398,0.0617434,43.8768,0
dls,0.01,1279,2.558,0.00978451,0.0159409,0.0617608,44.0359,0
dls,0.01,1280,2.56,0.00978093,0.015942,0.0617782,44.1962,0
dls,0.01,1281,2.562,0.00977735,0.0159431,0.0617955,44.3577,0
dls,0.01,1282,2.564,0.00977378,0.0159441,0.0618128,44.5205,0
dls,0.01,1283,2.566,0.00977021,0.0159452,0.06183,44.6845,0
dls,0.01,1284,2.568,0.00976664,0.0159463,0.0618472,44.8499,0
dls,0.01,1285,2.57,0.00976308,0.0159473,0.0618643,45.0165,0
dls,0.01,1286,2.572,0.00975952,0.0159484,0.0618813,45.1844,0
dls,0.01,1287,2.574,0.00975596,0.0159494,0.0618983,45.3537,0
dls,0.01,1288,2.576,0.00975241,0.0159505,0.0619152,45.5243,0
dls,0.01,1289,2.578,0.00974886,0.0159515,0.0619321,45.6962,0
dls,0.01,1290,2.58,0.00974532,0.0159525,0.0619489,45.8696,0
dls,0.01,1291,2.582,0.00974178,0.0159535,0.0619656,46.0443,0
dls,0.01,1292,2.584,0.00973824,0.0159545,0.0619823,46.2204,0
dls,0.01,1293,2.586,0.00973471,0.0159556,0.0619989,46.398,0
dls,0.01,1294,2.588,0.00973119,0.0159566,0.0620154,46.577,0
dls,0.01,1295,2.59,0.00972766,0.0159576,0.0620319,46.7574,0
dls,0.01,1296,2.592,0.00972415,0.0159586,0.0620483,46.9394,0
dls,0.01,1297,2.594,0.00972063,0.0159595,0.0620646,47.1228,0
dls,0.01,1298,2.596,0.00971713,0.0159605,0.0620809,47.3077,0
dls,0.01,1299,2.598,0.00971362,0.0159615,0.0620971,47.4942,0
dls,0.01,1300,2.6,0.00971012,0.0159625,0.0621132,47.6822,0
dls,0.01,1301,2.602,0.00970663,0.0159634,0.0621293,47.8718,0
dls,0.01,1302,2.604,0.00970314,0.0159644,0.0621453,48.0629,0
dls,0.01,1303,2.606,0.00969966,0.0159654,0.0621612,48.2557,0
dls,0.01,1304,2.608,0.00969618,0.0159663,0.0621771,48.4501,0
dls,0.01,1305,2.61,0.00969271,0.0159673,0.0621928,48.6462,0
dls,0.01,1306,2.612,0.00968924,0.0159682,0.0622085,48.8439,0
dls,0.01,1307,2.614,0.00968578,0.0159691,0.0622242,49.0433,0
dls,0.01,1308,2.616,0.00968232,0.0159701,0.0622397,49.2444,0
dls,0.01,1309,2.618,0.00967887,0.015971,0.0622552,49.4472,0
dls,0.01,1310,2.62,0.00967543,0.0159719,0.0622706,49.6518,0
dls,0.01,1311,2.622,0.00967199,0.0159728,0.0622859,49.8582,0
dls,0.01,1312,2.624,0.00966855,0.0159737,0.0623012,50.0664,0
dls,0.01,1313,2.626,0.00966513,0.0159746,0.0623163,50.2764,0
dls,0.01,1314,2.628,0.0096617,0.0159755,0.0623314,50.4883,0
dls,0.01,1315,2.63,0.00965829,0.0159764,0.0623464,50.702,0
dls,0.01,1316,2.632,0.00965488,0.0159773,0.0623614,50.9176,0
dls,0.01,1317,2.634,0.00965148,0.0159782,0.0623762,51.1351,0
dls,0.01,1318,2.636,0.00964808,0.015979,0.0623909,51.3546,0
dls,0.01,1319,2.638,0.00964469,0.0159799,0.0624056,51.5761,0
dls,0.01,1320,2.64,0.00964131,0.0159807,0.0624202,51.7995,0
dls,0.01,1321,2.642,0.00963793,0.0159816,0.0624346,52.025,0
dls,0.01,1322,2.644,0.00963456,0.0159824,0.062449,52.2525,0
dls,0.01,1323,2.646,0.0096312,0.0159833,0.0624633,52.4821,0
dls,0.01,1324,2.648,0.00962784,0.0159841,0.0624775,52.7139,0
dls,0.01,1325,2.65,0.00962449,0.015985,0.0624916,52.9477,0
dls,0.01,1326,2.652,0.00962115,0.0159858,0.0625056,53.1837,0
dls,0.01,1327,2.654,0.00961782,0.0159866,0.0625195,53.422,0
dls,0.01,1328,2.656,0.00961449,0.0159874,0.0625334,53.6624,0
dls,0.01,1329,2.658,0.00961117,0.0159882,0.0625471,53.9051,0
dls,0.01,1330,2.66,0.00960785,0.015989,0.0625606,54.1501,0
dls,0.01,1331,2.662,0.00960455,0.0159898,0.0625741,54.3974,0
dls,0.01,1332,2.664,0.00960125,0.0159906,0.0625875,54.6471,0
dls,0.01,1333,2.666,0.00959796,0.0159914,0.0626008,54.8991,0
dls,0.01,1334,2.668,0.00959468,0.0159922,0.0626139,55.1536,0
dls,0.01,1335,2.67,0.0095914,0.0159929,0.062627,55.4105,0
dls,0.01,1336,2.672,0.00958814,0.0159937,0.0626399,55.6699,0
dls,0.01,1337,2.674,0.00958488,0.0159945,0.0626527,55.9319,0
dls,0.01,1338,2.676,0.00958163,0.0159952,0.0626654,56.1964,0
dls,0.01,1339,2.678,0.00957839,0.015996,0.0626779,56.4635,0
dls,0.01,1340,2.68,0.00957515,0.0159967,0.0626903,56.7332,0
dls,0.01,1341,2.682,0.00957193,0.0159974,0.0627026,57.0056,0
dls,0.01,1342,2.684,0.00956871,0.0159982,0.0627148,57.2807,0
dls,0.01,1343,2.686,0.0095655,0.0159989,0.0627268,57.5586,0
dls,0.01,1344,2.688,0.00956231,0.0159996,0.0627387,57.8393,0
dls,0.01,1345,2.69,0.00955911,0.0160003,0.0627504,58.1228,0
dls,0.01,1346,2.692,0.00955593,0.016001,0.062762,58.4092,0
dls,0.01,1347,2.694,0.00955276,0.0160017,0.0627734,58.6985,0
dls,0.01,1348,2.696,0.0095496,0.0160024,0.0627847,58.9908,0
dls,0.01,1349,2.698,0.00954644,0.0160031,0.0627959,59.2861,0
dls,0.01,1350,2.7,0.0095433,0.0160038,0.0628068,59.5845,0
dls,0.01,1351,2.702,0.00954016,0.0160044,0.0628176,59.886,0
dls,0.01,1352,2.704,0.00953704,0.0160051,0.0628283,60.1906,0
dls,0.01,1353,2.706,0.00953392,0.0160058,0.0628387,60.4984,0
dls,0.01,1354,2.708,0.00953082,0.0160064,0.062849,60.8095,0
dls,0.01,1355,2.71,0.00952772,0.0160071,0.0628591,61.1238,0
dls,0.01,1356,2.712,0.00952463,0.0160077,0.062869,61.4416,0
dls,0.01,1357,2.714,0.00952156,0.0160084,0.0628788,61.7627,0
dls,0.01,1358,2.716,0.00951849,0.016009,0.0628883,62.0873,0
dls,0.01,1359,2.718,0.00951544,0.0160096,0.0628976,62.4154,0
dls,0.01,1360,2.72,0.00951239,0.0160102,0.0629067,62.7471,0
dls,0.01,1361,2.722,0.00950935,0.0160109,0.0629157,63.0824,0
dls,0.01,1362,2.724,0.00950633,0.0160115,0.0629244,63.4214,0
dls,0.01,1363,2.726,0.00950332,0.0160121,0.0629328,63.7642,0
dls,0.01,1364,2.728,0.00950031,0.0160127,0.0629411,64.1108,0
dls,0.01,1365,2.73,0.00949732,0.0160133,0.0629491,64.4612,0
dls,0.01,1366,2.732,0.00949434,0.0160138,0.0629569,64.8156,0
dls,0.01,1367,2.734,0.00949137,0.0160144,0.0629644,65.1739,0
dls,0.01,1368,2.736,0.00948841,0.016015,0.0629717,65.5364,0
dls,0.01,1369,2.738,0.00948547,0.0160156,0.0629787,65.903,0
dls,0.01,1370,2.74,0.00948253,0.0160161,0.0629854,66.2737,0
dls,0.01,1371,2.742,0.00947961,0.0160167,0.0629919,66.6488,0
dls,0.01,1372,2.744,0.0094767,0.0160172,0.062998,67.0282,0
dls,0.01,1373,2.746,0.0094738,0.0160178,0.0630039,67.412,0
dls,0.01,1374,2.748,0.00947091,0.0160183,0.0630095,67.8004,0
dls,0.01,1375,2.75,0.00946803,0.0160188,0.0630148,68.1933,0
dls,0.01,1376,2.752,0.00946517,0.0160193,0.0630197,68.5908,0
dls,0.01,1377,2.754,0.00946232,0.0160199,0.0630243,68.9931,0
dls,0.01,1378,2.756,0.00945948,0.0160204,0.0630286,69.4002,0
dls,0.01,1379,2.758,0.00945665,0.0160209,0.0630326,69.8123,0
dls,0.01,1380,2.76,0.00945384,0.0160214,0.0630361,70.2293,0
dls,0.01,1381,2.762,0.00945104,0.0160219,0.0630393,70.6514,0
dls,0.01,1382,2.764,0.00944825,0.0160224,0.0630422,71.0786,0
dls,0.01,1383,2.766,0.00944548,0.0160228,0.0630446,71.5111,0
dls,0.01,1384,2.768,0.00944272,0.0160233,0.0630466,71.949,0
dls,0.01,1385,2.77,0.00943997,0.0160238,0.0630482,72.3923,0
dls,0.01,1386,2.772,0.00943724,0.0160242,0.0630494,72.8412,0
dls,0.01,1387,2.774,0.00943452,0.0160247,0.0630502,73.2957,0
dls,0.01,1388,2.776,0.00943181,0.0160252,0.0630504,73.756,0
dls,0.01,1389,2.778,0.00942912,0.0160256,0.0630503,74.2222,0
dls,0.01,1390,2.78,0.00942644,0.016026,0.0630496,74.6943,0
dls,0.01,1391,2.782,0.00942378,0.0160265,0.0630484,75.1725,0
dls,0.01,1392,2.784,0.00942113,0.0160269,0.0630467,75.6569,0
dls,0.01,1393,2.786,0.0094185,0.0160273,0.0630445,76.1477,0
dls,0.01,1394,2.788,0.00941588,0.0160277,0.0630417,76.6448,0
dls,0.01,1395,2.79,0.00941327,0.0160282,0.0630384,77.1485,0
dls,0.01,1396,2.792,0.00941068,0.0160286,0.0630344,77.6589,0
dls,0.01,1397,2.794,0.00940811,0.016029,0.0630299,78.1762,0
dls,0.01,1398,2.796,0.00940555,0.0160294,0.0630247,78.7003,0
dls,0.01,1399,2.798,0.00940301,0.0160298,0.0630189,79.2316,0
dls,0.01,1400,2.8,0.00940048,0.0160301,0.0630124,79.77,0
dls,0.01,1401,2.802,0.00939797,0.0160305,0.0630053,80.3158,0
dls,0.01,1402,2.804,0.00939548,0.0160309,0.0629974,80.8691,0
dls,0.01,1403,2.806,0.009393,0.0160313,0.0629888,81.4301,0
dls,0.01,1404,2.808,0.00939054,0.0160316,0.0629794,81.9989,0
dls,0.01,1405,2.81,0.0093881,0.016032,0.0629692,82.5756,0
dls,0.01,1406,2.812,0.00938567,0.0160324,0.0629583,83.1605,0
dls,0.01,1407,2.814,0.00938326,0.0160327,0.0629465,83.7536,0
dls,0.01,1408,2.816,0.00938087,0.016033,0.0629338,84.3552,0
dls,0.01,1409,2.818,0.00937849,0.0160334,0.0629202,84.9655,0
dls,0.01,1410,2.82,0.00937613,0.0160337,0.0629058,85.5845,0
dls,0.01,1411,2.822,0.00937379,0.0160341,0.0628903,86.2125,0
dls,0.01,1412,2.824,0.00937147,0.0160344,0.0628739,86.8497,0
dls,0.01,1413,2.826,0.00936917,0.0160347,0.0628564,87.4963,0
dls,0.01,1414,2.828,0.00936689,0.016035,0.0628379,88.1524,0
dls,0.01,1415,2.83,0.00936462,0.0160354,0.0628183,88.8182,0
dls,0.01,1416,2.832,0.00936237,0.0160357,0.0627976,89.4941,0
dls,0.01,1417,2.834,0.00936015,0.016036,0.0627757,90.1801,0
dls,0.01,1418,2.836,0.00935794,0.0160363,0.0627526,90.8765,0
dls,0.01,1419,2.838,0.00935575,0.0160366,0.0627282,91.5836,0
dls,0.01,1420,2.84,0.00935359,0.0160369,0.0627025,92.3015,0
dls,0.01,1421,2.842,0.00935144,0.0160372,0.0626756,93.0304,0
dls,0.01,1422,2.844,0.00934931,0.0160375,0.0626472,93.7707,0
dls,0.01,1423,2.846,0.00934721,0.0160378,0.0626174,94.5226,0
dls,0.01,1424,2.848,0.00934512,0.0160381,0.0625861,95.2863,0
dls,0.01,1425,2.85,0.00934306,0.0160384,0.0625533,96.0621,0
dls,0.01,1426,2.852,0.00934102,0.0160387,0.0625189,96.8502,0
dls,0.01,1427,2.854,0.009339,0.0160389,0.0624829,97.651,0
dls,0.01,1428,2.856,0.009337,0.0160392,0.0624452,98.4647,0
dls,0.01,1429,2.858,0.00933503,0.0160395,0.0624057,99.2915,0
dls,0.01,1430,2.86,0.00933307,0.0160398,0.0623644,100.132,0
dls,0.01,1431,2.862,0.00933115,0.0160401,0.0623213,100.986,0
dls,0.01,1432,2.864,0.00932924,0.0160403,0.0622762,101.854,0
dls,0.01,1433,2.866,0.00932736,0.0160406,0.0622291,102.737,0
dls,0.01,1434,2.868,0.0093255,0.0160409,0.06218,103.635,0
dls,0.01,1435,2.87,0.00932367,0.0160412,0.0621286,104.547,0
dls,0.01,1436,2.872,0.00932186,0.0160415,0.0620751,105.475,0
dls,0.01,1437,2.874,0.00932008,0.0160418,0.0620193,106.419,0
dls,0.01,1438,2.876,0.00931832,0.016042,0.0619611,107.379,0
dls,0.01,1439,2.878,0.00931658,0.0160423,0.0619005,108.356,0
dls,0.01,1440,2.88,0.00931488,0.0160426,0.0618373,109.35,0
dls,0.01,1441,2.882,0.0093132,0.0160429,0.0617715,110.36,0
dls,0.01,1442,2.884,0.00931154,0.0160432,0.061703,111.389,0
dls,0.01,1443,2.886,0.00930992,0.0160435,0.0616317,112.436,0
dls,0.01,1444,2.888,0.00930832,0.0160438,0.0615575,113.501,0
dls,0.01,1445,2.89,0.00930675,0.0160441,0.0614803,114.586,0
dls,0.01,1446,2.892,0.00930521,0.0160444,0.0614001,115.69,0
dls,0.01,1447,2.894,0.00930369,0.0160447,0.0613166,116.814,0
dls,0.01,1448,2.896,0.00930221,0.0160451,0.0612298,117.958,0
dls,0.01,1449,2.898,0.00930075,0.0160454,0.0611397,119.124,0
dls,0.01,1450,2.9,0.00929932,0.0160457,0.061046,120.31,0
dls,0.01,1451,2.902,0.00929793,0.0160461,0.0609487,121.519,0
dls,0.01,1452,2.904,0.00929656,0.0160464,0.0608477,122.75,0
dls,0.01,1453,2.906,0.00929523,0.0160468,0.0607427,124.005,0
dls,0.01,1454,2.908,0.00929393,0.0160472,0.0606338,125.282,0
dls,0.01,1455,2.91,0.00929265,0.0160475,0.0605208,126.584,0
dls,0.01,1456,2.912,0.00929142,0.0160479,0.0604036,127.911,0
dls,0.01,1457,2.914,0.00929021,0.0160483,0.060282,129.263,0
dls,0.01,1458,2.916,0.00928904,0.0160487,0.0601559,130.641,0
dls,0.01,1459,2.918,0.0092879,0.0160492,0.0600251,132.045,0
dls,0.01,1460,2.92,0.00928679,0.0160496,0.0598896,133.477,0
dls,0.01,1461,2.922,0.00928572,0.0160501,0.0597492,134.936,0
dls,0.01,1462,2.924,0.00928468,0.0160505,0.0596037,136.425,0
dls,0.01,1463,2.926,0.00928368,0.016051,0.059453,137.942,0
dls,0.01,1464,2.928,0.00928271,0.0160515,0.059297,139.489,0
dls,0.01,1465,2.93,0.00928178,0.016052,0.0591354,141.067,0
dls,0.01,1466,2.932,0.00928088,0.0160526,0.0589682,142.676,0
dls,0.01,1467,2.934,0.00928003,0.0160531,0.0587953,144.318,0
dls,0.01,1468,2.936,0.0092792,0.0160537,0.0586164,145.992,0
dls,0.01,1469,2.938,0.00927842,0.0160543,0.0584314,147.7,0
dls,0.01,1470,2.94,0.00927767,0.0160549,0.0582401,149.442,0
dls,0.01,1471,2.942,0.00927696,0.0160555,0.0580424,151.22,0
dls,0.01,1472,2.944,0.00927629,0.0160562,0.0578382,153.034,0
dls,0.01,1473,2.946,0.00927565,0.0160569,0.0576273,154.885,0
dls,0.01,1474,2.948,0.00927506,0.0160576,0.0574095,156.773,0
dls,0.01,1475,2.95,0.0092745,0.0160583,0.0571847,158.701,0
dls,0.01,1476,2.952,0.00927398,0.0160591,0.0569528,160.667,0
dls,0.01,1477,2.954,0.0092735,0.0160599,0.0567136,162.675,0
dls,0.01,1478,2.956,0.00927306,0.0160607,0.0564669,164.723,0
dls,0.01,1479,2.958,0.00927266,0.0160616,0.0562127,166.814,0
dls,0.01,1480,2.96,0.0092723,0.0160625,0.0559508,168.948,0
dls,0.01,1481,2.962,0.00927197,0.0160634,0.055681,171.126,0
dls,0.01,1482,2.964,0.00927169,0.0160643,0.0554033,173.349,0
dls,0.01,1483,2.966,0.00927144,0.0160653,0.0551176,175.619,0
dls,0.01,1484,2.968,0.00927123,0.0160663,0.0548237,177.935,0
dls,0.01,1485,2.97,0.00927106,0.0160674,0.0545215,180.299,0
dls,0.01,1486,2.972,0.00927093,0.0160684,0.0542109,182.712,0
dls,0.01,1487,2.974,0.00927083,0.0160696,0.0538919,185.175,0
dls,0.01,1488,2.976,0.00927078,0.0160707,0.0535643,187.689,0
dls,0.01,1489,2.978,0.00927076,0.0160719,0.0532282,190.255,0
dls,0.01,1490,2.98,0.00927077,0.0160732,0.0528835,192.873,0
dls,0.01,1491,2.982,0.00927082,0.0160744,0.0525301,195.545,0
dls,0.01,1492,2.984,0.00927091,0.0160757,0.0521679,198.272,0
dls,0.01,1493,2.986,0.00927103,0.0160771,0.0517971,201.055,0
dls,0.01,1494,2.988,0.00927118,0.0160785,0.0514176,203.894,0
dls,0.01,1495,2.99,0.00927136,0.0160799,0.0510293,206.79,0
dls,0.01,1496,2.992,0.00927158,0.0160814,0.0506324,209.745,0
dls,0.01,1497,2.994,0.00927182,0.0160829,0.0502268,212.759,0
dls,0.01,1498,2.996,0.00927209,0.0160845,0.0498127,215.833,0
dls,0.01,1499,2.998,0.00927239,0.016086,0.0493901,218.968,0
dls,0.01,1500,3.0,0.00927271,0.0160877,0.0489592,222.165,0
dls,0.01,1501,3.002,0.00927306,0.0160894,0.0485199,225.424,0
dls,0.01,1502,3.004,0.00927343,0.0160911,0.0480725,228.747,0
dls,0.01,1503,3.006,0.00927382,0.0160928,0.047617,232.133,0
dls,0.01,1504,3.008,0.00927423,0.0160946,0.0471537,235.584,0
dls,0.01,1505,3.01,0.00927465,0.0160964,0.0466828,239.1,0
dls,0.01,1506,3.012,0.00927509,0.0160983,0.0462043,242.681,0
dls,0.01,1507,3.014,0.00927554,0.0161002,0.0457186,246.328,0
dls,0.01,1508,3.016,0.009276,0.0161021,0.0452259,250.042,0
dls,0.01,1509,3.018,0.00927647,0.0161041,0.0447264,253.823,0
dls,0.01,1510,3.02,0.00927694,0.0161061,0.0442203,257.671,0
dls,0.01,1511,3.022,0.00927741,0.0161081,0.0437079,261.586,0
dls,0.01,1512,3.024,0.00927789,0.0161102,0.0431896,265.568,0
dls,0.01,1513,3.026,0.00927836,0.0161123,0.0426656,269.618,0
dls,0.01,1514,3.028,0.00927882,0.0161144,0.0421362,273.735,0
dls,0.01,1515,3.03,0.00927927,0.0161165,0.0416018,277.919,0
dls,0.01,1516,3.032,0.00927971,0.0161187,0.0410626,282.17,0
dls,0.01,1517,3.034,0.00928014,0.0161209,0.040519,286.487,0
dls,0.01,1518,3.036,0.00928055,0.0161231,0.0399714,290.871,0
dls,0.01,1519,3.038,0.00928094,0.0161253,0.0394201,295.32,0
dls,0.01,1520,3.04,0.0092813,0.0161275,0.0388655,299.834,0
dls,0.01,1521,3.042,0.00928164,0.0161298,0.0383079,304.411,0
dls,0.01,1522,3.044,0.00928194,0.0161321,0.0377476,309.052,0
dls,0.01,1523,3.046,0.00928222,0.0161343,0.0371851,313.754,0
dls,0.01,1524,3.048,0.00928245,0.0161366,0.0366207,318.518,0
dls,0.01,1525,3.05,0.00928265,0.0161389,0.0360548,323.34,0
dls,0.01,1526,3.052,0.0092828,0.0161412,0.0354877,328.22,0
dls,0.01,1527,3.054,0.00928291,0.0161434,0.0349197,333.157,0
dls,0.01,1528,3.056,0.00928296,0.0161457,0.0343512,338.147,0
dls,0.01,1529,3.058,0.00928297,0.016148,0.0337826,343.191,0
dls,0.01,1530,3.06,0.00928292,0.0161502,0.0332141,348.284,0
dls,0.01,1531,3.062,0.00928281,0.0161525,0.0326461,353.425,0
dls,0.01,1532,3.064,0.00928265,0.0161547,0.032079,358.612,0
dls,0.01,1533,3.066,0.00928242,0.016157,0.0315129,363.842,0
dls,0.01,1534,3.068,0.00928212,0.0161592,0.0309482,369.112,0
dls,0.01,1535,3.07,0.00928176,0.0161614,0.0303851,374.419,0
dls,0.01,1536,3.072,0.00928132,0.0161636,0.0298239,379.761,0
dls,0.01,1537,3.074,0.00928081,0.0161657,0.0292649,385.133,0
dls,0.01,1538,3.076,0.00928023,0.0161679,0.0287083,390.533,0
dls,0.01,1539,3.078,0.00927957,0.01617,0.0281543,395.956,0
dls,0.01,1540,3.08,0.00927884,0.0161721,0.027603,401.4,0
dls,0.01,1541,3.082,0.00927802,0.0161742,0.0270548,406.859,0
dls,0.01,1542,3.084,0.00927712,0.0161762,0.0265096,412.331,0
dls,0.01,1543,3.086,0.00927613,0.0161783,0.0259678,417.81,0
dls,0.01,1544,3.088,0.00927507,0.0161803,0.0254294,423.292,0
dls,0.01,1545,3.09,0.00927391,0.0161822,0.0248945,428.773,0
dls,0.01,1546,3.092,0.00927267,0.0161842,0.0243633,434.247,0
dls,0.01,1547,3.094,0.00927134,0.0161861,0.0238357,439.71,0
dls,0.01,1548,3.096,0.00926993,0.016188,0.023312,445.157,0
dls,0.01,1549,3.098,0.00926842,0.0161899,0.022792,450.582,0
dls,0.01,1550,3.1,0.00926682,0.0161917,0.022276,455.98,0
dls,0.01,1551,3.102,0.00926514,0.0161935,0.0217638,461.346,0
dls,0.01,1552,3.104,0.00926336,0.0161953,0.0212555,466.673,0
dls,0.01,1553,3.106,0.00926149,0.0161971,0.020751,471.957,0
dls,0.01,1554,3.108,0.00925954,0.0161988,0.0202504,477.19,0
dls,0.01,1555,3.11,0.00925749,0.0162005,0.0197536,482.367,0
dls,0.01,1556,3.112,0.00925536,0.0162022,0.0192605,487.482,0
dls,0.01,1557,3.114,0.00925313,0.0162039,0.018771,492.529,0
dls,0.01,1558,3.116,0.00925082,0.0162056,0.018285,497.501,0
dls,0.01,1559,3.118,0.00924842,0.0162072,0.0178026,502.392,0
dls,0.01,1560,3.12,0.00924594,0.0162088,0.0173234,507.195,0
dls,0.01,1561,3.122,0.00924337,0.0162105,0.0168474,511.903,0
dls,0.01,1562,3.124,0.00924071,0.0162121,0.0163745,516.511,0
dls,0.01,1563,3.126,0.00923797,0.0162136,0.0159045,521.012,0
dls,0.01,1564,3.128,0.00923515,0.0162152,0.0154371,525.399,0
dls,0.01,1565,3.13,0.00923225,0.0162168,0.0149724,529.664,0
dls,0.01,1566,3.132,0.00922928,0.0162184,0.0145099,533.803,0
dls,0.01,1567,3.134,0.00922622,0.0162199,0.0140495,537.807,0
dls,0.01,1568,3.136,0.00922309,0.0162215,0.0135911,541.671,0
dls,0.01,1569,3.138,0.00921989,0.0162231,0.0131343,545.388,0
dls,0.01,1570,3.14,0.00921661,0.0162246,0.012679,548.952,0
dls,0.01,1571,3.142,0.00921327,0.0162262,0.0122248,552.355,0
dls,0.01,1572,3.144,0.00920986,0.0162278,0.0117715,555.592,0
dls,0.01,1573,3.146,0.00920639,0.0162294,0.0113188,558.657,0
dls,0.01,1574,3.148,0.00920285,0.0162311,0.0108664,561.543,0
dls,0.01,1575,3.15,0.00919925,0.0162327,0.0104141,564.245,0
dls,0.01,1576,3.152,0.0091956,0.0162344,0.0099614,566.757,0
dls,0.01,1577,3.154,0.00919189,0.0162361,0.0095081,569.072,0
dls,0.01,1578,3.156,0.00918812,0.0162378,0.00905384,571.187,0
dls,0.01,1579,3.158,0.00918431,0.0162395,0.00859825,573.096,0
dls,0.01,1580,3.16,0.00918045,0.0162413,0.0085169,574.793,0
dls,0.01,1581,3.162,0.00917655,0.0162431,0.00877302,576.274,0
dls,0.01,1582,3.164,0.00917261,0.016245,0.00903048,577.535,0
dls,0.01,1583,3.166,0.00916863,0.0162469,0.00928949,578.572,0
dls,0.01,1584,3.168,0.00916461,0.0162488,0.00955029,579.38,0
dls,0.01,1585,3.17,0.00916056,0.0162509,0.00981312,579.956,0
dls,0.01,1586,3.172,0.00915649,0.0162529,0.0100782,580.297,0
dls,0.01,1587,3.174,0.00915239,0.016255,0.0103458,580.4,0
dls,0.01,1588,3.176,0.00914826,0.0162572,0.0106162,580.263,0
dls,0.01,1589,3.178,0.00914412,0.0162594,0.0108896,579.882,0
dls,0.01,1590,3.18,0.00913996,0.0162617,0.0111664,579.257,0
dls,0.01,1591,3.182,0.0091358,0.0162641,0.0114468,578.386,0
dls,0.01,1592,3.184,0.00913162,0.0162665,0.011731,577.268,0
dls,0.01,1593,3.186,0.00912744,0.0162691,0.0120195,575.902,0
dls,0.01,1594,3.188,0.00912326,0.0162717,0.0123124,574.289,0
dls,0.01,1595,3.19,0.00911908,0.0162744,0.0126102,572.428,0
dls,0.01,1596,3.192,0.00911491,0.0162772,0.0129132,570.32,0
dls,0.01,1597,3.194,0.00911075,0.01628,0.0132216,567.966,0
dls,0.01,1598,3.196,0.00910661,0.016283,0.0135358,565.368,0
dls,0.01,1599,3.198,0.00910249,0.0162861,0.0138562,562.527,0
dls,0.01,1600,3.2,0.00909839,0.0162892,0.0141831,559.447,0
dls,0.01,1601,3.202,0.00909432,0.0162925,0.0145169,556.13,0
dls,0.01,1602,3.204,0.00909028,0.0162959,0.014858,552.579,0
dls,0.01,1603,3.206,0.00908628,0.0162994,0.0152067,548.798,0
dls,0.01,1604,3.208,0.00908232,0.0163031,0.0155635,544.791,0
dls,0.01,1605,3.21,0.00907841,0.0163068,0.0159287,540.564,0
dls,0.01,1606,3.212,0.00907455,0.0163107,0.0163026,536.12,0
dls,0.01,1607,3.214,0.00907074,0.0163147,0.0166858,531.467,0
dls,0.01,1608,3.216,0.00906699,0.0163188,0.0170786,526.608,0
dls,0.01,1609,3.218,0.00906331,0.0163231,0.0174815,521.551,0
dls,0.01,1610,3.22,0.0090597,0.0163276,0.0178947,516.303,0
dls,0.01,1611,3.222,0.00905616,0.0163321,0.0183188,510.871,0
dls,0.01,1612,3.224,0.0090527,0.0163369,0.018754,505.261,0
dls,0.01,1613,3.226,0.00904933,0.0163417,0.0192009,499.482,0
dls,0.01,1614,3.228,0.00904604,0.0163468,0.0196598,493.542,0
dls,0.01,1615,3.23,0.00904285,0.016352,0.0201311,487.449,0
dls,0.01,1616,3.232,0.00903976,0.0163573,0.0206151,481.212,0
dls,0.01,1617,3.234,0.00903677,0.0163629,0.0211121,474.84,0
dls,0.01,1618,3.236,0.00903389,0.0163686,0.0216225,468.342,0
dls,0.01,1619,3.238,0.00903112,0.0163744,0.0221467,461.727,0
dls,0.01,1620,3.24,0.00902847,0.0163805,0.0226847,455.006,0
dls,0.01,1621,3.242,0.00902594,0.0163867,0.0232369,448.187,0
dls,0.01,1622,3.244,0.00902354,0.0163931,0.0238035,441.281,0
dls,0.01,1623,3.246,0.00902127,0.0163997,0.0243846,434.297,0
dls,0.01,1624,3.248,0.00901913,0.0164064,0.0249803,427.246,0
dls,0.01,1625,3.25,0.00901713,0.0164133,0.0255906,420.138,0
dls,0.01,1626,3.252,0.00901528,0.0164205,0.0262156,412.983,0
dls,0.01,1627,3.254,0.00901356,0.0164277,0.0268551,405.791,0
dls,0.01,1628,3.256,0.00901199,0.0164352,0.0275089,398.573,0
dls,0.01,1629,3.258,0.00901057,0.0164428,0.0281769,391.337,0
dls,0.01,1630,3.26,0.00900929,0.0164506,0.0288586,384.095,0
dls,0.01,1631,3.262,0.00900817,0.0164585,0.0297875,376.855,0
dls,0.01,1632,3.264,0.0090072,0.0164666,0.0310677,369.628,0
dls,0.01,1633,3.266,0.00900637,0.0164749,0.0323701,362.423,0
dls,0.01,1634,3.268,0.0090057,0.0164833,0.0336933,355.248,0
dls,0.01,1635,3.27,0.00900517,0.0164918,0.0350358,348.114,0
dls,0.01,1636,3.272,0.00900479,0.0165004,0.036396,341.028,0
dls,0.01,1637,3.274,0.00900455,0.0165091,0.037772,333.999,0
dls,0.01,1638,3.276,0.00900444,0.0165179,0.0391615,327.035,0
dls,0.01,1639,3.278,0.00900447,0.0165268,0.0405624,320.144,0
dls,0.01,1640,3.28,0.00900462,0.0165357,0.0419721,313.332,0
dls,0.01,1641,3.282,0.00900489,0.0165447,0.043388,306.607,0
dls,0.01,1642,3.284,0.00900527,0.0165536,0.0448072,299.974,0
dls,0.01,1643,3.286,0.00900575,0.0165626,0.0462269,293.44,0
dls,0.01,1644,3.288,0.00900633,0.0165716,0.047644,287.011,0
dls,0.01,1645,3.29,0.00900698,0.0165804,0.0490552,280.691,0
dls,0.01,1646,3.292,0.00900771,0.0165893,0.0504574,274.485,0
dls,0.01,1647,3.294,0.00900849,0.016598,0.0518471,268.396,0
dls,0.01,1648,3.296,0.00900933,0.0166065,0.0532212,262.43,0
dls,0.01,1649,3.298,0.00901019,0.016615,0.0545764,256.588,0
dls,0.01,1650,3.3,0.00901108,0.0166232,0.0559094,250.873,0
dls,0.01,1651,3.302,0.00901197,0.0166312,0.057217,245.287,0
dls,0.01,1652,3.304,0.00901285,0.016639,0.0584963,239.833,0
dls,0.01,1653,3.306,0.00901371,0.0166465,0.0597443,234.511,0
dls,0.01,1654,3.308,0.00901454,0.0166537,0.0609583,229.322,0
dls,0.01,1655,3.31,0.00901531,0.0166606,0.0621357,224.267,0
dls,0.01,1656,3.312,0.00901603,0.0166672,0.0632743,219.345,0
dls,0.01,1657,3.314,0.00901667,0.0166734,0.064372,214.557,0
dls,0.01,1658,3.316,0.00901722,0.0166791,0.0654269,209.9,0
dls,0.01,1659,3.318,0.00901768,0.0166845,0.0664374,205.376,0
dls,0.01,1660,3.32,0.00901802,0.0166895,0.0674024,200.981,0
dls,0.01,1661,3.322,0.00901825,0.016694,0.0683207,196.715,0
dls,0.01,1662,3.324,0.00901835,0.016698,0.0691915,192.575,0
dls,0.01,1663,3.326,0.00901832,0.0167016,0.0700144,188.56,0
dls,0.01,1664,3.328,0.00901815,0.0167047,0.0707892,184.667,0
dls,0.01,1665,3.33,0.00901784,0.0167073,0.0715158,180.894,0
dls,0.01,1666,3.332,0.00901737,0.0167095,0.0721944,177.237,0
dls,0.01,1667,3.334,0.00901675,0.0167111,0.0728255,173.696,0
dls,0.01,1668,3.336,0.00901599,0.0167122,0.0734097,170.265,0
dls,0.01,1669,3.338,0.00901506,0.0167129,0.0739478,166.944,0
dls,0.01,1670,3.34,0.00901399,0.0167131,0.0744409,163.728,0
dls,0.01,1671,3.342,0.00901276,0.0167127,0.07489,160.614,0
dls,0.01,1672,3.344,0.00901139,0.016712,0.0752963,157.601,0
dls,0.01,1673,3.346,0.00900988,0.0167107,0.0756612,154.684,0
dls,0.01,1674,3.348,0.00900822,0.016709,0.0759861,151.86,0
dls,0.01,1675,3.35,0.00900643,0.0167069,0.0762725,149.127,0
dls,0.01,1676,3.352,0.00900451,0.0167044,0.076522,146.482,0
dls,0.01,1677,3.354,0.00900247,0.0167014,0.076736,143.921,0
dls,0.01,1678,3.356,0.00900032,0.0166981,0.0769162,141.442,0
dls,0.01,1679,3.358,0.00899806,0.0166944,0.0770642,139.041,0
dls,0.01,1680,3.36,0.00899569,0.0166904,0.0771816,136.717,0
dls,0.01,1681,3.362,0.00899324,0.016686,0.07727,134.466,0
dls,0.01,1682,3.364,0.00899071,0.0166814,0.0773309,132.286,0
dls,0.01,1683,3.366,0.00898809,0.0166764,0.077366,130.174,0
dls,0.01,1684,3.368,0.00898542,0.0166712,0.0773766,128.128,0
dls,0.01,1685,3.37,0.00898268,0.0166657,0.0773643,126.144,0
dls,0.01,1686,3.372,0.00897989,0.01666,0.0773305,124.222,0
dls,0.01,1687,3.374,0.00897706,0.0166541,0.0772765,122.358,0
dls,0.01,1688,3.376,0.0089742,0.0166479,0.0772038,120.551,0
dls,0.01,1689,3.378,0.00897131,0.0166417,0.0771135,118.797,0
dls,0.01,1690,3.38,0.0089684,0.0166352,0.077007,117.096,0
dls,0.01,1691,3.382,0.00896547,0.0166286,0.0768853,115.445,0
dls,0.01,1692,3.384,0.00896255,0.0166219,0.0767496,113.843,0
dls,0.01,1693,3.386,0.00895962,0.0166151,0.076601,112.287,0
dls,0.01,1694,3.388,0.0089567,0.0166082,0.0764405,110.775,0
dls,0.01,1695,3.39,0.00895379,0.0166012,0.076269,109.307,0
dls,0.01,1696,3.392,0.00895091,0.0165942,0.0760875,107.88,0
dls,0.01,1697,3.394,0.00894805,0.0165871,0.0758968,106.493,0
dls,0.01,1698,3.396,0.00894521,0.0165799,0.0756977,105.145,0
dls,0.01,1699,3.398,0.00894241,0.0165728,0.0754911,103.833,0
dls,0.01,1700,3.4,0.00893965,0.0165656,0.0752776,102.558,0
dls,0.01,1701,3.402,0.00893693,0.0165584,0.0750579,101.316,0
dls,0.01,1702,3.404,0.00893426,0.0165513,0.0748327,100.107,0
dls,0.01,1703,3.406,0.00893163,0.0165441,0.0746025,98.9305,0
dls,0.01,1704,3.408,0.00892906,0.016537,0.074368,97.7844,0
dls,0.01,1705,3.41,0.00892654,0.0165299,0.0741296,96.6679,0
dls,0.01,1706,3.412,0.00892408,0.0165229,0.0738879,95.5798,0
dls,0.01,1707,3.414,0.00892168,0.0165159,0.0736433,94.5192,0
dls,0.01,1708,3.416,0.00891933,0.0165089,0.0733962,93.4851,0
dls,0.01,1709,3.418,0.00891706,0.0165021,0.0731471,92.4766,0
dls,0.01,1710,3.42,0.00891484,0.0164952,0.0728963,91.4928,0
dls,0.01,1711,3.422,0.00891269,0.0164885,0.0726442,90.5327,0
dls,0.01,1712,3.424,0.00891061,0.0164818,0.0723911,89.5957,0
dls,0.01,1713,3.426,0.0089086,0.0164752,0.0721373,88.6808,0
dls,0.01,1714,3.428,0.00890665,0.0164687,0.0718831,87.7874,0
dls,0.01,1715,3.43,0.00890478,0.0164623,0.0716288,86.9147,0
dls,0.01,1716,3.432,0.00890297,0.0164559,0.0713745,86.062,0
dls,0.01,1717,3.434,0.00890123,0.0164497,0.0711206,85.2286,0
dls,0.01,1718,3.436,0.00889956,0.0164435,0.0708671,84.414,0
dls,0.01,1719,3.438,0.00889796,0.0164374,0.0706144,83.6174,0
dls,0.01,1720,3.44,0.00889642,0.0164314,0.0703626,82.8383,0
dls,0.01,1721,3.442,0.00889496,0.0164256,0.0701118,82.0762,0
dls,0.01,1722,3.444,0.00889356,0.0164198,0.0698622,81.3305,0
dls,0.01,1723,3.446,0.00889224,0.0164141,0.069614,80.6006,0
dls,0.01,1724,3.448,0.00889098,0.0164085,0.0693672,79.8861,0
dls,0.01,1725,3.45,0.00888978,0.016403,0.069122,79.1865,0
dls,0.01,1726,3.452,0.00888865,0.0163976,0.0688784,78.5012,0
dls,0.01,1727,3.454,0.00888759,0.0163923,0.0686366,77.83,0
dls,0.01,1728,3.456,0.00888659,0.0163871,0.0683967,77.1723,0
dls,0.01,1729,3.458,0.00888566,0.016382,0.0681587,76.5277,0
dls,0.01,1730,3.46,0.00888478,0.016377,0.0679226,75.8959,0
dls,0.01,1731,3.462,0.00888397,0.0163721,0.0676887,75.2765,0
dls,0.01,1732,3.464,0.00888322,0.0163673,0.0674568,74.669,0
dls,0.01,1733,3.466,0.00888253,0.0163626,0.0672271,74.0731,0
dls,0.01,1734,3.468,0.00888189,0.016358,0.0669996,73.4886,0
dls,0.01,1735,3.47,0.00888132,0.0163534,0.0667744,72.915,0
dls,0.01,1736,3.472,0.0088808,0.016349,0.0665514,72.3521,0
dls,0.01,1737,3.474,0.00888033,0.0163446,0.0663307,71.7995,0
dls,0.01,1738,3.476,0.00887992,0.0163404,0.0661124,71.257,0
dls,0.01,1739,3.478,0.00887956,0.0163362,0.0658963,70.7243,0
dls,0.01,1740,3.48,0.00887925,0.0163321,0.0656827,70.2011,0
dls,0.01,1741,3.482,0.00887899,0.0163281,0.0654714,69.6871,0
dls,0.01,1742,3.484,0.00887879,0.0163242,0.0652625,69.1821,0
dls,0.01,1743,3.486,0.00887863,0.0163204,0.065056,68.6858,0
dls,0.01,1744,3.488,0.00887852,0.0163167,0.0648518,68.1981,0
dls,0.01,1745,3.49,0.00887845,0.016313,0.06465,67.7186,0
dls,0.01,1746,3.492,0.00887843,0.0163094,0.0644507,67.2473,0
dls,0.01,1747,3.494,0.00887845,0.0163059,0.0642537,66.7837,0
dls,0.01,1748,3.496,0.00887852,0.0163025,0.064059,66.3279,0
dls,0.01,1749,3.498,0.00887862,0.0162991,0.0638668,65.8794,0
dls,0.01,1750,3.5,0.00887877,0.0162958,0.0636768,65.4383,0
dls,0.01,1751,3.502,0.00887895,0.0162926,0.0634893,65.0042,0
dls,0.01,1752,3.504,0.00887918,0.0162894,0.063304,64.577,0
dls,0.01,1753,3.506,0.00887944,0.0162864,0.0631211,64.1565,0
dls,0.01,1754,3.508,0.00887974,0.0162834,0.0629404,63.7426,0
dls,0.01,1755,3.51,0.00888007,0.0162804,0.0627621,63.3351,0
dls,0.01,1756,3.512,0.00888044,0.0162775,0.062586,62.9338,0
dls,0.01,1757,3.514,0.00888084,0.0162747,0.0624121,62.5386,0
dls,0.01,1758,3.516,0.00888127,0.0162719,0.0622404,62.1493,0
dls,0.01,1759,3.518,0.00888174,0.0162692,0.062071,61.7659,0
dls,0.01,1760,3.52,0.00888223,0.0162666,0.0619037,61.3881,0
dls,0.01,1761,3.522,0.00888276,0.016264,0.0617386,61.0159,0
dls,0.01,1762,3.524,0.00888331,0.0162615,0.0615757,60.649,0
dls,0.01,1763,3.526,0.00888389,0.016259,0.0614148,60.2874,0
dls,0.01,1764,3.528,0.0088845,0.0162566,0.061256,59.931,0
dls,0.01,1765,3.53,0.00888513,0.0162542,0.0610993,59.5796,0
dls,0.01,1766,3.532,0.00888579,0.0162519,0.0609447,59.2332,0
dls,0.01,1767,3.534,0.00888648,0.0162496,0.060792,58.8915,0
dls,0.01,1768,3.536,0.00888718,0.0162473,0.0606413,58.5546,0
dls,0.01,1769,3.538,0.00888791,0.0162452,0.0604927,58.2223,0
dls,0.01,1770,3.54,0.00888866,0.016243,0.0603459,57.8944,0
dls,0.01,1771,3.542,0.00888944,0.0162409,0.0602011,57.571,0
dls,0.01,1772,3.544,0.00889023,0.0162389,0.0600581,57.2519,0
dls,0.01,1773,3.546,0.00889104,0.0162368,0.0599171,56.937,0
dls,0.01,1774,3.548,0.00889188,0.0162349,0.0597778,56.6262,0
dls,0.01,1775,3.55,0.00889273,0.0162329,0.0596404,56.3195,0
dls,0.01,1776,3.552,0.0088936,0.016231,0.0595048,56.0167,0
dls,0.01,1777,3.554,0.00889448,0.0162292,0.059371,55.7178,0
dls,0.01,1778,3.556,0.00889539,0.0162273,0.0592388,55.4227,0
dls,0.01,1779,3.558,0.00889631,0.0162256,0.0591085,55.1313,0
dls,0.01,1780,3.56,0.00889724,0.0162238,0.0589798,54.8435,0
dls,0.01,1781,3.562,0.00889819,0.0162221,0.0588527,54.5593,0
dls,0.01,1782,3.564,0.00889915,0.0162204,0.0587273,54.2787,0
dls,0.01,1783,3.566,0.00890013,0.0162187,0.0586036,54.0014,0
dls,0.01,1784,3.568,0.00890112,0.0162171,0.0584814,53.7275,0
dls,0.01,1785,3.57,0.00890213,0.0162155,0.0583608,53.4569,0
dls,0.01,1786,3.572,0.00890314,0.0162139,0.0582417,53.1895,0
dls,0.01,1787,3.574,0.00890417,0.0162123,0.0581242,52.9253,0
dls,0.01,1788,3.576,0.00890521,0.0162108,0.0580081,52.6641,0
dls,0.01,1789,3.578,0.00890625,0.0162093,0.0578936,52.4061,0
dls,0.01,1790,3.58,0.00890731,0.0162078,0.0577805,52.151,0
dls,0.01,1791,3.582,0.00890838,0.0162063,0.0576688,51.8988,0
dls,0.01,1792,3.584,0.00890946,0.0162049,0.0575585,51.6496,0
dls,0.01,1793,3.586,0.00891055,0.0162035,0.0574497,51.4031,0
dls,0.01,1794,3.588,0.00891164,0.0162021,0.0573421,51.1594,0
dls,0.01,1795,3.59,0.00891275,0.0162007,0.057236,50.9185,0
dls,0.01,1796,3.592,0.00891386,0.0161994,0.0571311,50.6802,0
dls,0.01,1797,3.594,0.00891498,0.016198,0.0570276,50.4446,0
dls,0.01,1798,3.596,0.00891611,0.0161967,0.0569253,50.2115,0
dls,0.01,1799,3.598,0.00891724,0.0161954,0.0568243,49.9809,0
dls,0.01,1800,3.6,0.00891838,0.0161942,0.0567245,49.7529,0
dls,0.01,1801,3.602,0.00891952,0.0161929,0.0566259,49.5273,0
dls,0.01,1802,3.604,0.00892068,0.0161916,0.0565285,49.304,0
dls,0.01,1803,3.606,0.00892183,0.0161904,0.0564324,49.0832,0
dls,0.01,1804,3.608,0.00892299,0.0161892,0.0563373,48.8646,0
dls,0.01,1805,3.61,0.00892416,0.016188,0.0562434,48.6484,0
dls,0.01,1806,3.612,0.00892533,0.0161868,0.0561507,48.4344,0
dls,0.01,1807,3.614,0.00892651,0.0161856,0.056059,48.2226,0
dls,0.01,1808,3.616,0.00892768,0.0161844,0.0559684,48.0129,0
dls,0.01,1809,3.618,0.00892887,0.0161833,0.0558789,47.8054,0
dls,0.01,1810,3.62,0.00893005,0.0161821,0.0557904,47.6,0
dls,0.01,1811,3.622,0.00893124,0.016181,0.0557029,47.3966,0
dls,0.01,1812,3.624,0.00893244,0.0161799,0.0556165,47.1953,0
dls,0.01,1813,3.626,0.00893363,0.0161788,0.055531,46.9959,0
dls,0.01,1814,3.628,0.00893483,0.0161776,0.0554466,46.7985,0
dls,0.01,1815,3.63,0.00893603,0.0161765,0.0553631,46.6031,0
dls,0.01,1816,3.632,0.00893723,0.0161755,0.0552805,46.4095,0
dls,0.01,1817,3.634,0.00893843,0.0161744,0.0551989,46.2179,0
dls,0.01,1818,3.636,0.00893964,0.0161733,0.0551181,46.028,0
dls,0.01,1819,3.638,0.00894085,0.0161722,0.0550383,45.84,0
dls,0.01,1820,3.64,0.00894205,0.0161712,0.0549593,45.6538,0
dls,0.01,1821,3.642,0.00894326,0.0161701,0.0548813,45.4693,0
dls,0.01,1822,3.644,0.00894447,0.0161691,0.054804,45.2865,0
dls,0.01,1823,3.646,0.00894568,0.016168,0.0547276,45.1055,0
dls,0.01,1824,3.648,0.0089469,0.016167,0.0546521,44.9261,0
dls,0.01,1825,3.65,0.00894811,0.016166,0.0545773,44.7484,0
dls,0.01,1826,3.652,0.00894932,0.0161649,0.0545033,44.5723,0
dls,0.01,1827,3.654,0.00895053,0.0161639,0.0544301,44.3978,0
dls,0.01,1828,3.656,0.00895174,0.0161629,0.0543577,44.2249,0
dls,0.01,1829,3.658,0.00895296,0.0161619,0.054286,44.0535,0
dls,0.01,1830,3.66,0.00895417,0.0161609,0.0542151,43.8837,0
dls,0.01,1831,3.662,0.00895538,0.0161599,0.0541448,43.7154,0
dls,0.01,1832,3.664,0.00895659,0.0161588,0.0540753,43.5486,0
dls,0.01,1833,3.666,0.0089578,0.0161578,0.0540065,43.3832,0
dls,0.01,1834,3.668,0.00895901,0.0161568,0.0539384,43.2193,0
dls,0.01,1835,3.67,0.00896022,0.0161558,0.053871,43.0569,0
dls,0.01,1836,3.672,0.00896142,0.0161548,0.0538042,42.8958,0
dls,0.01,1837,3.674,0.00896263,0.0161538,0.0537381,42.7361,0
dls,0.01,1838,3.676,0.00896384,0.0161529,0.0536726,42.5778,0
dls,0.01,1839,3.678,0.00896504,0.0161519,0.0536078,42.4209,0
dls,0.01,1840,3.68,0.00896624,0.0161509,0.0535435,42.2652,0
dls,0.01,1841,3.682,0.00896744,0.0161499,0.0534799,42.1109,0
dls,0.01,1842,3.684,0.00896864,0.0161489,0.0534169,41.9579,0
dls,0.01,1843,3.686,0.00896984,0.0161479,0.0533544,41.8062,0
dls,0.01,1844,3.688,0.00897103,0.0161469,0.0532926,41.6557,0
dls,0.01,1845,3.69,0.00897222,0.0161459,0.0532313,41.5065,0
dls,0.01,1846,3.692,0.00897342,0.0161449,0.0531705,41.3584,0
dls,0.01,1847,3.694,0.0089746,0.0161439,0.0531103,41.2116,0
dls,0.01,1848,3.696,0.00897579,0.0161429,0.0530507,41.066,0
dls,0.01,1849,3.698,0.00897698,0.0161419,0.0529915,40.9216,0
dls,0.01,1850,3.7,0.00897816,0.016141,0.0529329,40.7784,0
dls,0.01,1851,3.702,0.00897934,0.01614,0.0528748,40.6363,0
dls,0.01,1852,3.704,0.00898051,0.016139,0.0528172,40.4953,0
dls,0.01,1853,3.706,0.00898169,0.016138,0.05276,40.3554,0
dls,0.01,1854,3.708,0.00898286,0.016137,0.0527034,40.2167,0
dls,0.01,1855,3.71,0.00898403,0.016136,0.0526472,40.079,0
dls,0.01,1856,3.712,0.0089852,0.016135,0.0525915,39.9424,0
dls,0.01,1857,3.714,0.00898636,0.016134,0.0525362,39.8069,0
dls,0.01,1858,3.716,0.00898752,0.016133,0.0524814,39.6725,0
dls,0.01,1859,3.718,0.00898868,0.016132,0.052427,39.539,0
dls,0.01,1860,3.72,0.00898983,0.0161309,0.0523731,39.4066,0
dls,0.01,1861,3.722,0.00899099,0.0161299,0.0523195,39.2752,0
dls,0.01,1862,3.724,0.00899213,0.0161289,0.0522664,39.1449,0
dls,0.01,1863,3.726,0.00899328,0.0161279,0.0522137,39.0155,0
dls,0.01,1864,3.728,0.00899442,0.0161269,0.0521614,38.887,0
dls,0.01,1865,3.73,0.00899556,0.0161259,0.0521095,38.7596,0
dls,0.01,1866,3.732,0.0089967,0.0161248,0.052058,38.6331,0
dls,0.01,1867,3.734,0.00899783,0.0161238,0.0520068,38.5075,0
dls,0.01,1868,3.736,0.00899896,0.0161228,0.051956,38.3829,0
dls,0.01,1869,3.738,0.00900008,0.0161217,0.0519056,38.2592,0
dls,0.01,1870,3.74,0.00900121,0.0161207,0.0518555,38.1364,0
dls,0.01,1871,3.742,0.00900233,0.0161197,0.0518058,38.0145,0
dls,0.01,1872,3.744,0.00900344,0.0161186,0.0517565,37.8935,0
dls,0.01,1873,3.746,0.00900455,0.0161176,0.0517074,37.7733,0
dls,0.01,1874,3.748,0.00900566,0.0161165,0.0516587,37.6541,0
dls,0.01,1875,3.75,0.00900676,0.0161155,0.0516103,37.5356,0
dls,0.01,1876,3.752,0.00900786,0.0161144,0.0515623,37.4181,0
dls,0.01,1877,3.754,0.00900896,0.0161133,0.0515145,37.3014,0
dls,0.01,1878,3.756,0.00901005,0.0161123,0.0514671,37.1855,0
dls,0.01,1879,3.758,0.00901114,0.0161112,0.05142,37.0704,0
dls,0.01,1880,3.76,0.00901223,0.0161101,0.0513731,36.9561,0
dls,0.01,1881,3.762,0.00901331,0.0161091,0.0513266,36.8427,0
dls,0.01,1882,3.764,0.00901439,0.016108,0.0512803,36.73,0
dls,0.01,1883,3.766,0.00901546,0.0161069,0.0512343,36.6181,0
dls,0.01,1884,3.768,0.00901653,0.0161058,0.0511886,36.507,0
dls,0.01,1885,3.77,0.00901759,0.0161047,0.0511432,36.3966,0
dls,0.01,1886,3.772,0.00901866,0.0161036,0.051098,36.2871,0
dls,0.01,1887,3.774,0.00901971,0.0161025,0.0510531,36.1782,0
dls,0.01,1888,3.776,0.00902076,0.0161014,0.0510084,36.0701,0
dls,0.01,1889,3.778,0.00902181,0.0161003,0.050964,35.9628,0
dls,0.01,1890,3.78,0.00902286,0.0160992,0.0509198,35.8562,0
dls,0.01,1891,3.782,0.0090239,0.0160981,0.0508759,35.7502,0
dls,0.01,1892,3.784,0.00902493,0.0160969,0.0508322,35.645,0
dls,0.01,1893,3.786,0.00902597,0.0160958,0.0507887,35.5405,0
dls,0.01,1894,3.788,0.00902699,0.0160947,0.0507455,35.4367,0
dls,0.01,1895,3.79,0.00902802,0.0160935,0.0507025,35.3336,0
dls,0.01,1896,3.792,0.00902903,0.0160924,0.0506596,35.2312,0
dls,0.01,1897,3.794,0.00903005,0.0160913,0.0506171,35.1295,0
dls,0.01,1898,3.796,0.00903106,0.0160901,0.0505747,35.0284,0
dls,0.01,1899,3.798,0.00903206,0.016089,0.0505325,34.928,0
dls,0.01,1900,3.8,0.00903307,0.0160878,0.0504905,34.8282,0
dls,0.01,1901,3.802,0.00903406,0.0160866,0.0504487,34.7291,0
dls,0.01,1902,3.804,0.00903505,0.0160855,0.0504071,34.6306,0
dls,0.01,1903,3.806,0.00903604,0.0160843,0.0503657,34.5327,0
dls,0.01,1904,3.808,0.00903702,0.0160831,0.0503245,34.4355,0
dls,0.01,1905,3.81,0.009038,0.0160819,0.0502835,34.3389,0
dls,0.01,1906,3.812,0.00903897,0.0160807,0.0502426,34.243,0
dls,0.01,1907,3.814,0.00903994,0.0160796,0.050202,34.1476,0
dls,0.01,1908,3.816,0.00904091,0.0160784,0.0501615,34.0528,0
dls,0.01,1909,3.818,0.00904187,0.0160772,0.0501211,33.9587,0
dls,0.01,1910,3.82,0.00904282,0.016076,0.0500809,33.8651,0
dls,0.01,1911,3.822,0.00904377,0.0160747,0.0500409,33.7721,0
dls,0.01,1912,3.824,0.00904471,0.0160735,0.0500011,33.6797,0
dls,0.01,1913,3.826,0.00904565,0.0160723,0.0499614,33.5879,0
dls,0.01,1914,3.828,0.00904659,0.0160711,0.0499218,33.4966,0
dls,0.01,1915,3.83,0.00904752,0.0160699,0.0498824,33.406,0
dls,0.01,1916,3.832,0.00904844,0.0160686,0.0498431,33.3158,0
dls,0.01,1917,3.834,0.00904936,0.0160674,0.049804,33.2262,0
dls,0.01,1918,3.836,0.00905028,0.0160661,0.049765,33.1372,0
dls,0.01,1919,3.838,0.00905119,0.0160649,0.0497262,33.0487,0
dls,0.01,1920,3.84,0.0090521,0.0160636,0.0496875,32.9608,0
dls,0.01,1921,3.842,0.009053,0.0160624,0.0496489,32.8734,0
dls,0.01,1922,3.844,0.00905389,0.0160611,0.0496104,32.7865,0
dls,0.01,1923,3.846,0.00905478,0.0160599,0.0495721,32.7001,0
dls,0.01,1924,3.848,0.00905567,0.0160586,0.0495339,32.6143,0
dls,0.01,1925,3.85,0.00905655,0.0160573,0.0494958,32.5289,0
dls,0.01,1926,3.852,0.00905742,0.016056,0.0494578,32.4441,0
dls,0.01,1927,3.854,0.00905829,0.0160547,0.04942,32.3598,0
dls,0.01,1928,3.856,0.00905915,0.0160534,0.0493823,32.276,0
dls,0.01,1929,3.858,0.00906001,0.0160522,0.0493446,32.1926,0
dls,0.01,1930,3.86,0.00906087,0.0160509,0.0493071,32.1098,0
dls,0.01,1931,3.862,0.00906172,0.0160495,0.0492697,32.0275,0
dls,0.01,1932,3.864,0.00906256,0.0160482,0.0492323,31.9456,0
dls,0.01,1933,3.866,0.0090634,0.0160469,0.0491951,31.8642,0
dls,0.01,1934,3.868,0.00906423,0.0160456,0.049158,31.7833,0
dls,0.01,1935,3.87,0.00906506,0.0160443,0.049121,31.7029,0
dls,0.01,1936,3.872,0.00906588,0.0160429,0.0490841,31.6229,0
dls,0.01,1937,3.874,0.00906669,0.0160416,0.0490472,31.5434,0
dls,0.01,1938,3.876,0.0090675,0.0160403,0.0490105,31.4643,0
dls,0.01,1939,3.878,0.00906831,0.0160389,0.0489738,31.3857,0
dls,0.01,1940,3.88,0.00906911,0.0160376,0.0489372,31.3075,0
dls,0.01,1941,3.882,0.0090699,0.0160362,0.0489007,31.2298,0
dls,0.01,1942,3.884,0.00907069,0.0160349,0.0488643,31.1525,0
dls,0.01,1943,3.886,0.00907147,0.0160335,0.048828,31.0757,0
dls,0.01,1944,3.888,0.00907225,0.0160321,0.0487917,30.9993,0
dls,0.01,1945,3.89,0.00907302,0.0160308,0.0487555,30.9233,0
dls,0.01,1946,3.892,0.00907379,0.0160294,0.0487194,30.8478,0
dls,0.01,1947,3.894,0.00907455,0.016028,0.0486834,30.7727,0
dls,0.01,1948,3.896,0.0090753,0.0160266,0.0486474,30.698,0
dls,0.01,1949,3.898,0.00907605,0.0160252,0.0486115,30.6237,0
dls,0.01,1950,3.9,0.00907679,0.0160238,0.0485757,30.5498,0
dls,0.01,1951,3.902,0.00907753,0.0160224,0.0485399,30.4763,0
dls,0.01,1952,3.904,0.00907826,0.016021,0.0485042,30.4033,0
dls,0.01,1953,3.906,0.00907898,0.0160196,0.0484685,30.3306,0
dls,0.01,1954,3.908,0.0090797,0.0160182,0.048433,30.2584,0
dls,0.01,1955,3.91,0.00908042,0.0160168,0.0483974,30.1865,0
dls,0.01,1956,3.912,0.00908112,0.0160154,0.048362,30.115,0
dls,0.01,1957,3.914,0.00908183,0.0160139,0.0483266,30.0439,0
dls,0.01,1958,3.916,0.00908252,0.0160125,0.0482912,29.9732,0
dls,0.01,1959,3.918,0.00908321,0.0160111,0.0482559,29.9029,0
dls,0.01,1960,3.92,0.00908389,0.0160096,0.0482206,29.833,0
dls,0.01,1961,3.922,0.00908457,0.0160082,0.0481854,29.7634,0
dls,0.01,1962,3.924,0.00908524,0.0160067,0.0481503,29.6942,0
dls,0.01,1963,3.926,0.00908591,0.0160053,0.0481151,29.6254,0
dls,0.01,1964,3.928,0.00908656,0.0160038,0.0480801,29.557,0
dls,0.01,1965,3.93,0.00908722,0.0160023,0.048045,29.4889,0
dls,0.01,1966,3.932,0.00908786,0.0160009,0.0480101,29.4212,0
dls,0.01,1967,3.934,0.0090885,0.0159994,0.0479751,29.3538,0
dls,0.01,1968,3.936,0.00908914,0.0159979,0.0479402,29.2868,0
dls,0.01,1969,3.938,0.00908976,0.0159964,0.0479053,29.2201,0
dls,0.01,1970,3.94,0.00909038,0.0159949,0.0478705,29.1538,0
dls,0.01,1971,3.942,0.009091,0.0159934,0.0478357,29.0879,0
dls,0.01,1972,3.944,0.00909161,0.0159919,0.047801,29.0222,0
dls,0.01,1973,3.946,0.00909221,0.0159904,0.0477662,28.957,0
dls,0.01,1974,3.948,0.0090928,0.0159889,0.0477316,28.892,0
dls,0.01,1975,3.95,0.00909339,0.0159874,0.0476969,28.8274,0
dls,0.01,1976,3.952,0.00909397,0.0159859,0.0476623,28.7632,0
dls,0.01,1977,3.954,0.00909455,0.0159844,0.0476277,28.6992,0
dls,0.01,1978,3.956,0.00909512,0.0159829,0.0475931,28.6356,0
dls,0.01,1979,3.958,0.00909568,0.0159813,0.0475585,28.5724,0
dls,0.01,1980,3.96,0.00909623,0.0159798,0.047524,28.5094,0
dls,0.01,1981,3.962,0.00909678,0.0159783,0.0474895,28.4468,0
dls,0.01,1982,3.964,0.00909733,0.0159767,0.0474551,28.3845,0
dls,0.01,1983,3.966,0.00909786,0.0159752,0.0474206,28.3225,0
dls,0.01,1984,3.968,0.00909839,0.0159736,0.0473862,28.2608,0
dls,0.01,1985,3.97,0.00909891,0.0159721,0.0473518,28.1994,0
dls,0.01,1986,3.972,0.00909943,0.0159705,0.0473174,28.1384,0
dls,0.01,1987,3.974,0.00909994,0.0159689,0.047283,28.0776,0
dls,0.01,1988,3.976,0.00910044,0.0159674,0.0472487,28.0172,0
dls,0.01,1989,3.978,0.00910093,0.0159658,0.0472143,27.957,0
dls,0.01,1990,3.98,0.00910142,0.0159642,0.04718,27.8972,0
dls,0.01,1991,3.982,0.0091019,0.0159626,0.0471457,27.8377,0
dls,0.01,1992,3.984,0.00910237,0.0159611,0.0471114,27.7784,0
dls,0.01,1993,3.986,0.00910284,0.0159595,0.0470771,27.7195,0
dls,0.01,1994,3.988,0.0091033,0.0159579,0.0470429,27.6608,0
dls,0.01,1995,3.99,0.00910375,0.0159563,0.0470086,27.6024,0
dls,0.01,1996,3.992,0.0091042,0.0159547,0.0469744,27.5443,0
dls,0.01,1997,3.994,0.00910464,0.0159531,0.0469402,27.4865,0
dls,0.01,1998,3.996,0.00910507,0.0159514,0.0469059,27.429,0
dls,0.01,1999,3.998,0.00910549,0.0159498,0.0468717,27.3718,0
dls,0.01,2000,4.0,0.00910591,0.0159482,0.0468375,27.3148,0
dls,0.01,2001,4.002,0.00910632,0.0159466,0.0468033,27.2581,0
dls,0.01,2002,4.004,0.00910672,0.015945,0.0467691,27.2017,0
dls,0.01,2003,4.006,0.00910711,0.0159433,0.046735,27.1456,0
dls,0.01,2004,4.008,0.0091075,0.0159417,0.0467008,27.0898,0
dls,0.01,2005,4.01,0.00910788,0.0159401,0.0466666,27.0342,0
dls,0.01,2006,4.012,0.00910825,0.0159384,0.0466324,26.9788,0
dls,0.01,2007,4.014,0.00910862,0.0159368,0.0465983,26.9238,0
dls,0.01,2008,4.016,0.00910898,0.0159351,0.0465641,26.869,0
dls,0.01,2009,4.018,0.00910933,0.0159334,0.0465299,26.8145,0
dls,0.01,2010,4.02,0.00910967,0.0159318,0.0464958,26.7602,0
dls,0.01,2011,4.022,0.00911,0.0159301,0.0464616,26.7062,0
dls,0.01,2012,4.024,0.00911033,0.0159285,0.0464274,26.6524,0
dls,0.01,2013,4.026,0.00911065,0.0159268,0.0463933,26.5989,0
dls,0.01,2014,4.028,0.00911096,0.0159251,0.0463591,26.5457,0
dls,0.01,2015,4.03,0.00911127,0.0159234,0.0463249,26.4927,0
dls,0.01,2016,4.032,0.00911157,0.0159217,0.0462907,26.4399,0
dls,0.01,2017,4.034,0.00911185,0.01592,0.0462566,26.3874,0
dls,0.01,2018,4.036,0.00911214,0.0159183,0.0462224,26.3352,0
dls,0.01,2019,4.038,0.00911241,0.0159167,0.0461882,26.2832,0
dls,0.01,2020,4.04,0.00911268,0.0159149,0.046154,26.2314,0
dls,0.01,2021,4.042,0.00911293,0.0159132,0.0461198,26.1799,0
dls,0.01,2022,4.044,0.00911318,0.0159115,0.0460856,26.1286,0
dls,0.01,2023,4.046,0.00911343,0.0159098,0.0460514,26.0776,0
dls,0.01,2024,4.048,0.00911366,0.0159081,0.0460171,26.0267,0
dls,0.01,2025,4.05,0.00911389,0.0159064,0.0459829,25.9762,0
dls,0.01,2026,4.052,0.0091141,0.0159047,0.0459487,25.9258,0
dls,0.01,2027,4.054,0.00911432,0.0159029,0.0459144,25.8757,0
dls,0.01,2028,4.056,0.00911452,0.0159012,0.0458802,25.8258,0
dls,0.01,2029,4.058,0.00911471,0.0158995,0.0458459,25.7762,0
dls,0.01,2030,4.06,0.0091149,0.0158977,0.0458116,25.7268,0
dls,0.01,2031,4.062,0.00911508,0.015896,0.0457773,25.6776,0
dls,0.01,2032,4.064,0.00911524,0.0158942,0.045743,25.6286,0
dls,0.01,2033,4.066,0.00911541,0.0158925,0.0457087,25.5798,0
dls,0.01,2034,4.068,0.00911556,0.0158907,0.0456744,25.5313,0
dls,0.01,2035,4.07,0.0091157,0.015889,0.04564,25.483,0
dls,0.01,2036,4.072,0.00911584,0.0158872,0.0456057,25.4349,0
dls,0.01,2037,4.074,0.00911597,0.0158854,0.0455713,25.387,0
dls,0.01,2038,4.076,0.00911609,0.0158837,0.0455369,25.3393,0
dls,0.01,2039,4.078,0.0091162,0.0158819,0.0455025,25.2919,0
dls,0.01,2040,4.08,0.0091163,0.0158801,0.0454681,25.2447,0
dls,0.01,2041,4.082,0.0091164,0.0158783,0.0454337,25.1976,0
dls,0.01,2042,4.084,0.00911649,0.0158765,0.0453993,25.1508,0
dls,0.01,2043,4.086,0.00911656,0.0158747,0.0453648,25.1042,0
dls,0.01,2044,4.088,0.00911663,0.0158729,0.0453303,25.0578,0
dls,0.01,2045,4.09,0.00911669,0.0158711,0.0452958,25.0116,0
dls,0.01,2046,4.092,0.00911675,0.0158693,0.0452613,24.9656,0
dls,0.01,2047,4.094,0.00911679,0.0158675,0.0452268,24.9198,0
dls,0.01,2048,4.096,0.00911682,0.0158657,0.0451922,24.8742,0
dls,0.01,2049,4.098,0.00911685,0.0158639,0.0451577,24.8289,0
dls,0.01,2050,4.1,0.00911687,0.0158621,0.0451231,24.7837,0
dls,0.01,2051,4.102,0.00911688,0.0158603,0.0450885,24.7387,0
dls,0.01,2052,4.104,0.00911688,0.0158585,0.0450538,24.6939,0
dls,0.01,2053,4.106,0.00911687,0.0158566,0.0450192,24.6493,0
dls,0.01,2054,4.108,0.00911685,0.0158548,0.0449845,24.6049,0
dls,0.01,2055,4.11,0.00911682,0.015853,0.0449498,24.5607,0
dls,0.01,2056,4.112,0.00911679,0.0158511,0.0449151,24.5167,0
dls,0.01,2057,4.114,0.00911675,0.0158493,0.0448804,24.4728,0
dls,0.01,2058,4.116,0.00911669,0.0158474,0.0448457,24.4292,0
dls,0.01,2059,4.118,0.00911663,0.0158456,0.0448109,24.3858,0
dls,0.01,2060,4.12,0.00911656,0.0158437,0.0447761,24.3425,0
dls,0.01,2061,4.122,0.00911648,0.0158419,0.0447413,24.2994,0
dls,0.01,2062,4.124,0.00911639,0.01584,0.0447064,24.2565,0
dls,0.01,2063,4.126,0.00911629,0.0158382,0.0446716,24.2138,0
dls,0.01,2064,4.128,0.00911619,0.0158363,0.0446367,24.1713,0
dls,0.01,2065,4.13,0.00911607,0.0158344,0.0446018,24.129,0
dls,0.01,2066,4.132,0.00911594,0.0158326,0.0445668,24.0868,0
dls,0.01,2067,4.134,0.00911581,0.0158307,0.0445319,24.0448,0
dls,0.01,2068,4.136,0.00911567,0.0158288,0.0444969,24.003,0
dls,0.01,2069,4.138,0.00911551,0.0158269,0.0444619,23.9614,0
dls,0.01,2070,4.14,0.00911535,0.015825,0.0444268,23.92,0
dls,0.01,2071,4.142,0.00911518,0.0158231,0.0443918,23.8787,0
dls,0.01,2072,4.144,0.009115,0.0158213,0.0443567,23.8376,0
dls,0.01,2073,4.146,0.00911481,0.0158194,0.0443216,23.7967,0
dls,0.01,2074,4.148,0.00911461,0.0158175,0.0442864,23.7559,0
dls,0.01,2075,4.15,0.0091144,0.0158156,0.0442513,23.7153,0
dls,0.01,2076,4.152,0.00911418,0.0158136,0.0442161,23.6749,0
dls,0.01,2077,4.154,0.00911395,0.0158117,0.0441808,23.6347,0
dls,0.01,2078,4.156,0.00911372,0.0158098,0.0441456,23.5946,0
dls,0.01,2079,4.158,0.00911347,0.0158079,0.0441103,23.5547,0
dls,0.01,2080,4.16,0.00911321,0.015806,0.044075,23.5149,0
dls,0.01,2081,4.162,0.00911295,0.0158041,0.0440397,23.4753,0
dls,0.01,2082,4.164,0.00911267,0.0158021,0.0440043,23.4359,0
dls,0.01,2083,4.166,0.00911239,0.0158002,0.0439689,23.3967,0
dls,0.01,2084,4.168,0.00911209,0.0157983,0.0439335,23.3576,0
dls,0.01,2085,4.17,0.00911179,0.0157963,0.0438981,23.3187,0
dls,0.01,2086,4.172,0.00911147,0.0157944,0.0438626,23.2799,0
dls,0.01,2087,4.174,0.00911115,0.0157925,0.0438271,23.2413,0
dls,0.01,2088,4.176,0.00911082,0.0157905,0.0437915,23.2028,0
dls,0.01,2089,4.178,0.00911047,0.0157886,0.043756,23.1645,0
dls,0.01,2090,4.18,0.00911012,0.0157866,0.0437204,23.1264,0
dls,0.01,2091,4.182,0.00910976,0.0157847,0.0436847,23.0884,0
dls,0.01,2092,4.184,0.00910939,0.0157827,0.0436491,23.0506,0
dls,0.01,2093,4.186,0.009109,0.0157807,0.0436134,23.0129,0
dls,0.01,2094,4.188,0.00910861,0.0157788,0.0435777,22.9754,0
dls,0.01,2095,4.19,0.00910821,0.0157768,0.0435419,22.938,0
dls,0.01,2096,4.192,0.0091078,0.0157748,0.0435062,22.9008,0
dls,0.01,2097,4.194,0.00910737,0.0157729,0.0434703,22.8637,0
dls,0.01,2098,4.196,0.00910694,0.0157709,0.0434345,22.8268,0
dls,0.01,2099,4.198,0.0091065,0.0157689,0.0433986,22.79,0
dls,0.01,2100,4.2,0.00910605,0.0157669,0.0433627,22.7534,0
dls,0.01,2101,4.202,0.00910559,0.0157649,0.0433268,22.717,0
dls,0.01,2102,4.204,0.00910511,0.0157629,0.0432908,22.6806,0
dls,0.01,2103,4.206,0.00910463,0.0157609,0.0432548,22.6444,0
dls,0.01,2104,4.208,0.00910414,0.0157589,0.0432188,22.6084,0
dls,0.01,2105,4.21,0.00910364,0.0157569,0.0431827,22.5725,0
dls,0.01,2106,4.212,0.00910312,0.0157549,0.0431466,22.5368,0
dls,0.01,2107,4.214,0.0091026,0.0157529,0.0431105,22.5012,0
dls,0.01,2108,4.216,0.00910207,0.0157509,0.0430743,22.4657,0
dls,0.01,2109,4.218,0.00910152,0.0157489,0.0430381,22.4304,0
dls,0.01,2110,4.22,0.00910097,0.0157469,0.0430019,22.3952,0
dls,0.01,2111,4.222,0.00910041,0.0157449,0.0429656,22.3601,0
dls,0.01,2112,4.224,0.00909983,0.0157429,0.0429293,22.3252,0
dls,0.01,2113,4.226,0.00909925,0.0157408,0.042893,22.2904,0
dls,0.01,2114,4.228,0.00909865,0.0157388,0.0428566,22.2558,0
dls,0.01,2115,4.23,0.00909805,0.0157368,0.0428202,22.2213,0
dls,0.01,2116,4.232,0.00909743,0.0157348,0.0427837,22.1869,0
dls,0.01,2117,4.234,0.0090968,0.0157327,0.0427473,22.1527,0
dls,0.01,2118,4.236,0.00909617,0.0157307,0.0427108,22.1186,0
dls,0.01,2119,4.238,0.00909552,0.0157286,0.0426742,22.0847,0
dls,0.01,2120,4.24,0.00909486,0.0157266,0.0426376,22.0508,0
dls,0.01,2121,4.242,0.00909419,0.0157246,0.042601,22.0171,0
dls,0.01,2122,4.244,0.00909352,0.0157225,0.0425644,21.9836,0
dls,0.01,2123,4.246,0.00909283,0.0157205,0.0425277,21.9501,0
dls,0.01,2124,4.248,0.00909213,0.0157184,0.042491,21.9168,0
dls,0.01,2125,4.25,0.00909142,0.0157163,0.0424542,21.8836,0
dls,0.01,2126,4.252,0.00909069,0.0157143,0.0424174,21.8506,0
dls,0.01,2127,4.254,0.00908996,0.0157122,0.0423806,21.8177,0
dls,0.01,2128,4.256,0.00908922,0.0157101,0.0423437,21.7849,0
dls,0.01,2129,4.258,0.00908847,0.0157081,0.0423069,21.7522,0
dls,0.01,2130,4.26,0.0090877,0.015706,0.0422699,21.7196,0
dls,0.01,2131,4.262,0.00908693,0.0157039,0.0422329,21.6872,0
dls,0.01,2132,4.264,0.00908614,0.0157019,0.0421959,21.6549,0
dls,0.01,2133,4.266,0.00908535,0.0156998,0.0421589,21.6228,0
dls,0.01,2134,4.268,0.00908454,0.0156977,0.0421218,21.5907,0
dls,0.01,2135,4.27,0.00908372,0.0156956,0.0420847,21.5588,0
dls,0.01,2136,4.272,0.00908289,0.0156935,0.0420475,21.527,0
dls,0.01,2137,4.274,0.00908205,0.0156914,0.0420104,21.4953,0
dls,0.01,2138,4.276,0.0090812,0.0156893,0.0419731,21.4637,0
dls,0.01,2139,4.278,0.00908034,0.0156872,0.0419359,21.4323,0
dls,0.01,2140,4.28,0.00907947,0.0156851,0.0418986,21.401,0
dls,0.01,2141,4.282,0.00907859,0.015683,0.0418612,21.3697,0
dls,0.01,2142,4.284,0.00907769,0.0156809,0.0418239,21.3387,0
dls,0.01,2143,4.286,0.00907679,0.0156788,0.0417864,21.3077,0
dls,0.01,2144,4.288,0.00907587,0.0156767,0.041749,21.2768,0
dls,0.01,2145,4.29,0.00907494,0.0156746,0.0417115,21.2461,0
dls,0.01,2146,4.292,0.00907401,0.0156725,0.041674,21.2155,0
dls,0.01,2147,4.294,0.00907306,0.0156704,0.0416364,21.1849,0
dls,0.01,2148,4.296,0.0090721,0.0156683,0.0415988,21.1546,0
dls,0.01,2149,4.298,0.00907113,0.0156661,0.0415612,21.1243,0
dls,0.01,2150,4.3,0.00907014,0.015664,0.0415235,21.0941,0
dls,0.01,2151,4.302,0.00906915,0.0156619,0.0414858,21.064,0
dls,0.01,2152,4.304,0.00906815,0.0156598,0.041448,21.0341,0
dls,0.01,2153,4.306,0.00906713,0.0156576,0.0414102,21.0043,0
dls,0.01,2154,4.308,0.0090661,0.0156555,0.0413724,20.9745,0
dls,0.01,2155,4.31,0.00906507,0.0156533,0.0413345,20.9449,0
dls,0.01,2156,4.312,0.00906402,0.0156512,0.0412966,20.9154,0
dls,0.01,2157,4.314,0.00906296,0.0156491,0.0412587,20.886,0
dls,0.01,2158,4.316,0.00906188,0.0156469,0.0412207,20.8567,0
dls,0.01,2159,4.318,0.0090608,0.0156448,0.0411827,20.8276,0
dls,0.01,2160,4.32,0.00905971,0.0156426,0.0411446,20.7985,0
dls,0.01,2161,4.322,0.0090586,0.0156405,0.0411065,20.7695,0
dls,0.01,2162,4.324,0.00905748,0.0156383,0.0410683,20.7407,0
dls,0.01,2163,4.326,0.00905635,0.0156362,0.0410302,20.7119,0
dls,0.01,2164,4.328,0.00905522,0.015634,0.0409919,20.6833,0
dls,0.01,2165,4.33,0.00905406,0.0156318,0.0409537,20.6547,0
dls,0.01,2166,4.332,0.0090529,0.0156297,0.0409154,20.6263,0
dls,0.01,2167,4.334,0.00905173,0.0156275,0.040877,20.598,0
dls,0.01,2168,4.336,0.00905054,0.0156253,0.0408387,20.5697,0
dls,0.01,2169,4.338,0.00904935,0.0156232,0.0408003,20.5416,0
dls,0.01,2170,4.34,0.00904814,0.015621,0.0407618,20.5136,0
dls,0.01,2171,4.342,0.00904692,0.0156188,0.0407233,20.4857,0
dls,0.01,2172,4.344,0.00904569,0.0156166,0.0406848,20.4579,0
dls,0.01,2173,4.346,0.00904445,0.0156145,0.0406462,20.4301,0
dls,0.01,2174,4.348,0.00904319,0.0156123,0.0406076,20.4025,0
dls,0.01,2175,4.35,0.00904193,0.0156101,0.0405689,20.375,0
dls,0.01,2176,4.352,0.00904065,0.0156079,0.0405302,20.3476,0
dls,0.01,2177,4.354,0.00903936,0.0156057,0.0404915,20.3202,0
dls,0.01,2178,4.356,0.00903806,0.0156035,0.0404527,20.293,0
dls,0.01,2179,4.358,0.00903675,0.0156013,0.0404139,20.2659,0
dls,0.01,2180,4.36,0.00903543,0.0155991,0.040375,20.2389,0
dls,0.01,2181,4.362,0.00903409,0.0155969,0.0403362,20.2119,0
dls,0.01,2182,4.364,0.00903274,0.0155947,0.0402972,20.1851,0
dls,0.01,2183,4.366,0.00903139,0.0155925,0.0402582,20.1584,0
dls,0.01,2184,4.368,0.00903002,0.0155903,0.0402192,20.1317,0
dls,0.01,2185,4.37,0.00902863,0.0155881,0.0401802,20.1052,0
dls,0.01,2186,4.372,0.00902724,0.0155859,0.0401411,20.0787,0
dls,0.01,2187,4.374,0.00902584,0.0155837,0.0401019,20.0524,0
dls,0.01,2188,4.376,0.00902442,0.0155815,0.0400628,20.0261,0
dls,0.01,2189,4.378,0.00902299,0.0155793,0.0400235,19.9999,0
dls,0.01,2190,4.38,0.00902155,0.015577,0.0399843,19.9738,0
dls,0.01,2191,4.382,0.0090201,0.0155748,0.039945,19.9479,0
dls,0.01,2192,4.384,0.00901864,0.0155726,0.0399056,19.922,0
dls,0.01,2193,4.386,0.00901716,0.0155704,0.0398663,19.8962,0
dls,0.01,2194,4.388,0.00901568,0.0155682,0.0398268,19.8704,0
dls,0.01,2195,4.39,0.00901418,0.0155659,0.0397874,19.8448,0
dls,0.01,2196,4.392,0.00901267,0.0155637,0.0397479,19.8193,0
dls,0.01,2197,4.394,0.00901115,0.0155615,0.0397083,19.7938,0
dls,0.01,2198,4.396,0.00900961,0.0155592,0.0396688,19.7685,0
dls,0.01,2199,4.398,0.00900807,0.015557,0.0396291,19.7432,0
dls,0.01,2200,4.4,0.00900651,0.0155548,0.0395895,19.7181,0
dls,0.01,2201,4.402,0.00900494,0.0155525,0.0395498,19.693,0
dls,0.01,2202,4.404,0.00900336,0.0155503,0.03951,19.668,0
dls,0.01,2203,4.406,0.00900176,0.015548,0.0394702,19.6431,0
dls,0.01,2204,4.408,0.00900016,0.0155458,0.0394304,19.6182,0
dls,0.01,2205,4.41,0.00899854,0.0155435,0.0393905,19.5935,0
dls,0.01,2206,4.412,0.00899691,0.0155413,0.0393506,19.5688,0
dls,0.01,2207,4.414,0.00899527,0.015539,0.0393107,19.5443,0
dls,0.01,2208,4.416,0.00899362,0.0155368,0.0392707,19.5198,0
dls,0.01,2209,4.418,0.00899196,0.0155345,0.0392306,19.4954,0
dls,0.01,2210,4.42,0.00899028,0.0155323,0.0391905,19.4711,0
dls,0.01,2211,4.422,0.00898859,0.01553,0.0391504,19.4469,0
dls,0.01,2212,4.424,0.00898689,0.0155277,0.0391103,19.4227,0
dls,0.01,2213,4.426,0.00898518,0.0155255,0.0390701,19.3987,0
dls,0.01,2214,4.428,0.00898345,0.0155232,0.0390298,19.3747,0
dls,0.01,2215,4.43,0.00898172,0.0155209,0.0389895,19.3508,0
dls,0.01,2216,4.432,0.00897997,0.0155187,0.0389492,19.327,0
dls,0.01,2217,4.434,0.00897821,0.0155164,0.0389088,19.3033,0
dls,0.01,2218,4.436,0.00897644,0.0155141,0.0388684,19.2796,0
dls,0.01,2219,4.438,0.00897465,0.0155119,0.038828,19.256,0
dls,0.01,2220,4.44,0.00897286,0.0155096,0.0387875,19.2325,0
dls,0.01,2221,4.442,0.00897105,0.0155073,0.038747,19.2091,0
dls,0.01,2222,4.444,0.00896923,0.015505,0.0387064,19.1858,0
dls,0.01,2223,4.446,0.0089674,0.0155027,0.0386658,19.1626,0
dls,0.01,2224,4.448,0.00896555,0.0155005,0.0386251,19.1394,0
dls,0.01,2225,4.45,0.0089637,0.0154982,0.0385844,19.1163,0
dls,0.01,2226,4.452,0.00896183,0.0154959,0.0385437,19.0933,0
dls,0.01,2227,4.454,0.00895995,0.0154936,0.0385029,19.0704,0
dls,0.01,2228,4.456,0.00895806,0.0154913,0.0384621,19.0475,0
dls,0.01,2229,4.458,0.00895615,0.015489,0.0384212,19.0248,0
dls,0.01,2230,4.46,0.00895423,0.0154867,0.0383803,19.0021,0
dls,0.01,2231,4.462,0.00895231,0.0154844,0.0383393,18.9794,0
dls,0.01,2232,4.464,0.00895037,0.0154821,0.0382983,18.9569,0
dls,0.01,2233,4.466,0.00894841,0.0154798,0.0382573,18.9344,0
dls,0.01,2234,4.468,0.00894645,0.0154775,0.0382162,18.912,0
dls,0.01,2235,4.47,0.00894447,0.0154752,0.0381751,18.8897,0
dls,0.01,2236,4.472,0.00894248,0.0154729,0.038134,18.8675,0
dls,0.01,2237,4.474,0.00894048,0.0154706,0.0380928,18.8453,0
dls,0.01,2238,4.476,0.00893847,0.0154683,0.0380515,18.8232,0
dls,0.01,2239,4.478,0.00893644,0.015466,0.0380102,18.8012,0
dls,0.01,2240,4.48,0.0089344,0.0154637,0.0379689,18.7793,0
dls,0.01,2241,4.482,0.00893236,0.0154614,0.0379275,18.7574,0
dls,0.01,2242,4.484,0.00893029,0.0154591,0.0378861,18.7356,0
dls,0.01,2243,4.486,0.00892822,0.0154568,0.0378447,18.7139,0
dls,0.01,2244,4.488,0.00892613,0.0154544,0.0378032,18.6922,0
dls,0.01,2245,4.49,0.00892404,0.0154521,0.0377617,18.6707,0
dls,0.01,2246,4.492,0.00892193,0.0154498,0.0377201,18.6492,0
dls,0.01,2247,4.494,0.0089198,0.0154475,0.0376785,18.6277,0
dls,0.01,2248,4.496,0.00891767,0.0154452,0.0376368,18.6064,0
dls,0.01,2249,4.498,0.00891552,0.0154428,0.0375951,18.5851,0
dls,0.01,2250,4.5,0.00891336,0.0154405,0.0375533,18.5639,0
dls,0.01,2251,4.502,0.00891119,0.0154382,0.0375116,18.5427,0
dls,0.01,2252,4.504,0.00890901,0.0154359,0.0374697,18.5216,0
dls,0.01,2253,4.506,0.00890681,0.0154335,0.0374279,18.5006,0
dls,0.01,2254,4.508,0.00890461,0.0154312,0.0373859,18.4797,0
dls,0.01,2255,4.51,0.00890239,0.0154289,0.037344,18.4588,0
dls,0.01,2256,4.512,0.00890016,0.0154265,0.037302,18.438,0
dls,0.01,2257,4.514,0.00889791,0.0154242,0.03726,18.4173,0
dls,0.01,2258,4.516,0.00889566,0.0154219,0.0372179,18.3966,0
dls,0.01,2259,4.518,0.00889339,0.0154195,0.0371758,18.376,0
dls,0.01,2260,4.52,0.00889111,0.0154172,0.0371336,18.3555,0
dls,0.01,2261,4.522,0.00888882,0.0154148,0.0370914,18.335,0
dls,0.01,2262,4.524,0.00888651,0.0154125,0.0370491,18.3147,0
dls,0.01,2263,4.526,0.00888419,0.0154102,0.0370068,18.2943,0
dls,0.01,2264,4.528,0.00888187,0.0154078,0.0369645,18.2741,0
dls,0.01,2265,4.53,0.00887952,0.0154055,0.0369221,18.2539,0
dls,0.01,2266,4.532,0.00887717,0.0154031,0.0368797,18.2338,0
dls,0.01,2267,4.534,0.00887481,0.0154008,0.0368373,18.2137,0
dls,0.01,2268,4.536,0.00887243,0.0153984,0.0367948,18.1937,0
dls,0.01,2269,4.538,0.00887004,0.0153961,0.0367522,18.1738,0
dls,0.01,2270,4.54,0.00886764,0.0153937,0.0367096,18.1539,0
dls,0.01,2271,4.542,0.00886522,0.0153914,0.036667,18.1341,0
dls,0.01,2272,4.544,0.0088628,0.015389,0.0366243,18.1144,0
dls,0.01,2273,4.546,0.00886036,0.0153867,0.0365816,18.0947,0
dls,0.01,2274,4.548,0.00885791,0.0153843,0.0365389,18.0751,0
dls,0.01,2275,4.55,0.00885545,0.015382,0.0364961,18.0556,0
dls,0.01,2276,4.552,0.00885297,0.0153796,0.0364532,18.0361,0
dls,0.01,2277,4.554,0.00885049,0.0153772,0.0364104,18.0167,0
dls,0.01,2278,4.556,0.00884799,0.0153749,0.0363674,17.9973,0
dls,0.01,2279,4.558,0.00884548,0.0153725,0.0363245,17.9781,0
dls,0.01,2280,4.56,0.00884295,0.0153701,0.0362815,17.9588,0
dls,0.01,2281,4.562,0.00884042,0.0153678,0.0362384,17.9397,0
dls,0.01,2282,4.564,0.00883787,0.0153654,0.0361953,17.9206,0
dls,0.01,2283,4.566,0.00883531,0.0153631,0.0361522,17.9015,0
dls,0.01,2284,4.568,0.00883274,0.0153607,0.036109,17.8826,0
dls,0.01,2285,4.57,0.00883016,0.0153583,0.0360658,17.8636,0
dls,0.01,2286,4.572,0.00882756,0.0153559,0.0360226,17.8448,0
dls,0.01,2287,4.574,0.00882495,0.0153536,0.0359793,17.826,0
dls,0.01,2288,4.576,0.00882233,0.0153512,0.0359359,17.8073,0
dls,0.01,2289,4.578,0.0088197,0.0153488,0.0358925,17.7886,0
dls,0.01,2290,4.58,0.00881706,0.0153465,0.0358491,17.77,0
dls,0.01,2291,4.582,0.0088144,0.0153441,0.0358056,17.7514,0
dls,0.01,2292,4.584,0.00881173,0.0153417,0.0357621,17.7329,0
dls,0.01,2293,4.586,0.00880905,0.0153393,0.0357186,17.7145,0
dls,0.01,2294,4.588,0.00880636,0.015337,0.035675,17.6961,0
dls,0.01,2295,4.59,0.00880366,0.0153346,0.0356314,17.6778,0
dls,0.01,2296,4.592,0.00880094,0.0153322,0.0355877,17.6596,0
dls,0.01,2297,4.594,0.00879821,0.0153298,0.035544,17.6414,0
dls,0.01,2298,4.596,0.00879547,0.0153274,0.0355002,17.6232,0
dls,0.01,2299,4.598,0.00879272,0.0153251,0.0354564,17.6051,0
dls,0.01,2300,4.6,0.00878996,0.0153227,0.0354126,17.5871,0
dls,0.01,2301,4.602,0.00878718,0.0153203,0.0353687,17.5692,0
dls,0.01,2302,4.604,0.00878439,0.0153179,0.0353247,17.5512,0
dls,0.01,2303,4.606,0.00878159,0.0153155,0.0352808,17.5334,0
dls,0.01,2304,4.608,0.00877878,0.0153131,0.0352368,17.5156,0
dls,0.01,2305,4.61,0.00877596,0.0153107,0.0351927,17.4979,0
dls,0.01,2306,4.612,0.00877312,0.0153084,0.0351486,17.4802,0
dls,0.01,2307,4.614,0.00877027,0.015306,0.0351045,17.4626,0
dls,0.01,2308,4.616,0.00876741,0.0153036,0.0350603,17.445,0
dls,0.01,2309,4.618,0.00876454,0.0153012,0.0350161,17.4275,0
dls,0.01,2310,4.62,0.00876166,0.0152988,0.0349718,17.41,0
dls,0.01,2311,4.622,0.00875876,0.0152964,0.0349275,17.3926,0
dls,0.01,2312,4.624,0.00875586,0.015294,0.0348832,17.3753,0
dls,0.01,2313,4.626,0.00875294,0.0152916,0.0348388,17.358,0
dls,0.01,2314,4.628,0.00875001,0.0152892,0.0347944,17.3407,0
dls,0.01,2315,4.63,0.00874706,0.0152868,0.0347499,17.3235,0
dls,0.01,2316,4.632,0.00874411,0.0152844,0.0347054,17.3064,0
dls,0.01,2317,4.634,0.00874114,0.015282,0.0346608,17.2893,0
dls,0.01,2318,4.636,0.00873816,0.0152796,0.0346162,17.2723,0
dls,0.01,2319,4.638,0.00873517,0.0152772,0.0345716,17.2554,0
dls,0.01,2320,4.64,0.00873217,0.0152748,0.0345269,17.2384,0
dls,0.01,2321,4.642,0.00872916,0.0152724,0.0344822,17.2216,0
dls,0.01,2322,4.644,0.00872613,0.01527,0.0344374,17.2048,0
dls,0.01,2323,4.646,0.00872309,0.0152676,0.0343926,17.188,0
dls,0.01,2324,4.648,0.00872004,0.0152652,0.0343478,17.1713,0
dls,0.01,2325,4.65,0.00871698,0.0152628,0.0343029,17.1547,0
dls,0.01,2326,4.652,0.00871391,0.0152604,0.034258,17.1381,0
dls,0.01,2327,4.654,0.00871083,0.015258,0.034213,17.1215,0
dls,0.01,2328,4.656,0.00870773,0.0152556,0.034168,17.105,0
dls,0.01,2329,4.658,0.00870462,0.0152532,0.034123,17.0886,0
dls,0.01,2330,4.66,0.0087015,0.0152508,0.0340779,17.0722,0
dls,0.01,2331,4.662,0.00869837,0.0152484,0.0340327,17.0559,0
dls,0.01,2332,4.664,0.00869523,0.015246,0.0339876,17.0396,0
dls,0.01,2333,4.666,0.00869207,0.0152436,0.0339423,17.0233,0
dls,0.01,2334,4.668,0.00868891,0.0152412,0.0338971,17.0071,0
dls,0.01,2335,4.67,0.00868573,0.0152388,0.0338518,16.991,0
dls,0.01,2336,4.672,0.00868254,0.0152364,0.0338065,16.9749,0
dls,0.01,2337,4.674,0.00867934,0.015234,0.0337611,16.9589,0
dls,0.01,2338,4.676,0.00867613,0.0152316,0.0337156,16.9429,0
dls,0.01,2339,4.678,0.0086729,0.0152292,0.0336702,16.927,0
dls,0.01,2340,4.68,0.00866967,0.0152268,0.0336247,16.9111,0
dls,0.01,2341,4.682,0.00866642,0.0152244,0.0335791,16.8953,0
dls,0.01,2342,4.684,0.00866316,0.0152219,0.0335335,16.8795,0
dls,0.01,2343,4.686,0.00865989,0.0152195,0.0334879,16.8637,0
dls,0.01,2344,4.688,0.00865661,0.0152171,0.0334423,16.848,0
dls,0.01,2345,4.69,0.00865332,0.0152147,0.0333965,16.8324,0
dls,0.01,2346,4.692,0.00865002,0.0152123,0.0333508,16.8168,0
dls,0.01,2347,4.694,0.0086467,0.0152099,0.033305,16.8013,0
dls,0.01,2348,4.696,0.00864337,0.0152075,0.0332592,16.7858,0
dls,0.01,2349,4.698,0.00864004,0.0152051,0.0332133,16.7703,0
dls,0.01,2350,4.7,0.00863669,0.0152027,0.0331674,16.7549,0
dls,0.01,2351,4.702,0.00863332,0.0152002,0.0331214,16.7396,0
dls,0.01,2352,4.704,0.00862995,0.0151978,0.0330754,16.7243,0
dls,0.01,2353,4.706,0.00862657,0.0151954,0.0330294,16.709,0
dls,0.01,2354,4.708,0.00862317,0.015193,0.0329833,16.6938,0
dls,0.01,2355,4.71,0.00861977,0.0151906,0.0329372,16.6786,0
dls,0.01,2356,4.712,0.00861635,0.0151882,0.032891,16.6635,0
dls,0.01,2357,4.714,0.00861292,0.0151858,0.0328448,16.6485,0
dls,0.01,2358,4.716,0.00860948,0.0151833,0.0327986,16.6334,0
dls,0.01,2359,4.718,0.00860603,0.0151809,0.0327523,16.6185,0
dls,0.01,2360,4.72,0.00860257,0.0151785,0.032706,16.6035,0
dls,0.01,2361,4.722,0.00859909,0.0151761,0.0326596,16.5886,0
dls,0.01,2362,4.724,0.00859561,0.0151737,0.0326132,16.5738,0
dls,0.01,2363,4.726,0.00859211,0.0151713,0.0325668,16.559,0
dls,0.01,2364,4.728,0.00858861,0.0151689,0.0325203,16.5443,0
dls,0.01,2365,4.73,0.00858509,0.0151664,0.0324738,16.5296,0
dls,0.01,2366,4.732,0.00858156,0.015164,0.0324272,16.5149,0
dls,0.01,2367,4.734,0.00857802,0.0151616,0.0323806,16.5003,0
dls,0.01,2368,4.736,0.00857447,0.0151592,0.0323339,16.4857,0
dls,0.01,2369,4.738,0.00857091,0.0151568,0.0322872,16.4712,0
dls,0.01,2370,4.74,0.00856734,0.0151544,0.0322405,16.4567,0
dls,0.01,2371,4.742,0.00856375,0.0151519,0.0321937,16.4423,0
dls,0.01,2372,4.744,0.00856016,0.0151495,0.0321469,16.4279,0
dls,0.01,2373,4.746,0.00855655,0.0151471,0.0321001,16.4136,0
dls,0.01,2374,4.748,0.00855294,0.0151447,0.0320535,16.3993,0
dls,0.01,2375,4.75,0.00854931,0.0151423,0.0320256,16.385,0
dls,0.01,2376,4.752,0.00854567,0.0151399,0.0319975,16.3708,0
dls,0.01,2377,4.754,0.00854202,0.0151374,0.0319695,16.3566,0
dls,0.01,2378,4.756,0.00853836,0.015135,0.0319414,16.3425,0
dls,0.01,2379,4.758,0.00853469,0.0151326,0.0319133,16.3284,0
dls,0.01,2380,4.76,0.00853101,0.0151302,0.0318851,16.3144,0
dls,0.01,2381,4.762,0.00852732,0.0151278,0.0318569,16.3004,0
dls,0.01,2382,4.764,0.00852362,0.0151254,0.0318287,16.2864,0
dls,0.01,2383,4.766,0.00851991,0.0151229,0.0318004,16.2725,0
dls,0.01,2384,4.768,0.00851618,0.0151205,0.0317721,16.2586,0
dls,0.01,2385,4.77,0.00851245,0.0151181,0.0317438,16.2448,0
dls,0.01,2386,4.772,0.00850871,0.0151157,0.0317154,16.231,0
dls,0.01,2387,4.774,0.00850495,0.0151133,0.031687,16.2173,0
dls,0.01,2388,4.776,0.00850119,0.0151109,0.0316585,16.2036,0
dls,0.01,2389,4.778,0.00849741,0.0151085,0.03163,16.1899,0
dls,0.01,2390,4.78,0.00849362,0.015106,0.0316015,16.1763,0
dls,0.01,2391,4.782,0.00848983,0.0151036,0.0315729,16.1627,0
dls,0.01,2392,4.784,0.00848602,0.0151012,0.0315443,16.1492,0
dls,0.01,2393,4.786,0.0084822,0.0150988,0.0315157,16.1357,0
dls,0.01,2394,4.788,0.00847837,0.0150964,0.031487,16.1222,0
dls,0.01,2395,4.79,0.00847453,0.015094,0.0314583,16.1088,0
dls,0.01,2396,4.792,0.00847069,0.0150915,0.0314296,16.0955,0
dls,0.01,2397,4.794,0.00846683,0.0150891,0.0314008,16.0821,0
dls,0.01,2398,4.796,0.00846296,0.0150867,0.0313719,16.0688,0
dls,0.01,2399,4.798,0.00845908,0.0150843,0.0313431,16.0556,0
dls,0.01,2400,4.8,0.00845519,0.0150819,0.0313142,16.0424,0
dls,0.01,2401,4.802,0.00845129,0.0150795,0.0312852,16.0292,0
dls,0.01,2402,4.804,0.00844738,0.0150771,0.0312563,16.0161,0
dls,0.01,2403,4.806,0.00844346,0.0150747,0.0312273,16.003,0
dls,0.01,2404,4.808,0.00843953,0.0150722,0.0311982,15.9899,0
dls,0.01,2405,4.81,0.00843559,0.0150698,0.0311691,15.9769,0
dls,0.01,2406,4.812,0.00843164,0.0150674,0.03114,15.964,0
dls,0.01,2407,4.814,0.00842768,0.015065,0.0311108,15.951,0
dls,0.01,2408,4.816,0.00842371,0.0150626,0.0310816,15.9381,0
dls,0.01,2409,4.818,0.00841973,0.0150602,0.0310524,15.9253,0
dls,0.01,2410,4.82,0.00841574,0.0150578,0.0310231,15.9125,0
dls,0.01,2411,4.822,0.00841174,0.0150554,0.0309938,15.8997,0
dls,0.01,2412,4.824,0.00840773,0.015053,0.0309645,15.8869,0
dls,0.01,2413,4.826,0.00840371,0.0150505,0.0309351,15.8742,0
dls,0.01,2414,4.828,0.00839969,0.0150481,0.0309057,15.8616,0
dls,0.01,2415,4.83,0.00839565,0.0150457,0.0308762,15.849,0
dls,0.01,2416,4.832,0.0083916,0.0150433,0.0308468,15.8364,0
dls,0.01,2417,4.834,0.00838754,0.0150409,0.0308172,15.8238,0
dls,0.01,2418,4.836,0.00838348,0.0150385,0.0307877,15.8113,0
dls,0.01,2419,4.838,0.0083794,0.0150361,0.0307581,15.7988,0
dls,0.01,2420,4.84,0.00837531,0.0150337,0.0307284,15.7864,0
dls,0.01,2421,4.842,0.00837122,0.0150313,0.0306988,15.774,0
dls,0.01,2422,4.844,0.00836711,0.0150289,0.030669,15.7617,0
dls,0.01,2423,4.846,0.008363,0.0150265,0.0306393,15.7493,0
dls,0.01,2424,4.848,0.00835887,0.0150241,0.0306095,15.7371,0
dls,0.01,2425,4.85,0.00835474,0.0150217,0.0305797,15.7248,0
dls,0.01,2426,4.852,0.0083506,0.0150193,0.0305498,15.7126,0
dls,0.01,2427,4.854,0.00834644,0.0150169,0.0305199,15.7004,0
dls,0.01,2428,4.856,0.00834228,0.0150145,0.03049,15.6883,0
dls,0.01,2429,4.858,0.00833811,0.0150121,0.03046,15.6762,0
dls,0.01,2430,4.86,0.00833393,0.0150097,0.03043,15.6641,0
dls,0.01,2431,4.862,0.00832974,0.0150073,0.0304,15.6521,0
dls,0.01,2432,4.864,0.00832555,0.0150049,0.0303699,15.6401,0
dls,0.01,2433,4.866,0.00832134,0.0150025,0.0303398,15.6281,0
dls,0.01,2434,4.868,0.00831712,0.0150001,0.0303097,15.6162,0
dls,0.01,2435,4.87,0.0083129,0.0149977,0.0302795,15.6043,0
dls,0.01,2436,4.872,0.00830866,0.0149953,0.0302492,15.5925,0
dls,0.01,2437,4.874,0.00830442,0.0149929,0.030219,15.5807,0
dls,0.01,2438,4.876,0.00830017,0.0149905,0.0301887,15.5689,0
dls,0.01,2439,4.878,0.00829591,0.0149881,0.0301584,15.5572,0
dls,0.01,2440,4.88,0.00829164,0.0149857,0.030128,15.5455,0
dls,0.01,2441,4.882,0.00828736,0.0149833,0.0300976,15.5338,0
dls,0.01,2442,4.884,0.00828307,0.0149809,0.0300671,15.5222,0
dls,0.01,2443,4.886,0.00827878,0.0149785,0.0300367,15.5106,0
dls,0.01,2444,4.888,0.00827447,0.0149761,0.0300062,15.499,0
dls,0.01,2445,4.89,0.00827016,0.0149737,0.0299756,15.4875,0
dls,0.01,2446,4.892,0.00826584,0.0149714,0.029945,15.476,0
dls,0.01,2447,4.894,0.00826151,0.014969,0.0299144,15.4645,0
dls,0.01,2448,4.896,0.00825717,0.0149666,0.0298837,15.4531,0
dls,0.01,2449,4.898,0.00825282,0.0149642,0.029853,15.4417,0
dls,0.01,2450,4.9,0.00824847,0.0149618,0.0298223,15.4303,0
dls,0.01,2451,4.902,0.0082441,0.0149594,0.0297915,15.419,0
dls,0.01,2452,4.904,0.00823973,0.014957,0.0297607,15.4077,0
dls,0.01,2453,4.906,0.00823535,0.0149547,0.0297299,15.3964,0
dls,0.01,2454,4.908,0.00823096,0.0149523,0.029699,15.3852,0
dls,0.01,2455,4.91,0.00822657,0.0149499,0.0296681,15.374,0
dls,0.01,2456,4.912,0.00822216,0.0149475,0.0296372,15.3629,0
dls,0.01,2457,4.914,0.00821775,0.0149451,0.0296062,15.3518,0
dls,0.01,2458,4.916,0.00821333,0.0149428,0.0295751,15.3407,0
dls,0.01,2459,4.918,0.0082089,0.0149404,0.0295441,15.3296,0
dls,0.01,2460,4.92,0.00820446,0.014938,0.029513,15.3186,0
dls,0.01,2461,4.922,0.00820002,0.0149356,0.0294819,15.3076,0
dls,0.01,2462,4.924,0.00819557,0.0149332,0.0294507,15.2966,0
dls,0.01,2463,4.926,0.0081911,0.0149309,0.0294195,15.2857,0
dls,0.01,2464,4.928,0.00818664,0.0149285,0.0293883,15.2748,0
dls,0.01,2465,4.93,0.00818216,0.0149261,0.029357,15.264,0
dls,0.01,2466,4.932,0.00817768,0.0149238,0.0293257,15.2531,0
dls,0.01,2467,4.934,0.00817318,0.0149214,0.0292943,15.2424,0
dls,0.01,2468,4.936,0.00816869,0.014919,0.029263,15.2316,0
dls,0.01,2469,4.938,0.00816418,0.0149166,0.0292315,15.2209,0
dls,0.01,2470,4.94,0.00815966,0.0149143,0.0292001,15.2102,0
dls,0.01,2471,4.942,0.00815514,0.0149119,0.0291686,15.1995,0
dls,0.01,2472,4.944,0.00815061,0.0149095,0.0291371,15.1889,0
dls,0.01,2473,4.946,0.00814608,0.0149072,0.0291055,15.1783,0
dls,0.01,2474,4.948,0.00814153,0.0149048,0.0290739,15.1677,0
dls,0.01,2475,4.95,0.00813698,0.0149025,0.0290423,15.1572,0
dls,0.01,2476,4.952,0.00813242,0.0149001,0.0290106,15.1467,0
dls,0.01,2477,4.954,0.00812786,0.0148977,0.0289789,15.1362,0
dls,0.01,2478,4.956,0.00812329,0.0148954,0.0289472,15.1257,0
dls,0.01,2479,4.958,0.00811871,0.014893,0.0289154,15.1153,0
dls,0.01,2480,4.96,0.00811412,0.0148907,0.0288836,15.105,0
dls,0.01,2481,4.962,0.00810952,0.0148883,0.0288518,15.0946,0
dls,0.01,2482,4.964,0.00810492,0.014886,0.0288199,15.0843,0
dls,0.01,2483,4.966,0.00810032,0.0148836,0.028788,15.074,0
dls,0.01,2484,4.968,0.0080957,0.0148813,0.028756,15.0637,0
dls,0.01,2485,4.97,0.00809108,0.0148789,0.028724,15.0535,0
dls,0.01,2486,4.972,0.00808645,0.0148766,0.028692,15.0433,0
dls,0.01,2487,4.974,0.00808182,0.0148742,0.02866,15.0332,0
dls,0.01,2488,4.976,0.00807718,0.0148719,0.0286279,15.023,0
dls,0.01,2489,4.978,0.00807253,0.0148695,0.0285957,15.0129,0
dls,0.01,2490,4.98,0.00806787,0.0148672,0.0285636,15.0029,0
dls,0.01,2491,4.982,0.00806321,0.0148648,0.0285314,14.9928,0
dls,0.01,2492,4.984,0.00805854,0.0148625,0.0284991,14.9828,0
dls,0.01,2493,4.986,0.00805387,0.0148602,0.0284669,14.9728,0
dls,0.01,2494,4.988,0.00804919,0.0148578,0.0284346,14.9629,0
dls,0.01,2495,4.99,0.0080445,0.0148555,0.0284022,14.953,0
dls,0.01,2496,4.992,0.00803981,0.0148531,0.0283699,14.9431,0
dls,0.01,2497,4.994,0.00803511,0.0148508,0.0283375,14.9332,0
dls,0.01,2498,4.996,0.00803041,0.0148485,0.028305,14.9234,0
dls,0.01,2499,4.998,0.0080257,0.0148461,0.0282725,14.9136,0
dls,0.01,2500,5.0,0.00802098,0.0148438,0.02824,14.9038,0
dls,0.01,2501,5.002,0.00801626,0.0148415,0.0282075,14.894,0
dls,0.01,2502,5.004,0.00801153,0.0148392,0.0281749,14.8843,0
dls,0.01,2503,5.006,0.00800679,0.0148368,0.0281423,14.8746,0
dls,0.01,2504,5.008,0.00800205,0.0148345,0.0281096,14.865,0
dls,0.01,2505,5.01,0.00799731,0.0148322,0.0280769,14.8554,0
dls,0.01,2506,5.012,0.00799255,0.0148299,0.0280442,14.8458,0
dls,0.01,2507,5.014,0.0079878,0.0148275,0.0280114,14.8362,0
dls,0.01,2508,5.016,0.00798303,0.0148252,0.0279787,14.8267,0
dls,0.01,2509,5.018,0.00797826,0.0148229,0.0279458,14.8171,0
dls,0.01,2510,5.02,0.00797349,0.0148206,0.027913,14.8077,0
dls,0.01,2511,5.022,0.00796871,0.0148183,0.0278801,14.7982,0
dls,0.01,2512,5.024,0.00796393,0.014816,0.0278471,14.7888,0
dls,0.01,2513,5.026,0.00795914,0.0148137,0.0278142,14.7794,0
dls,0.01,2514,5.028,0.00795434,0.0148113,0.0277812,14.77,0
dls,0.01,2515,5.03,0.00794954,0.014809,0.0277481,14.7607,0
dls,0.01,2516,5.032,0.00794473,0.0148067,0.0277151,14.7514,0
dls,0.01,2517,5.034,0.00793992,0.0148044,0.027682,14.7421,0
dls,0.01,2518,5.036,0.00793511,0.0148021,0.0276488,14.7328,0
dls,0.01,2519,5.038,0.00793029,0.0147998,0.0276156,14.7236,0
dls,0.01,2520,5.04,0.00792546,0.0147975,0.0275824,14.7144,0
dls,0.01,2521,5.042,0.00792063,0.0147952,0.0275492,14.7052,0
dls,0.01,2522,5.044,0.0079158,0.0147929,0.0275159,14.6961,0
dls,0.01,2523,5.046,0.00791096,0.0147906,0.0274826,14.687,0
dls,0.01,2524,5.048,0.00790611,0.0147883,0.0274493,14.6779,0
dls,0.01,2525,5.05,0.00790126,0.014786,0.0274159,14.6688,0
dls,0.01,2526,5.052,0.00789641,0.0147837,0.0273825,14.6598,0
dls,0.01,2527,5.054,0.00789155,0.0147815,0.027349,14.6508,0
dls,0.01,2528,5.056,0.00788669,0.0147792,0.0273155,14.6418,0
dls,0.01,2529,5.058,0.00788182,0.0147769,0.027282,14.6328,0
dls,0.01,2530,5.06,0.00787695,0.0147746,0.0272485,14.6239,0
dls,0.01,2531,5.062,0.00787208,0.0147723,0.0272149,14.615,0
dls,0.01,2532,5.064,0.0078672,0.01477,0.0271813,14.6061,0
dls,0.01,2533,5.066,0.00786231,0.0147678,0.0271476,14.5973,0
dls,0.01,2534,5.068,0.00785742,0.0147655,0.0271139,14.5885,0
dls,0.01,2535,5.07,0.00785253,0.0147632,0.0270802,14.5797,0
dls,0.01,2536,5.072,0.00784764,0.0147609,0.0270465,14.5709,0
dls,0.01,2537,5.074,0.00784274,0.0147587,0.0270127,14.5622,0
dls,0.01,2538,5.076,0.00783784,0.0147564,0.0269789,14.5535,0
dls,0.01,2539,5.078,0.00783293,0.0147541,0.026945,14.5448,0
dls,0.01,2540,5.08,0.00782802,0.0147519,0.0269111,14.5361,0
dls,0.01,2541,5.082,0.00782311,0.0147496,0.0268772,14.5275,0
dls,0.01,2542,5.084,0.00781819,0.0147473,0.0268432,14.5189,0
dls,0.01,2543,5.086,0.00781327,0.0147451,0.0268093,14.5103,0
dls,0.01,2544,5.088,0.00780834,0.0147428,0.0267752,14.5018,0
dls,0.01,2545,5.09,0.00780342,0.0147406,0.0267412,14.4932,0
dls,0.01,2546,5.092,0.00779849,0.0147383,0.0267071,14.4847,0
dls,0.01,2547,5.094,0.00779355,0.014736,0.026673,14.4763,0
dls,0.01,2548,5.096,0.00778861,0.0147338,0.0266388,14.4678,0
dls,0.01,2549,5.098,0.00778367,0.0147315,0.0266046,14.4594,0
dls,0.01,2550,5.1,0.00777873,0.0147293,0.0265704,14.451,0
dls,0.01,2551,5.102,0.00777379,0.0147271,0.0265361,14.4426,0
dls,0.01,2552,5.104,0.00776884,0.0147248,0.0265019,14.4343,0
dls,0.01,2553,5.106,0.00776389,0.0147226,0.0264675,14.426,0
dls,0.01,2554,5.108,0.00775893,0.0147203,0.0264332,14.4177,0
dls,0.01,2555,5.11,0.00775397,0.0147181,0.0263988,14.4094,0
dls,0.01,2556,5.112,0.00774902,0.0147159,0.0263644,14.4011,0
dls,0.01,2557,5.114,0.00774405,0.0147136,0.0263299,14.3929,0
dls,0.01,2558,5.116,0.00773909,0.0147114,0.0262954,14.3847,0
dls,0.01,2559,5.118,0.00773412,0.0147092,0.0262609,14.3766,0
dls,0.01,2560,5.12,0.00772915,0.0147069,0.0262263,14.3684,0
dls,0.01,2561,5.122,0.00772418,0.0147047,0.0261918,14.3603,0
dls,0.01,2562,5.124,0.00771921,0.0147025,0.0261571,14.3522,0
dls,0.01,2563,5.126,0.00771423,0.0147003,0.0261225,14.3441,0
dls,0.01,2564,5.128,0.00770926,0.014698,0.0260878,14.3361,0
dls,0.01,2565,5.13,0.00770428,0.0146958,0.0260531,14.3281,0
dls,0.01,2566,5.132,0.0076993,0.0146936,0.0260183,14.3201,0
dls,0.01,2567,5.134,0.00769431,0.0146914,0.0259836,14.3121,0
dls,0.01,2568,5.136,0.00768933,0.0146892,0.0259487,14.3042,0
dls,0.01,2569,5.138,0.00768434,0.014687,0.0259139,14.2962,0
dls,0.01,2570,5.14,0.00767935,0.0146848,0.025879,14.2883,0
dls,0.01,2571,5.142,0.00767436,0.0146826,0.0258441,14.2805,0
dls,0.01,2572,5.144,0.00766937,0.0146804,0.0258091,14.2726,0
dls,0.01,2573,5.146,0.00766438,0.0146782,0.0257742,14.2648,0
dls,0.01,2574,5.148,0.00765939,0.014676,0.0257392,14.257,0
dls,0.01,2575,5.15,0.00765439,0.0146738,0.0257041,14.2492,0
dls,0.01,2576,5.152,0.0076494,0.0146716,0.025669,14.2415,0
dls,0.01,2577,5.154,0.0076444,0.0146694,0.0256339,14.2337,0
dls,0.01,2578,5.156,0.0076394,0.0146672,0.0255988,14.226,0
dls,0.01,2579,5.158,0.0076344,0.014665,0.0255636,14.2184,0
dls,0.01,2580,5.16,0.0076294,0.0146628,0.0255284,14.2107,0
dls,0.01,2581,5.162,0.0076244,0.0146606,0.0254932,14.2031,0
dls,0.01,2582,5.164,0.0076194,0.0146585,0.0254579,14.1955,0
dls,0.01,2583,5.166,0.0076144,0.0146563,0.0254226,14.1879,0
dls,0.01,2584,5.168,0.0076094,0.0146541,0.0253873,14.1803,0
dls,0.01,2585,5.17,0.0076044,0.0146519,0.0253519,14.1728,0
dls,0.01,2586,5.172,0.00759939,0.0146498,0.0253165,14.1653,0
dls,0.01,2587,5.174,0.00759439,0.0146476,0.0252811,14.1578,0
dls,0.01,2588,5.176,0.00758939,0.0146454,0.0252456,14.1503,0
dls,0.01,2589,5.178,0.00758438,0.0146433,0.0252101,14.1429,0
dls,0.01,2590,5.18,0.00757938,0.0146411,0.0251746,14.1354,0
dls,0.01,2591,5.182,0.00757438,0.0146389,0.0251391,14.128,0
dls,0.01,2592,5.184,0.00756937,0.0146368,0.0251035,14.1207,0
dls,0.01,2593,5.186,0.00756437,0.0146346,0.0250679,14.1133,0
dls,0.01,2594,5.188,0.00755937,0.0146325,0.0250322,14.106,0
dls,0.01,2595,5.19,0.00755436,0.0146303,0.0249965,14.0987,0
dls,0.01,2596,5.192,0.00754936,0.0146282,0.0249608,14.0914,0
dls,0.01,2597,5.194,0.00754436,0.014626,0.0249251,14.0842,0
dls,0.01,2598,5.196,0.00753936,0.0146239,0.0248893,14.0769,0
dls,0.01,2599,5.198,0.00753436,0.0146217,0.0248535,14.0697,0
dls,0.01,2600,5.2,0.00752936,0.0146196,0.0248176,14.0625,0
dls,0.01,2601,5.202,0.00752436,0.0146175,0.0247818,14.0553,0
dls,0.01,2602,5.204,0.00751936,0.0146153,0.0247459,14.0482,0
dls,0.01,2603,5.206,0.00751436,0.0146132,0.0247099,14.0411,0
dls,0.01,2604,5.208,0.00750937,0.0146111,0.024674,14.034,0
dls,0.01,2605,5.21,0.00750437,0.0146089,0.024638,14.0269,0
dls,0.01,2606,5.212,0.00749938,0.0146068,0.024602,14.0198,0
dls,0.01,2607,5.214,0.00749438,0.0146047,0.0245659,14.0128,0
dls,0.01,2608,5.216,0.00748939,0.0146026,0.0245298,14.0058,0
dls,0.01,2609,5.218,0.0074844,0.0146005,0.0244937,13.9988,0
dls,0.01,2610,5.22,0.00747941,0.0145983,0.0244576,13.9918,0
dls,0.01,2611,5.222,0.00747443,0.0145962,0.0244214,13.9849,0
dls,0.01,2612,5.224,0.00746944,0.0145941,0.0243852,13.978,0
dls,0.01,2613,5.226,0.00746446,0.014592,0.0243489,13.9711,0
dls,0.01,2614,5.228,0.00745948,0.0145899,0.0243127,13.9642,0
dls,0.01,2615,5.23,0.0074545,0.0145878,0.0242764,13.9573,0
dls,0.01,2616,5.232,0.00744952,0.0145857,0.02424,13.9505,0
dls,0.01,2617,5.234,0.00744455,0.0145836,0.0242037,13.9437,0
dls,0.01,2618,5.236,0.00743957,0.0145815,0.0241673,13.9369,0
dls,0.01,2619,5.238,0.0074346,0.0145794,0.0241309,13.9301,0
dls,0.01,2620,5.24,0.00742963,0.0145773,0.0240944,13.9234,0
dls,0.01,2621,5.242,0.00742467,0.0145753,0.0240579,13.9167,0
dls,0.01,2622,5.244,0.0074197,0.0145732,0.0240214,13.91,0
dls,0.01,2623,5.246,0.00741474,0.0145711,0.0239849,13.9033,0
dls,0.01,2624,5.248,0.00740979,0.014569,0.0239483,13.8966,0
dls,0.01,2625,5.25,0.00740483,0.0145669,0.0239117,13.89,0
dls,0.01,2626,5.252,0.00739988,0.0145649,0.0238751,13.8834,0
dls,0.01,2627,5.254,0.00739493,0.0145628,0.0238384,13.8768,0
dls,0.01,2628,5.256,0.00738998,0.0145607,0.0238017,13.8702,0
dls,0.01,2629,5.258,0.00738504,0.0145587,0.023765,13.8636,0
dls,0.01,2630,5.26,0.0073801,0.0145566,0.0237283,13.8571,0
dls,0.01,2631,5.262,0.00737516,0.0145546,0.0236915,13.8506,0
dls,0.01,2632,5.264,0.00737023,0.0145525,0.0236547,13.8441,0
dls,0.01,2633,5.266,0.0073653,0.0145504,0.0236178,13.8376,0
dls,0.01,2634,5.268,0.00736038,0.0145484,0.023581,13.8312,0
dls,0.01,2635,5.27,0.00735545,0.0145464,0.0235441,13.8248,0
dls,0.01,2636,5.272,0.00735054,0.0145443,0.0235071,13.8183,0
dls,0.01,2637,5.274,0.00734562,0.0145423,0.0234702,13.812,0
dls,0.01,2638,5.276,0.00734071,0.0145402,0.0234332,13.8056,0
dls,0.01,2639,5.278,0.0073358,0.0145382,0.0233962,13.7992,0
dls,0.01,2640,5.28,0.0073309,0.0145362,0.0233591,13.7929,0
dls,0.01,2641,5.282,0.007326,0.0145341,0.0233221,13.7866,0
dls,0.01,2642,5.284,0.00732111,0.0145321,0.023285,13.7803,0
dls,0.01,2643,5.286,0.00731622,0.0145301,0.0232478,13.7741,0
dls,0.01,2644,5.288,0.00731133,0.014528,0.0232107,13.7678,0
dls,0.01,2645,5.29,0.00730645,0.014526,0.0231735,13.7616,0
dls,0.01,2646,5.292,0.00730158,0.014524,0.0231363,13.7554,0
dls,0.01,2647,5.294,0.00729671,0.014522,0.023099,13.7492,0
dls,0.01,2648,5.296,0.00729184,0.01452,0.0230617,13.7431,0
dls,0.01,2649,5.298,0.00728698,0.014518,0.0230244,13.7369,0
dls,0.01,2650,5.3,0.00728212,0.014516,0.0229871,13.7308,0
dls,0.01,2651,5.302,0.00727727,0.014514,0.0229497,13.7247,0
dls,0.01,2652,5.304,0.00727243,0.014512,0.0229123,13.7186,0
dls,0.01,2653,5.306,0.00726759,0.01451,0.0228749,13.7126,0
dls,0.01,2654,5.308,0.00726275,0.014508,0.0228375,13.7065,0
dls,0.01,2655,5.31,0.00725792,0.014506,0.0228,13.7005,0
dls,0.01,2656,5.312,0.0072531,0.014504,0.0227625,13.6945,0
dls,0.01,2657,5.314,0.00724828,0.014502,0.022725,13.6886,0
dls,0.01,2658,5.316,0.00724347,0.0145,0.0226874,13.6826,0
dls,0.01,2659,5.318,0.00723866,0.0144981,0.0226498,13.6767,0
dls,0.01,2660,5.32,0.00723386,0.0144961,0.0226122,13.6707,0
dls,0.01,2661,5.322,0.00722907,0.0144941,0.0225746,13.6648,0
dls,0.01,2662,5.324,0.00722428,0.0144921,0.0225369,13.659,0
dls,0.01,2663,5.326,0.00721949,0.0144902,0.0224992,13.6531,0
dls,0.01,2664,5.328,0.00721472,0.0144882,0.0224615,13.6473,0
dls,0.01,2665,5.33,0.00720995,0.0144863,0.0224237,13.6414,0
dls,0.01,2666,5.332,0.00720519,0.0144843,0.0223859,13.6357,0
dls,0.01,2667,5.334,0.00720043,0.0144823,0.0223481,13.6299,0
dls,0.01,2668,5.336,0.00719568,0.0144804,0.0223103,13.6241,0
dls,0.01,2669,5.338,0.00719094,0.0144784,0.0222724,13.6184,0
dls,0.01,2670,5.34,0.0071862,0.0144765,0.0222345,13.6126,0
dls,0.01,2671,5.342,0.00718147,0.0144746,0.0221966,13.6069,0
dls,0.01,2672,5.344,0.00717675,0.0144726,0.0221586,13.6013,0
dls,0.01,2673,5.346,0.00717204,0.0144707,0.0221207,13.5956,0
dls,0.01,2674,5.348,0.00716733,0.0144688,0.0220827,13.59,0
dls,0.01,2675,5.35,0.00716263,0.0144668,0.0220446,13.5843,0
dls,0.01,2676,5.352,0.00715794,0.0144649,0.0220066,13.5787,0
dls,0.01,2677,5.354,0.00715325,0.014463,0.0219685,13.5731,0
dls,0.01,2678,5.356,0.00714858,0.0144611,0.0219304,13.5676,0
dls,0.01,2679,5.358,0.00714391,0.0144591,0.0218922,13.562,0
dls,0.01,2680,5.36,0.00713925,0.0144572,0.0218541,13.5565,0
dls,0.01,2681,5.362,0.00713459,0.0144553,0.0218159,13.551,0
dls,0.01,2682,5.364,0.00712995,0.0144534,0.0217777,13.5455,0
dls,0.01,2683,5.366,0.00712531,0.0144515,0.0217394,13.54,0
dls,0.01,2684,5.368,0.00712068,0.0144496,0.0217011,13.5346,0
dls,0.01,2685,5.37,0.00711606,0.0144477,0.0216628,13.5291,0
dls,0.01,2686,5.372,0.00711145,0.0144458,0.0216245,13.5237,0
dls,0.01,2687,5.374,0.00710685,0.0144439,0.0215862,13.5183,0
dls,0.01,2688,5.376,0.00710225,0.014442,0.0215478,13.5129,0
dls,0.01,2689,5.378,0.00709767,0.0144402,0.0215094,13.5076,0
dls,0.01,2690,5.38,0.00709309,0.0144383,0.021471,13.5022,0
dls,0.01,2691,5.382,0.00708852,0.0144364,0.0214325,13.4969,0
dls,0.01,2692,5.384,0.00708396,0.0144345,0.021394,13.4916,0
dls,0.01,2693,5.386,0.00707941,0.0144326,0.0213555,13.4863,0
dls,0.01,2694,5.388,0.00707487,0.0144308,0.021317,13.4811,0
dls,0.01,2695,5.39,0.00707034,0.0144289,0.0212784,13.4758,0
dls,0.01,2696,5.392,0.00706582,0.0144271,0.0212398,13.4706,0
dls,0.01,2697,5.394,0.00706131,0.0144252,0.0212012,13.4654,0
dls,0.01,2698,5.396,0.00705681,0.0144233,0.0211626,13.4602,0
dls,0.01,2699,5.398,0.00705231,0.0144215,0.0211239,13.455,0
dls,0.01,2700,5.4,0.00704783,0.0144196,0.0210852,13.4499,0
dls,0.01,2701,5.402,0.00704336,0.0144178,0.0210465,13.4447,0
dls,0.01,2702,5.404,0.00703889,0.014416,0.0210078,13.4396,0
dls,0.01,2703,5.406,0.00703444,0.0144141,0.020969,13.4345,0
dls,0.01,2704,5.408,0.00703,0.0144123,0.0209302,13.4294,0
dls,0.01,2705,5.41,0.00702557,0.0144104,0.0208914,13.4244,0
dls,0.01,2706,5.412,0.00702115,0.0144086,0.0208526,13.4193,0
dls,0.01,2707,5.414,0.00701673,0.0144068,0.0208137,13.4143,0
dls,0.01,2708,5.416,0.00701233,0.014405,0.0207748,13.4093,0
dls,0.01,2709,5.418,0.00700794,0.0144032,0.0207359,13.4043,0
dls,0.01,2710,5.42,0.00700357,0.0144013,0.020697,13.3993,0
dls,0.01,2711,5.422,0.0069992,0.0143995,0.020658,13.3944,0
dls,0.01,2712,5.424,0.00699484,0.0143977,0.020619,13.3894,0
dls,0.01,2713,5.426,0.0069905,0.0143959,0.02058,13.3845,0
dls,0.01,2714,5.428,0.00698616,0.0143941,0.020541,13.3796,0
dls,0.01,2715,5.43,0.00698184,0.0143923,0.0205019,13.3747,0
dls,0.01,2716,5.432,0.00697753,0.0143905,0.0204628,13.3699,0
dls,0.01,2717,5.434,0.00697323,0.0143887,0.0204237,13.365,0
dls,0.01,2718,5.436,0.00696894,0.014387,0.0203846,13.3602,0
dls,0.01,2719,5.438,0.00696466,0.0143852,0.0203454,13.3554,0
dls,0.01,2720,5.44,0.0069604,0.0143834,0.0203062,13.3506,0
dls,0.01,2721,5.442,0.00695615,0.0143816,0.020267,13.3458,0
dls,0.01,2722,5.444,0.0069519,0.0143798,0.0202278,13.341,0
dls,0.01,2723,5.446,0.00694768,0.0143781,0.0201885,13.3363,0
dls,0.01,2724,5.448,0.00694346,0.0143763,0.0201492,13.3316,0
dls,0.01,2725,5.45,0.00693926,0.0143745,0.0201099,13.3269,0
dls,0.01,2726,5.452,0.00693507,0.0143728,0.0200706,13.3222,0
dls,0.01,2727,5.454,0.00693089,0.014371,0.0200312,13.3175,0
dls,0.01,2728,5.456,0.00692672,0.0143693,0.0199919,13.3128,0
dls,0.01,2729,5.458,0.00692257,0.0143675,0.0199525,13.3082,0
dls,0.01,2730,5.46,0.00691843,0.0143658,0.019913,13.3036,0
dls,0.01,2731,5.462,0.0069143,0.0143641,0.0198736,13.299,0
dls,0.01,2732,5.464,0.00691019,0.0143623,0.0198341,13.2944,0
dls,0.01,2733,5.466,0.00690609,0.0143606,0.0197946,13.2898,0
dls,0.01,2734,5.468,0.006902,0.0143589,0.0197551,13.2853,0
dls,0.01,2735,5.47,0.00689792,0.0143571,0.0197156,13.2807,0
dls,0.01,2736,5.472,0.00689386,0.0143554,0.019676,13.2762,0
dls,0.01,2737,5.474,0.00688982,0.0143537,0.0196364,13.2717,0
dls,0.01,2738,5.476,0.00688578,0.014352,0.0195968,13.2672,0
dls,0.01,2739,5.478,0.00688176,0.0143503,0.0195572,13.2628,0
dls,0.01,2740,5.48,0.00687776,0.0143486,0.0195175,13.2583,0
dls,0.01,2741,5.482,0.00687377,0.0143469,0.0194779,13.2539,0
dls,0.01,2742,5.484,0.00686979,0.0143452,0.0194382,13.2495,0
dls,0.01,2743,5.486,0.00686583,0.0143435,0.0193984,13.2451,0
dls,0.01,2744,5.488,0.00686188,0.0143418,0.0193587,13.2407,0
dls,0.01,2745,5.49,0.00685794,0.0143401,0.0193189,13.2363,0
dls,0.01,2746,5.492,0.00685402,0.0143384,0.0192791,13.232,0
dls,0.01,2747,5.494,0.00685012,0.0143367,0.0192393,13.2277,0
dls,0.01,2748,5.496,0.00684623,0.014335,0.0191995,13.2234,0
dls,0.01,2749,5.498,0.00684235,0.0143334,0.0191596,13.2191,0
dls,0.01,2750,5.5,0.00683849,0.0143317,0.0191198,13.2148,0
dls,0.01,2751,5.502,0.00683465,0.01433,0.0190799,13.2105,0
dls,0.01,2752,5.504,0.00683082,0.0143284,0.0190399,13.2063,0
dls,0.01,2753,5.506,0.006827,0.0143267,0.019,13.202,0
dls,0.01,2754,5.508,0.0068232,0.014325,0.01896,13.1978,0
dls,0.01,2755,5.51,0.00681942,0.0143234,0.01892,13.1936,0
dls,0.01,2756,5.512,0.00681565,0.0143217,0.01888,13.1895,0
dls,0.01,2757,5.514,0.00681189,0.0143201,0.01884,13.1853,0
dls,0.01,2758,5.516,0.00680816,0.0143185,0.0187999,13.1812,0
dls,0.01,2759,5.518,0.00680444,0.0143168,0.0187599,13.177,0
dls,0.01,2760,5.52,0.00680073,0.0143152,0.0187198,13.1729,0
dls,0.01,2761,5.522,0.00679704,0.0143136,0.0186797,13.1688,0
dls,0.01,2762,5.524,0.00679337,0.0143119,0.0186395,13.1647,0
dls,0.01,2763,5.526,0.00678971,0.0143103,0.0185994,13.1607,0
dls,0.01,2764,5.528,0.00678607,0.0143087,0.0185592,13.1566,0
dls,0.01,2765,5.53,0.00678244,0.0143071,0.018519,13.1526,0
dls,0.01,2766,5.532,0.00677884,0.0143055,0.0184788,13.1486,0
dls,0.01,2767,5.534,0.00677525,0.0143039,0.0184385,13.1446,0
dls,0.01,2768,5.536,0.00677167,0.0143023,0.0183983,13.1406,0
dls,0.01,2769,5.538,0.00676811,0.0143007,0.018358,13.1366,0
dls,0.01,2770,5.54,0.00676457,0.0142991,0.0183177,13.1327,0
dls,0.01,2771,5.542,0.00676105,0.0142975,0.0182774,13.1288,0
dls,0.01,2772,5.544,0.00675754,0.0142959,0.018237,13.1248,0
dls,0.01,2773,5.546,0.00675405,0.0142943,0.0181966,13.1209,0
dls,0.01,2774,5.548,0.00675058,0.0142928,0.0181563,13.1171,0
dls,0.01,2775,5.55,0.00674713,0.0142912,0.0181159,13.1132,0
dls,0.01,2776,5.552,0.00674369,0.0142896,0.0180754,13.1093,0
dls,0.01,2777,5.554,0.00674027,0.014288,0.018035,13.1055,0
dls,0.01,2778,5.556,0.00673687,0.0142865,0.0179945,13.1017,0
dls,0.01,2779,5.558,0.00673349,0.0142849,0.017954,13.0979,0
dls,0.01,2780,5.56,0.00673012,0.0142834,0.0179135,13.0941,0
dls,0.01,2781,5.562,0.00672678,0.0142818,0.017873,13.0903,0
dls,0.01,2782,5.564,0.00672345,0.0142803,0.0178325,13.0866,0
dls,0.01,2783,5.566,0.00672014,0.0142787,0.0177919,13.0828,0
dls,0.01,2784,5.568,0.00671684,0.0142772,0.0177513,13.0791,0
dls,0.01,2785,5.57,0.00671357,0.0142757,0.0177107,13.0754,0
dls,0.01,2786,5.572,0.00671031,0.0142741,0.0176701,13.0717,0
dls,0.01,2787,5.574,0.00670708,0.0142726,0.0176295,13.068,0
dls,0.01,2788,5.576,0.00670386,0.0142711,0.0175888,13.0644,0
dls,0.01,2789,5.578,0.00670066,0.0142696,0.0175481,13.0607,0
dls,0.01,2790,5.58,0.00669748,0.014268,0.0175074,13.0571,0
dls,0.01,2791,5.582,0.00669432,0.0142665,0.0174667,13.0535,0
dls,0.01,2792,5.584,0.00669117,0.014265,0.017426,13.0499,0
dls,0.01,2793,5.586,0.00668805,0.0142635,0.0173852,13.0463,0
dls,0.01,2794,5.588,0.00668495,0.014262,0.0173445,13.0428,0
dls,0.01,2795,5.59,0.00668186,0.0142605,0.0173037,13.0392,0
dls,0.01,2796,5.592,0.0066788,0.014259,0.0172629,13.0357,0
dls,0.01,2797,5.594,0.00667575,0.0142576,0.017222,13.0321,0
dls,0.01,2798,5.596,0.00667273,0.0142561,0.0171812,13.0286,0
dls,0.01,2799,5.598,0.00666972,0.0142546,0.0171403,13.0252,0
dls,0.01,2800,5.6,0.00666674,0.0142531,0.0170994,13.0217,0
dls,0.01,2801,5.602,0.00666377,0.0142517,0.0170585,13.0182,0
dls,0.01,2802,5.604,0.00666083,0.0142502,0.0170176,13.0148,0
dls,0.01,2803,5.606,0.0066579,0.0142487,0.0169767,13.0114,0
dls,0.01,2804,5.608,0.006655,0.0142473,0.0169357,13.008,0
dls,0.01,2805,5.61,0.00665211,0.0142458,0.0168948,13.0046,0
dls,0.01,2806,5.612,0.00664925,0.0142444,0.0168538,13.0012,0
dls,0.01,2807,5.614,0.0066464,0.0142429,0.0168128,12.9978,0
dls,0.01,2808,5.616,0.00664358,0.0142415,0.0167717,12.9945,0
dls,0.01,2809,5.618,0.00664078,0.0142401,0.0167307,12.9911,0
dls,0.01,2810,5.62,0.006638,0.0142386,0.0166896,12.9878,0
dls,0.01,2811,5.622,0.00663524,0.0142372,0.0166486,12.9845,0
dls,0.01,2812,5.624,0.0066325,0.0142358,0.0166075,12.9812,0
dls,0.01,2813,5.626,0.00662978,0.0142344,0.0165664,12.978,0
dls,0.01,2814,5.628,0.00662708,0.0142329,0.0165252,12.9747,0
dls,0.01,2815,5.63,0.0066244,0.0142315,0.0164841,12.9715,0
dls,0.01,2816,5.632,0.00662175,0.0142301,0.0164429,12.9682,0
dls,0.01,2817,5.634,0.00661912,0.0142287,0.0164018,12.965,0
dls,0.01,2818,5.636,0.0066165,0.0142273,0.0163606,12.9618,0
dls,0.01,2819,5.638,0.00661391,0.0142259,0.0163194,12.9587,0
dls,0.01,2820,5.64,0.00661135,0.0142245,0.0162781,12.9555,0
dls,0.01,2821,5.642,0.0066088,0.0142232,0.0162369,12.9523,0
dls,0.01,2822,5.644,0.00660627,0.0142218,0.0161956,12.9492,0
dls,0.01,2823,5.646,0.00660377,0.0142204,0.0161544,12.9461,0
dls,0.01,2824,5.648,0.00660129,0.014219,0.0161131,12.943,0
dls,0.01,2825,5.65,0.00659883,0.0142177,0.0160718,12.9399,0
dls,0.01,2826,5.652,0.0065964,0.0142163,0.0160304,12.9368,0
dls,0.01,2827,5.654,0.00659398,0.0142149,0.0159891,12.9338,0
dls,0.01,2828,5.656,0.00659159,0.0142136,0.0159477,12.9307,0
dls,0.01,2829,5.658,0.00658922,0.0142122,0.0159064,12.9277,0
dls,0.01,2830,5.66,0.00658688,0.0142109,0.015865,12.9247,0
dls,0.01,2831,5.662,0.00658455,0.0142095,0.0158236,12.9217,0
dls,0.01,2832,5.664,0.00658225,0.0142082,0.0157822,12.9187,0
dls,0.01,2833,5.666,0.00657998,0.0142069,0.0157407,12.9157,0
dls,0.01,2834,5.668,0.00657772,0.0142055,0.0156993,12.9128,0
dls,0.01,2835,5.67,0.00657549,0.0142042,0.0156578,12.9098,0
dls,0.01,2836,5.672,0.00657328,0.0142029,0.0156163,12.9069,0
dls,0.01,2837,5.674,0.00657109,0.0142016,0.0155749,12.904,0
dls,0.01,2838,5.676,0.00656893,0.0142003,0.0155333,12.9011,0
dls,0.01,2839,5.678,0.00656679,0.014199,0.0154918,12.8982,0
dls,0.01,2840,5.68,0.00656468,0.0141977,0.0154503,12.8954,0
dls,0.01,2841,5.682,0.00656258,0.0141964,0.0154087,12.8925,0
dls,0.01,2842,5.684,0.00656052,0.0141951,0.0153672,12.8897,0
dls,0.01,2843,5.686,0.00655847,0.0141938,0.0153256,12.8868,0
dls,0.01,2844,5.688,0.00655645,0.0141925,0.015284,12.884,0
dls,0.01,2845,5.69,0.00655445,0.0141912,0.0152424,12.8812,0
dls,0.01,2846,5.692,0.00655248,0.0141899,0.0152008,12.8785,0
dls,0.01,2847,5.694,0.00655053,0.0141887,0.0151591,12.8757,0
dls,0.01,2848,5.696,0.0065486,0.0141874,0.0151175,12.873,0
dls,0.01,2849,5.698,0.0065467,0.0141861,0.0150758,12.8702,0
dls,0.01,2850,5.7,0.00654483,0.0141849,0.0150341,12.8675,0
dls,0.01,2851,5.702,0.00654297,0.0141836,0.0149924,12.8648,0
dls,0.01,2852,5.704,0.00654114,0.0141824,0.0149507,12.8621,0
dls,0.01,2853,5.706,0.00653934,0.0141811,0.014909,12.8594,0
dls,0.01,2854,5.708,0.00653756,0.0141799,0.0148673,12.8568,0
dls,0.01,2855,5.71,0.00653581,0.0141786,0.0148255,12.8541,0
dls,0.01,2856,5.712,0.00653407,0.0141774,0.0147838,12.8515,0
dls,0.01,2857,5.714,0.00653237,0.0141762,0.014742,12.8489,0
dls,0.01,2858,5.716,0.00653069,0.0141749,0.0147002,12.8463,0
dls,0.01,2859,5.718,0.00652903,0.0141737,0.0146584,12.8437,0
dls,0.01,2860,5.72,0.0065274,0.0141725,0.0146166,12.8411,0
dls,0.01,2861,5.722,0.00652579,0.0141713,0.0145748,12.8386,0
dls,0.01,2862,5.724,0.00652421,0.0141701,0.0145329,12.836,0
dls,0.01,2863,5.726,0.00652266,0.0141689,0.0144911,12.8335,0
dls,0.01,2864,5.728,0.00652113,0.0141677,0.0144492,12.831,0
dls,0.01,2865,5.73,0.00651962,0.0141665,0.0144074,12.8285,0
dls,0.01,2866,5.732,0.00651814,0.0141653,0.0143655,12.826,0
dls,0.01,2867,5.734,0.00651669,0.0141641,0.0143236,12.8235,0
dls,0.01,2868,5.736,0.00651526,0.0141629,0.0142817,12.8211,0
dls,0.01,2869,5.738,0.00651385,0.0141618,0.0142397,12.8186,0
dls,0.01,2870,5.74,0.00651248,0.0141606,0.0141978,12.8162,0
dls,0.01,2871,5.742,0.00651112,0.0141594,0.0141559,12.8138,0
dls,0.01,2872,5.744,0.0065098,0.0141583,0.0141139,12.8114,0
dls,0.01,2873,5.746,0.0065085,0.0141571,0.0140719,12.809,0
dls,0.01,2874,5.748,0.00650722,0.014156,0.0140299,12.8066,0
dls,0.01,2875,5.75,0.00650597,0.0141548,0.0139879,12.8042,0
dls,0.01,2876,5.752,0.00650475,0.0141537,0.0139459,12.8019,0
dls,0.01,2877,5.754,0.00650355,0.0141525,0.0139039,12.7996,0
dls,0.01,2878,5.756,0.00650238,0.0141514,0.0138619,12.7973,0
dls,0.01,2879,5.758,0.00650124,0.0141503,0.0138199,12.795,0
dls,0.01,2880,5.76,0.00650012,0.0141492,0.0137778,12.7927,0
dls,0.01,2881,5.762,0.00649903,0.014148,0.0137357,12.7904,0
dls,0.01,2882,5.764,0.00649796,0.0141469,0.0136937,12.7881,0
dls,0.01,2883,5.766,0.00649692,0.0141458,0.0136516,12.7859,0
dls,0.01,2884,5.768,0.00649591,0.0141447,0.0136095,12.7837,0
dls,0.01,2885,5.77,0.00649492,0.0141436,0.0135674,12.7814,0
dls,0.01,2886,5.772,0.00649396,0.0141425,0.0135253,12.7792,0
dls,0.01,2887,5.774,0.00649303,0.0141414,0.0134832,12.777,0
dls,0.01,2888,5.776,0.00649212,0.0141403,0.013441,12.7749,0
dls,0.01,2889,5.778,0.00649124,0.0141392,0.0133989,12.7727,0
dls,0.01,2890,5.78,0.00649039,0.0141382,0.0133567,12.7706,0
dls,0.01,2891,5.782,0.00648956,0.0141371,0.0133146,12.7684,0
dls,0.01,2892,5.784,0.00648876,0.014136,0.0132724,12.7663,0
dls,0.01,2893,5.786,0.00648799,0.014135,0.0132302,12.7642,0
dls,0.01,2894,5.788,0.00648725,0.0141339,0.013188,12.7621,0
dls,0.01,2895,5.79,0.00648653,0.0141328,0.0131458,12.76,0
dls,0.01,2896,5.792,0.00648584,0.0141318,0.0131036,12.758,0
dls,0.01,2897,5.794,0.00648517,0.0141307,0.0130614,12.7559,0
dls,0.01,2898,5.796,0.00648453,0.0141297,0.0130191,12.7539,0
dls,0.01,2899,5.798,0.00648393,0.0141287,0.0129769,12.7519,0
dls,0.01,2900,5.8,0.00648334,0.0141276,0.0129346,12.7499,0
dls,0.01,2901,5.802,0.00648279,0.0141266,0.0128924,12.7479,0
dls,0.01,2902,5.804,0.00648226,0.0141256,0.0128501,12.7459,0
dls,0.01,2903,5.806,0.00648176,0.0141246,0.0128078,12.7439,0
dls,0.01,2904,5.808,0.00648129,0.0141236,0.0127655,12.742,0
dls,0.01,2905,5.81,0.00648084,0.0141226,0.0127232,12.74,0
dls,0.01,2906,5.812,0.00648042,0.0141215,0.0126809,12.7381,0
dls,0.01,2907,5.814,0.00648003,0.0141205,0.0126386,12.7362,0
dls,0.01,2908,5.816,0.00647967,0.0141196,0.0125963,12.7343,0
dls,0.01,2909,5.818,0.00647933,0.0141186,0.012554,12.7324,0
dls,0.01,2910,5.82,0.00647903,0.0141176,0.0125116,12.7306,0
dls,0.01,2911,5.822,0.00647875,0.0141166,0.0124693,12.7287,0
dls,0.01,2912,5.824,0.0064785,0.0141156,0.0124269,12.7269,0
dls,0.01,2913,5.826,0.00647827,0.0141147,0.0123846,12.725,0
dls,0.01,2914,5.828,0.00647807,0.0141137,0.0123422,12.7232,0
dls,0.01,2915,5.83,0.00647791,0.0141127,0.0122998,12.7214,0
dls,0.01,2916,5.832,0.00647777,0.0141118,0.0122574,12.7196,0
dls,0.01,2917,5.834,0.00647765,0.0141108,0.0122151,12.7179,0
dls,0.01,2918,5.836,0.00647757,0.0141099,0.0121727,12.7161,0
dls,0.01,2919,5.838,0.00647751,0.0141089,0.0121302,12.7144,0
dls,0.01,2920,5.84,0.00647748,0.014108,0.0120878,12.7126,0
dls,0.01,2921,5.842,0.00647748,0.0141071,0.0120454,12.7109,0
dls,0.01,2922,5.844,0.00647751,0.0141061,0.012003,12.7092,0
dls,0.01,2923,5.846,0.00647757,0.0141052,0.0119605,12.7075,0
dls,0.01,2924,5.848,0.00647765,0.0141043,0.0119181,12.7058,0
dls,0.01,2925,5.85,0.00647776,0.0141034,0.0118757,12.7042,0
dls,0.01,2926,5.852,0.0064779,0.0141025,0.0118332,12.7025,0
dls,0.01,2927,5.854,0.00647807,0.0141016,0.0117907,12.7009,0
dls,0.01,2928,5.856,0.00647827,0.0141007,0.0117483,12.6993,0
dls,0.01,2929,5.858,0.00647849,0.0140998,0.0117058,12.6977,0
dls,0.01,2930,5.86,0.00647875,0.0140989,0.0116633,12.6961,0
dls,0.01,2931,5.862,0.00647903,0.014098,0.0116208,12.6945,0
dls,0.01,2932,5.864,0.00647934,0.0140971,0.0115783,12.6929,0
dls,0.01,2933,5.866,0.00647968,0.0140962,0.0115358,12.6914,0
dls,0.01,2934,5.868,0.00648004,0.0140954,0.0114933,12.6898,0
dls,0.01,2935,5.87,0.00648044,0.0140945,0.0114508,12.6883,0
dls,0.01,2936,5.872,0.00648086,0.0140936,0.0114083,12.6868,0
dls,0.01,2937,5.874,0.00648131,0.0140928,0.0113658,12.6853,0
dls,0.01,2938,5.876,0.0064818,0.0140919,0.0113232,12.6838,0
dls,0.01,2939,5.878,0.0064823,0.0140911,0.0112807,12.6823,0
dls,0.01,2940,5.88,0.00648284,0.0140903,0.0112382,12.6809,0
dls,0.01,2941,5.882,0.00648341,0.0140894,0.0111956,12.6794,0
dls,0.01,2942,5.884,0.006484,0.0140886,0.0111531,12.678,0
dls,0.01,2943,5.886,0.00648463,0.0140878,0.0111105,12.6766,0
dls,0.01,2944,5.888,0.00648528,0.0140869,0.011068,12.6752,0
dls,0.01,2945,5.89,0.00648596,0.0140861,0.0110254,12.6738,0
dls,0.01,2946,5.892,0.00648667,0.0140853,0.0109828,12.6724,0
dls,0.01,2947,5.894,0.00648741,0.0140845,0.0109403,12.671,0
dls,0.01,2948,5.896,0.00648817,0.0140837,0.0108977,12.6697,0
dls,0.01,2949,5.898,0.00648897,0.0140829,0.0108551,12.6683,0
dls,0.01,2950,5.9,0.00648979,0.0140821,0.0108125,12.667,0
dls,0.01,2951,5.902,0.00649064,0.0140813,0.0107699,12.6657,0
dls,0.01,2952,5.904,0.00649152,0.0140805,0.0107273,12.6644,0
dls,0.01,2953,5.906,0.00649243,0.0140798,0.0106847,12.6631,0
dls,0.01,2954,5.908,0.00649337,0.014079,0.0106421,12.6618,0
dls,0.01,2955,5.91,0.00649434,0.0140782,0.0105995,12.6606,0
dls,0.01,2956,5.912,0.00649533,0.0140775,0.0105569,12.6593,0
dls,0.01,2957,5.914,0.00649636,0.0140767,0.0105143,12.6581,0
dls,0.01,2958,5.916,0.00649741,0.0140759,0.0104717,12.6569,0
dls,0.01,2959,5.918,0.00649849,0.0140752,0.0104291,12.6557,0
dls,0.01,2960,5.92,0.0064996,0.0140745,0.0103864,12.6545,0
dls,0.01,2961,5.922,0.00650074,0.0140737,0.0103438,12.6533,0
dls,0.01,2962,5.924,0.00650191,0.014073,0.0103012,12.6521,0
dls,0.01,2963,5.926,0.0065031,0.0140723,0.0102585,12.651,0
dls,0.01,2964,5.928,0.00650433,0.0140715,0.0102159,12.6499,0
dls,0.01,2965,5.93,0.00650558,0.0140708,0.0101733,12.6487,0
dls,0.01,2966,5.932,0.00650686,0.0140701,0.0101306,12.6476,0
dls,0.01,2967,5.934,0.00650817,0.0140694,0.010088,12.6465,0
dls,0.01,2968,5.936,0.00650951,0.0140687,0.0100453,12.6454,0
dls,0.01,2969,5.938,0.00651088,0.014068,0.0100027,12.6444,0
dls,0.01,2970,5.94,0.00651228,0.0140673,0.00996004,12.6433,0
dls,0.01,2971,5.942,0.0065137,0.0140666,0.00991739,12.6423,0
dls,0.01,2972,5.944,0.00651516,0.0140659,0.00987473,12.6412,0
dls,0.01,2973,5.946,0.00651664,0.0140652,0.00983207,12.6402,0
dls,0.01,2974,5.948,0.00651815,0.0140646,0.00978941,12.6392,0
dls,0.01,2975,5.95,0.00651969,0.0140639,0.00974675,12.6382,0
dls,0.01,2976,5.952,0.00652126,0.0140632,0.00970409,12.6372,0
dls,0.01,2977,5.954,0.00652286,0.0140626,0.00966143,12.6363,0
dls,0.01,2978,5.956,0.00652448,0.0140619,0.00961876,12.6353,0
dls,0.01,2979,5.958,0.00652613,0.0140613,0.00957609,12.6344,0
dls,0.01,2980,5.96,0.00652782,0.0140606,0.00953342,12.6334,0
dls,0.01,2981,5.962,0.00652953,0.01406,0.00949075,12.6325,0
dls,0.01,2982,5.964,0.00653127,0.0140593,0.00944808,12.6316,0
dls,0.01,2983,5.966,0.00653303,0.0140587,0.00940541,12.6307,0
dls,0.01,2984,5.968,0.00653483,0.0140581,0.00936274,12.6299,0
dls,0.01,2985,5.97,0.00653666,0.0140575,0.00932006,12.629,0
dls,0.01,2986,5.972,0.00653851,0.0140569,0.00927739,12.6282,0
dls,0.01,2987,5.974,0.00654039,0.0140562,0.00923471,12.6273,0
dls,0.01,2988,5.976,0.0065423,0.0140556,0.00919204,12.6265,0
dls,0.01,2989,5.978,0.00654424,0.014055,0.00914936,12.6257,0
dls,0.01,2990,5.98,0.00654621,0.0140544,0.00910669,12.6249,0
dls,0.01,2991,5.982,0.0065482,0.0140539,0.00906401,12.6241,0
dls,0.01,2992,5.984,0.00655022,0.0140533,0.00902133,12.6234,0
dls,0.01,2993,5.986,0.00655227,0.0140527,0.00897866,12.6226,0
dls,0.01,2994,5.988,0.00655435,0.0140521,0.00893598,12.6219,0
dls,0.01,2995,5.99,0.00655646,0.0140515,0.00889331,12.6211,0
dls,0.01,2996,5.992,0.0065586,0.014051,0.00885063,12.6204,0
dls,0.01,2997,5.994,0.00656076,0.0140504,0.00880796,12.6197,0
dls,0.01,2998,5.996,0.00656295,0.0140499,0.00876528,12.619,0
dls,0.01,2999,5.998,0.00656517,0.0140493,0.00872261,12.6184,0
mink,,0,0.0,6.84228e-49,2.46519e-32,0.0,12.6544,0
mink,,1,0.002,2.81556e-05,6.01251e-05,3.63839e-05,12.654,0
mink,,2,0.004,7.75882e-05,0.000165633,9.50837e-05,12.6534,0
mink,,3,0.006,0.000143485,0.000305564,0.000169183,12.6526,0
mink,,4,0.008,0.000222215,0.000471859,0.000254715,12.6517,0
mink,,5,0.01,0.000310913,0.000658378,0.000349018,12.6508,0
mink,,6,0.012,0.000407277,0.000860302,0.000450123,12.6497,0
mink,,7,0.014,0.000509437,0.00107378,0.000556494,12.6487,0
mink,,8,0.016,0.00061587,0.00129569,0.000666903,12.6476,0
mink,,9,0.018,0.000725339,0.00152351,0.000780358,12.6465,0
mink,,10,0.02,0.000836836,0.00175521,0.00089605,12.6454,0
mink,,11,0.022,0.000949543,0.00198911,0.00101333,12.6443,0
mink,,12,0.024,0.0010628,0.00222388,0.00113165,12.6432,0
mink,,13,0.026,0.00117607,0.00245843,0.00125059,12.642,0
mink,,14,0.028,0.00128892,0.00269189,0.00136979,12.641,0
mink,,15,0.03,0.00140102,0.00292358,0.00148897,12.6399,0
mink,,16,0.032,0.00151208,0.00315293,0.00160791,12.6388,0
mink,,17,0.034,0.00162189,0.00337952,0.00172642,12.6378,0
mink,,18,0.036,0.00173028,0.00360301,0.00184435,12.6367,0
mink,,19,0.038,0.00183713,0.00382313,0.00196159,12.6357,0
mink,,20,0.04,0.00194234,0.00403969,0.00207805,12.6347,0
mink,,21,0.042,0.00204582,0.00425255,0.00219366,12.6338,0
mink,,22,0.044,0.00214754,0.0044616,0.00230837,12.6328,0
mink,,23,0.046,0.00224745,0.00466678,0.00242214,12.6319,0
mink,,24,0.048,0.00234554,0.00486805,0.00253494,12.631,0
mink,,25,0.05,0.0024418,0.00506539,0.00264676,12.6301,0
mink,,26,0.052,0.00253622,0.00525881,0.00275758,12.6293,0
mink,,27,0.054,0.00262882,0.00544832,0.0028674,12.6285,0
mink,,28,0.056,0.00271961,0.00563395,0.00297621,12.6277,0
mink,,29,0.058,0.0028086,0.00581575,0.00308403,12.6269,0
mink,,30,0.06,0.00289581,0.00599375,0.00319085,12.6261,0
mink,,31,0.062,0.00298128,0.00616801,0.00329669,12.6254,0
mink,,32,0.064,0.00306502,0.00633859,0.00340157,12.6247,0
mink,,33,0.066,0.00314706,0.00650554,0.00350548,12.624,0
mink,,34,0.068,0.00322744,0.00666893,0.00360846,12.6234,0
mink,,35,0.07,0.00330618,0.00682881,0.0037105,12.6227,0
mink,,36,0.072,0.00338331,0.00698526,0.00381163,12.6221,0
mink,,37,0.074,0.00345888,0.00713834,0.00391187,12.6215,0
mink,,38,0.076,0.00353289,0.00728812,0.00401123,12.621,0
mink,,39,0.078,0.00360539,0.00743466,0.00410972,12.6204,0
mink,,40,0.08,0.00367642,0.00757802,0.00420737,12.6199,0
mink,,41,0.082,0.00374599,0.00771828,0.0043042,12.6194,0
mink,,42,0.084,0.00381414,0.00785549,0.00440021,12.6189,0
mink,,43,0.086,0.0038809,0.00798972,0.00449543,12.6184,0
mink,,44,0.088,0.0039463,0.00812103,0.00458987,12.618,0
mink,,45,0.09,0.00401037,0.00824949,0.00468355,12.6176,0
mink,,46,0.092,0.00407314,0.00837515,0.00477648,12.6172,0
mink,,47,0.094,0.00413464,0.00849808,0.00486869,12.6168,0
mink,,48,0.096,0.00419489,0.00861833,0.00496019,12.6165,0
mink,,49,0.098,0.00425392,0.00873596,0.00505098,12.6161,0
mink,,50,0.1,0.00431176,0.00885103,0.0051411,12.6158,0
mink,,51,0.102,0.00436844,0.00896359,0.00523055,12.6155,0
mink,,52,0.104,0.00442397,0.00907369,0.00531935,12.6153,0
mink,,53,0.106,0.0044784,0.0091814,0.00540751,12.615,0
mink,,54,0.108,0.00453173,0.00928676,0.00549506,12.6148,0
mink,,55,0.11,0.004584,0.00938982,0.00558199,12.6145,0
mink,,56,0.112,0.00463523,0.00949063,0.00566832,12.6143,0
mink,,57,0.114,0.00468544,0.00958925,0.00575408,12.6142,0
mink,,58,0.116,0.00473465,0.00968571,0.00583926,12.614,0
mink,,59,0.118,0.0047829,0.00978007,0.0059239,12.6139,0
mink,,60,0.12,0.00483019,0.00987238,0.00600798,12.6137,0
mink,,61,0.122,0.00487655,0.00996267,0.00609154,12.6136,0
mink,,62,0.124,0.00492201,0.010051,0.00617458,12.6136,0
mink,,63,0.126,0.00496657,0.0101374,0.00625711,12.6135,0
mink,,64,0.128,0.00501027,0.0102219,0.00633915,12.6134,0
mink,,65,0.13,0.00505312,0.0103046,0.0064207,12.6134,0
mink,,66,0.132,0.00509514,0.0103855,0.00650178,12.6134,0
mink,,67,0.134,0.00513634,0.0104646,0.0065824,12.6134,0
mink,,68,0.136,0.00517676,0.0105419,0.00666257,12.6134,0
mink,,69,0.138,0.0052164,0.0106176,0.00674229,12.6135,0
mink,,70,0.14,0.00525528,0.0106917,0.00682158,12.6135,0
mink,,71,0.142,0.00529342,0.0107641,0.00690046,12.6136,0
mink,,72,0.144,0.00533084,0.010835,0.00697892,12.6137,0
mink,,73,0.146,0.00536756,0.0109043,0.00705698,12.6138,0
mink,,74,0.148,0.00540358,0.0109721,0.00713464,12.6139,0
mink,,75,0.15,0.00543892,0.0110384,0.00721192,12.6141,0
mink,,76,0.152,0.00547361,0.0111033,0.00728883,12.6142,0
mink,,77,0.154,0.00550765,0.0111667,0.00736537,12.6144,0
mink,,78,0.156,0.00554106,0.0112288,0.00744155,12.6146,0
mink,,79,0.158,0.00557385,0.0112896,0.00751738,12.6148,0
mink,,80,0.16,0.00560604,0.011349,0.00759287,12.6151,0
mink,,81,0.162,0.00563764,0.0114071,0.00766802,12.6153,0
mink,,82,0.164,0.00566867,0.0114639,0.00774285,12.6156,0
mink,,83,0.166,0.00569913,0.0115195,0.00781736,12.6158,0
mink,,84,0.168,0.00572905,0.0115739,0.00789156,12.6161,0
mink,,85,0.17,0.00575843,0.0116272,0.00796545,12.6164,0
mink,,86,0.172,0.00578728,0.0116792,0.00803905,12.6168,0
mink,,87,0.174,0.00581563,0.0117301,0.00811235,12.6171,0
mink,,88,0.176,0.00584347,0.01178,0.00818538,12.6175,0
mink,,89,0.178,0.00587082,0.0118287,0.00825812,12.6178,0
mink,,90,0.18,0.00589769,0.0118764,0.00833059,12.6182,0
mink,,91,0.182,0.0059241,0.011923,0.0084028,12.6186,0
mink,,92,0.184,0.00595005,0.0119686,0.00847475,12.619,0
mink,,93,0.186,0.00597555,0.0120133,0.00854644,12.6195,0
mink,,94,0.188,0.00600062,0.0120569,0.00861789,12.6199,0
mink,,95,0.19,0.00602526,0.0120996,0.0086891,12.6204,0
mink,,96,0.192,0.00604948,0.0121414,0.00876007,12.6209,0
mink,,97,0.194,0.0060733,0.0121823,0.00883081,12.6214,0
mink,,98,0.196,0.00609673,0.0122223,0.00890133,12.6219,0
mink,,99,0.198,0.00611976,0.0122614,0.00897162,12.6224,0
mink,,100,0.2,0.00614242,0.0122997,0.0090417,12.623,0
mink,,101,0.202,0.0061647,0.0123371,0.00911157,12.6235,0
mink,,102,0.204,0.00618663,0.0123738,0.00918124,12.6241,0
mink,,103,0.206,0.0062082,0.0124096,0.0092507,12.6247,0
mink,,104,0.208,0.00622942,0.0124447,0.00931997,12.6253,0
mink,,105,0.21,0.00625031,0.012479,0.00938904,12.6259,0
mink,,106,0.212,0.00627087,0.0125125,0.00945793,12.6265,0
mink,,107,0.214,0.00629111,0.0125453,0.00952664,12.6272,0
mink,,108,0.216,0.00631103,0.0125775,0.00959516,12.6279,0
mink,,109,0.218,0.00633065,0.0126089,0.00966351,12.6285,0
mink,,110,0.22,0.00634996,0.0126396,0.00973169,12.6292,0
mink,,111,0.222,0.00636899,0.0126697,0.00979971,12.6299,0
mink,,112,0.224,0.00638773,0.0126991,0.00986756,12.6307,0
mink,,113,0.226,0.00640618,0.0127279,0.00993524,12.6314,0
mink,,114,0.228,0.00642437,0.0127561,0.0100028,12.6321,0
mink,,115,0.23,0.00644229,0.0127836,0.0100702,12.6329,0
mink,,116,0.232,0.00645995,0.0128106,0.0101374,12.6337,0
mink,,117,0.234,0.00647736,0.0128369,0.0102045,12.6345,0
mink,,118,0.236,0.00649452,0.0128628,0.0102714,12.6353,0
mink,,119,0.238,0.00651144,0.012888,0.0103382,12.6361,0
mink,,120,0.24,0.00652812,0.0129127,0.0104049,12.637,0
mink,,121,0.242,0.00654457,0.0129369,0.0104714,12.6378,0
mink,,122,0.244,0.00656079,0.0129605,0.0105378,12.6387,0
mink,,123,0.246,0.0065768,0.0129837,0.0106041,12.6396,0
mink,,124,0.248,0.00659259,0.0130063,0.0106703,12.6405,0
mink,,125,0.25,0.00660817,0.0130285,0.0107363,12.6414,0
mink,,126,0.252,0.00662354,0.0130502,0.0108022,12.6423,0
mink,,127,0.254,0.00663872,0.0130714,0.010868,12.6433,0
mink,,128,0.256,0.0066537,0.0130921,0.0109337,12.6442,0
mink,,129,0.258,0.00666849,0.0131124,0.0109992,12.6452,0
mink,,130,0.26,0.0066831,0.0131323,0.0110647,12.6462,0
mink,,131,0.262,0.00669752,0.0131518,0.01113,12.6472,0
mink,,132,0.264,0.00671177,0.0131708,0.0111953,12.6482,0
mink,,133,0.266,0.00672585,0.0131894,0.0112604,12.6492,0
mink,,134,0.268,0.00673975,0.0132076,0.0113255,12.6502,0
mink,,135,0.27,0.00675349,0.0132255,0.0113904,12.6513,0
mink,,136,0.272,0.00676708,0.0132429,0.0114553,12.6524,0
mink,,137,0.274,0.0067805,0.01326,0.01152,12.6534,0
mink,,138,0.276,0.00679377,0.0132767,0.0115847,12.6545,0
mink,,139,0.278,0.0068069,0.0132931,0.0116493,12.6556,0
mink,,140,0.28,0.00681987,0.0133091,0.0117138,12.6568,0
mink,,141,0.282,0.00683271,0.0133247,0.0117782,12.6579,0
mink,,142,0.284,0.00684541,0.0133401,0.0118425,12.6591,0
mink,,143,0.286,0.00685797,0.0133551,0.0119067,12.6602,0
mink,,144,0.288,0.0068704,0.0133698,0.0119709,12.6614,0
mink,,145,0.29,0.0068827,0.0133841,0.012035,12.6626,0
mink,,146,0.292,0.00689488,0.0133982,0.0120989,12.6638,0
mink,,147,0.294,0.00690693,0.013412,0.0121629,12.665,0
mink,,148,0.296,0.00691887,0.0134255,0.0122267,12.6663,0
mink,,149,0.298,0.00693069,0.0134387,0.0122905,12.6675,0
mink,,150,0.3,0.00694239,0.0134516,0.0123542,12.6688,0
mink,,151,0.302,0.00695399,0.0134642,0.0124178,12.6701,0
mink,,152,0.304,0.00696547,0.0134766,0.0124814,12.6714,0
mink,,153,0.306,0.00697685,0.0134887,0.0125449,12.6727,0
mink,,154,0.308,0.00698813,0.0135006,0.0126083,12.674,0
mink,,155,0.31,0.00699931,0.0135122,0.0126717,12.6753,0
mink,,156,0.312,0.0070104,0.0135235,0.012735,12.6767,0
mink,,157,0.314,0.00702138,0.0135347,0.0127982,12.678,0
mink,,158,0.316,0.00703228,0.0135456,0.0128614,12.6794,0
mink,,159,0.318,0.00704308,0.0135562,0.0129245,12.6808,0
mink,,160,0.32,0.0070538,0.0135667,0.0129876,12.6822,0
mink,,161,0.322,0.00706443,0.0135769,0.0130506,12.6836,0
mink,,162,0.324,0.00707497,0.0135869,0.0131135,12.6851,0
mink,,163,0.326,0.00708544,0.0135967,0.0131764,12.6865,0
mink,,164,0.328,0.00709583,0.0136063,0.0132392,12.688,0
mink,,165,0.33,0.00710614,0.0136157,0.013302,12.6894,0
mink,,166,0.332,0.00711637,0.0136249,0.0133647,12.6909,0
mink,,167,0.334,0.00712653,0.0136339,0.0134274,12.6924,0
mink,,168,0.336,0.00713662,0.0136428,0.0134901,12.6939,0
mink,,169,0.338,0.00714664,0.0136514,0.0135526,12.6955,0
mink,,170,0.34,0.00715659,0.0136599,0.0136152,12.697,0
mink,,171,0.342,0.00716647,0.0136682,0.0136776,12.6986,0
mink,,172,0.344,0.0071763,0.0136763,0.0137401,12.7002,0
mink,,173,0.346,0.00718605,0.0136843,0.0138025,12.7017,0
mink,,174,0.348,0.00719575,0.0136921,0.0138648,12.7033,0
mink,,175,0.35,0.00720539,0.0136997,0.0139271,12.7049,0
mink,,176,0.352,0.00721497,0.0137072,0.0139893,12.7066,0
mink,,177,0.354,0.0072245,0.0137145,0.0140516,12.7082,0
mink,,178,0.356,0.00723397,0.0137217,0.0141137,12.7099,0
mink,,179,0.358,0.00724338,0.0137287,0.0141758,12.7115,0
mink,,180,0.36,0.00725275,0.0137356,0.0142379,12.7132,0
mink,,181,0.362,0.00726206,0.0137424,0.0143,12.7149,0
mink,,182,0.364,0.00727132,0.013749,0.014362,12.7166,0
mink,,183,0.366,0.00728054,0.0137555,0.0144239,12.7184,0
mink,,184,0.368,0.00728971,0.0137619,0.0144859,12.7201,0
mink,,185,0.37,0.00729884,0.0137681,0.0145477,12.7218,0
mink,,186,0.372,0.00730792,0.0137742,0.0146096,12.7236,0
mink,,187,0.374,0.00731696,0.0137802,0.0146714,12.7254,0
mink,,188,0.376,0.00732595,0.0137861,0.0147332,12.7272,0
mink,,189,0.378,0.00733491,0.0137918,0.0147949,12.729,0
mink,,190,0.38,0.00734383,0.0137975,0.0148566,12.7308,0
mink,,191,0.382,0.00735271,0.013803,0.0149183,12.7326,0
mink,,192,0.384,0.00736155,0.0138084,0.0149799,12.7345,0
mink,,193,0.386,0.00737035,0.0138137,0.0150415,12.7364,0
mink,,194,0.388,0.00737912,0.013819,0.0151031,12.7382,0
mink,,195,0.39,0.00738786,0.0138241,0.0151646,12.7401,0
mink,,196,0.392,0.00739656,0.0138291,0.0152261,12.742,0
mink,,197,0.394,0.00740524,0.013834,0.0152876,12.744,0
mink,,198,0.396,0.00741388,0.0138388,0.015349,12.7459,0
mink,,199,0.398,0.00742249,0.0138436,0.0154104,12.7478,0
mink,,200,0.4,0.00743107,0.0138482,0.0154718,12.7498,0
mink,,201,0.402,0.00743962,0.0138528,0.0155331,12.7518,0
mink,,202,0.404,0.00744814,0.0138573,0.0155944,12.7538,0
mink,,203,0.406,0.00745664,0.0138616,0.0156557,12.7558,0
mink,,204,0.408,0.00746511,0.013866,0.015717,12.7578,0
mink,,205,0.41,0.00747355,0.0138702,0.0157782,12.7598,0
mink,,206,0.412,0.00748197,0.0138743,0.0158394,12.7619,0
mink,,207,0.414,0.00749037,0.0138784,0.0159006,12.7639,0
mink,,208,0.416,0.00749874,0.0138824,0.0159617,12.766,0
mink,,209,0.418,0.00750709,0.0138863,0.0160228,12.7681,0
mink,,210,0.42,0.00751542,0.0138902,0.0160839,12.7702,0
mink,,211,0.422,0.00752373,0.013894,0.0161449,12.7723,0
mink,,212,0.424,0.00753201,0.0138977,0.016206,12.7744,0
mink,,213,0.426,0.00754028,0.0139013,0.0162669,12.7766,0
mink,,214,0.428,0.00754853,0.0139049,0.0163279,12.7787,0
mink,,215,0.43,0.00755676,0.0139085,0.0163889,12.7809,0
mink,,216,0.432,0.00756497,0.0139119,0.0164498,12.7831,0
mink,,217,0.434,0.00757316,0.0139153,0.0165107,12.7853,0
mink,,218,0.436,0.00758134,0.0139187,0.0165715,12.7875,0
mink,,219,0.438,0.0075895,0.0139219,0.0166324,12.7897,0
mink,,220,0.44,0.00759764,0.0139252,0.0166932,12.792,0
mink,,221,0.442,0.00760577,0.0139284,0.016754,12.7942,0
mink,,222,0.444,0.00761388,0.0139315,0.0168147,12.7965,0
mink,,223,0.446,0.00762198,0.0139345,0.0168755,12.7988,0
mink,,224,0.448,0.00763007,0.0139376,0.0169362,12.8011,0
mink,,225,0.45,0.00763814,0.0139405,0.0169969,12.8034,0
mink,,226,0.452,0.0076462,0.0139435,0.0170575,12.8057,0
mink,,227,0.454,0.00765424,0.0139463,0.0171182,12.8081,0
mink,,228,0.456,0.00766228,0.0139491,0.0171788,12.8104,0
mink,,229,0.458,0.0076703,0.0139519,0.0172394,12.8128,0
mink,,230,0.46,0.00767831,0.0139547,0.0172999,12.8152,0
mink,,231,0.462,0.00768631,0.0139574,0.0173605,12.8176,0
mink,,232,0.464,0.0076943,0.01396,0.017421,12.82,0
mink,,233,0.466,0.00770228,0.0139626,0.0174815,12.8224,0
mink,,234,0.468,0.00771025,0.0139652,0.017542,12.8249,0
mink,,235,0.47,0.00771821,0.0139677,0.0176024,12.8273,0
mink,,236,0.472,0.00772616,0.0139702,0.0176629,12.8298,0
mink,,237,0.474,0.0077341,0.0139727,0.0177233,12.8323,0
mink,,238,0.476,0.00774203,0.0139751,0.0177836,12.8348,0
mink,,239,0.478,0.00774995,0.0139775,0.017844,12.8373,0
mink,,240,0.48,0.00775787,0.0139798,0.0179043,12.8398,0
mink,,241,0.482,0.00776578,0.0139822,0.0179646,12.8423,0
mink,,242,0.484,0.00777368,0.0139844,0.0180249,12.8449,0
mink,,243,0.486,0.00778157,0.0139867,0.0180852,12.8475,0
mink,,244,0.488,0.00778946,0.0139889,0.0181454,12.8501,0
mink,,245,0.49,0.00779734,0.0139911,0.0182057,12.8527,0
mink,,246,0.492,0.00780522,0.0139933,0.0182659,12.8553,0
mink,,247,0.494,0.00781308,0.0139954,0.018326,12.8579,0
mink,,248,0.496,0.00782095,0.0139975,0.0183862,12.8605,0
mink,,249,0.498,0.0078288,0.0139996,0.0184463,12.8632,0
mink,,250,0.5,0.00783665,0.0140016,0.0185065,12.8659,0
mink,,251,0.502,0.0078445,0.0140036,0.0185665,12.8686,0
mink,,252,0.504,0.00785234,0.0140056,0.0186266,12.8713,0
mink,,253,0.506,0.00786018,0.0140076,0.0186867,12.874,0
mink,,254,0.508,0.00786801,0.0140096,0.0187467,12.8767,0
mink,,255,0.51,0.00787584,0.0140115,0.0188067,12.8795,0
mink,,256,0.512,0.00788366,0.0140134,0.0188667,12.8822,0
mink,,257,0.514,0.00789148,0.0140153,0.0189266,12.885,0
mink,,258,0.516,0.00789929,0.0140171,0.0189866,12.8878,0
mink,,259,0.518,0.0079071,0.014019,0.0190465,12.8906,0
mink,,260,0.52,0.00791491,0.0140208,0.0191064,12.8934,0
mink,,261,0.522,0.00792272,0.0140226,0.0191662,12.8962,0
mink,,262,0.524,0.00793052,0.0140244,0.0192261,12.8991,0
mink,,263,0.526,0.00793832,0.0140261,0.0192859,12.9019,0
mink,,264,0.528,0.00794611,0.0140278,0.0193457,12.9048,0
mink,,265,0.53,0.0079539,0.0140296,0.0194055,12.9077,0
mink,,266,0.532,0.00796169,0.0140313,0.0194653,12.9106,0
mink,,267,0.534,0.00796948,0.014033,0.019525,12.9135,0
mink,,268,0.536,0.00797726,0.0140346,0.0195848,12.9165,0
mink,,269,0.538,0.00798505,0.0140363,0.0196445,12.9194,0
mink,,270,0.54,0.00799283,0.0140379,0.0197041,12.9224,0
mink,,271,0.542,0.0080006,0.0140395,0.0197638,12.9254,0
mink,,272,0.544,0.00800838,0.0140411,0.0198234,12.9284,0
mink,,273,0.546,0.00801615,0.0140427,0.019883,12.9314,0
mink,,274,0.548,0.00802392,0.0140443,0.0199426,12.9344,0
mink,,275,0.55,0.00803169,0.0140459,0.0200022,12.9374,0
mink,,276,0.552,0.00803946,0.0140474,0.0200618,12.9405,0
mink,,277,0.554,0.00804723,0.014049,0.0201213,12.9436,0
mink,,278,0.556,0.00805499,0.0140505,0.0201808,12.9467,0
mink,,279,0.558,0.00806276,0.014052,0.0202403,12.9498,0
mink,,280,0.56,0.00807052,0.0140535,0.0202997,12.9529,0
mink,,281,0.562,0.00807828,0.014055,0.0203592,12.956,0
mink,,282,0.564,0.00808604,0.0140565,0.0204186,12.9592,0
mink,,283,0.566,0.0080938,0.0140579,0.020478,12.9623,0
mink,,284,0.568,0.00810155,0.0140594,0.0205374,12.9655,0
mink,,285,0.57,0.00810931,0.0140609,0.0205967,12.9687,0
mink,,286,0.572,0.00811707,0.0140623,0.0206561,12.9719,0
mink,,287,0.574,0.00812482,0.0140637,0.0207154,12.9751,0
mink,,288,0.576,0.00813257,0.0140651,0.0207747,12.9783,0
mink,,289,0.578,0.00814032,0.0140666,0.020834,12.9816,0
mink,,290,0.58,0.00814808,0.014068,0.0208932,12.9849,0
mink,,291,0.582,0.00815583,0.0140693,0.0209524,12.9881,0
mink,,292,0.584,0.00816358,0.0140707,0.0210116,12.9914,0
mink,,293,0.586,0.00817132,0.0140721,0.0210708,12.9947,0
mink,,294,0.588,0.00817907,0.0140735,0.02113,12.9981,0
mink,,295,0.59,0.00818682,0.0140748,0.0211891,13.0014,0
mink,,296,0.592,0.00819457,0.0140762,0.0212483,13.0048,0
mink,,297,0.594,0.00820231,0.0140776,0.0213073,13.0081,0
mink,,298,0.596,0.00821006,0.0140789,0.0213664,13.0115,0
mink,,299,0.598,0.0082178,0.0140802,0.0214255,13.0149,0
mink,,300,0.6,0.00822554,0.0140816,0.0214845,13.0184,0
mink,,301,0.602,0.00823329,0.0140829,0.0215435,13.0218,0
mink,,302,0.604,0.00824103,0.0140842,0.0216025,13.0252,0
mink,,303,0.606,0.00824877,0.0140855,0.0216615,13.0287,0
mink,,304,0.608,0.00825651,0.0140868,0.0217204,13.0322,0
mink,,305,0.61,0.00826425,0.0140881,0.0217793,13.0357,0
mink,,306,0.612,0.00827199,0.0140894,0.0218382,13.0392,0
mink,,307,0.614,0.00827973,0.0140907,0.0218971,13.0427,0
mink,,308,0.616,0.00828747,0.014092,0.021956,13.0463,0
mink,,309,0.618,0.00829521,0.0140933,0.0220148,13.0498,0
mink,,310,0.62,0.00830295,0.0140946,0.0220736,13.0534,0
mink,,311,0.622,0.00831068,0.0140958,0.0221324,13.057,0
mink,,312,0.624,0.00831842,0.0140971,0.0221911,13.0606,0
mink,,313,0.626,0.00832616,0.0140984,0.0222499,13.0642,0
mink,,314,0.628,0.00833389,0.0140997,0.0223086,13.0678,0
mink,,315,0.63,0.00834162,0.0141009,0.0223673,13.0715,0
mink,,316,0.632,0.00834936,0.0141022,0.022426,13.0752,0
mink,,317,0.634,0.00835709,0.0141034,0.0224846,13.0789,0
mink,,318,0.636,0.00836482,0.0141047,0.0225432,13.0826,0
mink,,319,0.638,0.00837255,0.0141059,0.0226019,13.0863,0
mink,,320,0.64,0.00838029,0.0141072,0.0226604,13.09,0
mink,,321,0.642,0.00838801,0.0141084,0.022719,13.0937,0
mink,,322,0.644,0.00839574,0.0141097,0.0227775,13.0975,0
mink,,323,0.646,0.00840347,0.0141109,0.022836,13.1013,0
mink,,324,0.648,0.0084112,0.0141121,0.0228945,13.1051,0
mink,,325,0.65,0.00841893,0.0141134,0.022953,13.1089,0
mink,,326,0.652,0.00842665,0.0141146,0.0230114,13.1127,0
mink,,327,0.654,0.00843438,0.0141159,0.0230699,13.1166,0
mink,,328,0.656,0.0084421,0.0141171,0.0231283,13.1204,0
mink,,329,0.658,0.00844982,0.0141183,0.0231866,13.1243,0
mink,,330,0.66,0.00845754,0.0141196,0.023245,13.1282,0
mink,,331,0.662,0.00846526,0.0141208,0.0233033,13.1321,0
mink,,332,0.664,0.00847298,0.014122,0.0233616,13.136,0
mink,,333,0.666,0.0084807,0.0141232,0.0234199,13.1399,0
mink,,334,0.668,0.00848842,0.0141245,0.0234781,13.1439,0
mink,,335,0.67,0.00849613,0.0141257,0.0235364,13.1479,0
mink,,336,0.672,0.00850385,0.0141269,0.0235946,13.1519,0
mink,,337,0.674,0.00851156,0.0141281,0.0236528,13.1559,0
mink,,338,0.676,0.00851927,0.0141294,0.0237109,13.1599,0
mink,,339,0.678,0.00852699,0.0141306,0.0237691,13.1639,0
mink,,340,0.68,0.00853469,0.0141318,0.0238272,13.168,0
mink,,341,0.682,0.0085424,0.014133,0.0238853,13.172,0
mink,,342,0.684,0.00855011,0.0141343,0.0239433,13.1761,0
mink,,343,0.686,0.00855781,0.0141355,0.0240014,13.1802,0
mink,,344,0.688,0.00856552,0.0141367,0.0240594,13.1843,0
mink,,345,0.69,0.00857322,0.0141379,0.0241174,13.1885,0
mink,,346,0.692,0.00858092,0.0141391,0.0241753,13.1926,0
mink,,347,0.694,0.00858862,0.0141404,0.0242333,13.1968,0
mink,,348,0.696,0.00859631,0.0141416,0.0242912,13.201,0
mink,,349,0.698,0.00860401,0.0141428,0.0243491,13.2052,0
mink,,350,0.7,0.0086117,0.014144,0.0244069,13.2094,0
mink,,351,0.702,0.00861939,0.0141453,0.0244648,13.2136,0
mink,,352,0.704,0.00862708,0.0141465,0.0245226,13.2179,0
mink,,353,0.706,0.00863477,0.0141477,0.0245804,13.2221,0
mink,,354,0.708,0.00864245,0.014149,0.0246382,13.2264,0
mink,,355,0.71,0.00865014,0.0141502,0.0246959,13.2307,0
mink,,356,0.712,0.00865782,0.0141514,0.0247536,13.235,0
mink,,357,0.714,0.0086655,0.0141526,0.0248113,13.2394,0
mink,,358,0.716,0.00867317,0.0141539,0.024869,13.2437,0
mink,,359,0.718,0.00868085,0.0141551,0.0249266,13.2481,0
mink,,360,0.72,0.00868852,0.0141563,0.0249842,13.2525,0
mink,,361,0.722,0.00869619,0.0141576,0.0250418,13.2569,0
mink,,362,0.724,0.00870386,0.0141588,0.0250994,13.2613,0
mink,,363,0.726,0.00871152,0.01416,0.0251569,13.2657,0
mink,,364,0.728,0.00871918,0.0141613,0.0252145,13.2702,0
mink,,365,0.73,0.00872684,0.0141625,0.0252719,13.2746,0
mink,,366,0.732,0.0087345,0.0141638,0.0253294,13.2791,0
mink,,367,0.734,0.00874215,0.014165,0.0253868,13.2836,0
mink,,368,0.736,0.0087498,0.0141663,0.0254443,13.2881,0
mink,,369,0.738,0.00875745,0.0141675,0.0255016,13.2927,0
mink,,370,0.74,0.0087651,0.0141688,0.025559,13.2972,0
mink,,371,0.742,0.00877274,0.01417,0.0256163,13.3018,0
mink,,372,0.744,0.00878038,0.0141713,0.0256736,13.3064,0
mink,,373,0.746,0.00878802,0.0141725,0.0257309,13.311,0
mink,,374,0.748,0.00879565,0.0141738,0.0257882,13.3156,0
mink,,375,0.75,0.00880328,0.014175,0.0258454,13.3203,0
mink,,376,0.752,0.00881091,0.0141763,0.0259026,13.3249,0
mink,,377,0.754,0.00881853,0.0141775,0.0259598,13.3296,0
mink,,378,0.756,0.00882616,0.0141788,0.0260169,13.3343,0
mink,,379,0.758,0.00883377,0.0141801,0.026074,13.339,0
mink,,380,0.76,0.00884139,0.0141813,0.0261311,13.3437,0
mink,,381,0.762,0.008849,0.0141826,0.0261882,13.3484,0
mink,,382,0.764,0.0088566,0.0141839,0.0262453,13.3532,0
mink,,383,0.766,0.00886421,0.0141852,0.0263023,13.358,0
mink,,384,0.768,0.00887181,0.0141864,0.0263593,13.3628,0
mink,,385,0.77,0.0088794,0.0141877,0.0264162,13.3676,0
mink,,386,0.772,0.008887,0.014189,0.0264731,13.3724,0
mink,,387,0.774,0.00889458,0.0141903,0.0265301,13.3773,0
mink,,388,0.776,0.00890217,0.0141916,0.0265869,13.3821,0
mink,,389,0.778,0.00890975,0.0141928,0.0266438,13.387,0
mink,,390,0.78,0.00891733,0.0141941,0.0267006,13.3919,0
mink,,391,0.782,0.0089249,0.0141954,0.0267574,13.3968,0
mink,,392,0.784,0.00893247,0.0141967,0.0268142,13.4018,0
mink,,393,0.786,0.00894003,0.014198,0.0268709,13.4067,0
mink,,394,0.788,0.00894759,0.0141993,0.0269276,13.4117,0
mink,,395,0.79,0.00895515,0.0142006,0.0269843,13.4167,0
mink,,396,0.792,0.0089627,0.0142019,0.027041,13.4217,0
mink,,397,0.794,0.00897025,0.0142032,0.0270976,13.4267,0
mink,,398,0.796,0.00897779,0.0142045,0.0271542,13.4318,0
mink,,399,0.798,0.00898533,0.0142058,0.0272108,13.4368,0
mink,,400,0.8,0.00899286,0.0142072,0.0272673,13.4419,0
mink,,401,0.802,0.00900039,0.0142085,0.0273238,13.447,0
mink,,402,0.804,0.00900791,0.0142098,0.0273803,13.4521,0
mink,,403,0.806,0.00901543,0.0142111,0.0274368,13.4572,0
mink,,404,0.808,0.00902295,0.0142124,0.0274932,13.4624,0
mink,,405,0.81,0.00903046,0.0142138,0.0275496,13.4676,0
mink,,406,0.812,0.00903796,0.0142151,0.027606,13.4728,0
mink,,407,0.814,0.00904546,0.0142164,0.0276623,13.478,0
mink,,408,0.816,0.00905296,0.0142178,0.0277187,13.4832,0
mink,,409,0.818,0.00906045,0.0142191,0.0277749,13.4884,0
mink,,410,0.82,0.00906793,0.0142204,0.0278312,13.4937,0
mink,,411,0.822,0.00907541,0.0142218,0.0278874,13.499,0
mink,,412,0.824,0.00908288,0.0142231,0.0279436,13.5043,0
mink,,413,0.826,0.00909035,0.0142245,0.0279998,13.5096,0
mink,,414,0.828,0.00909782,0.0142258,0.028056,13.5149,0
mink,,415,0.83,0.00910527,0.0142272,0.0281121,13.5203,0
mink,,416,0.832,0.00911273,0.0142285,0.0281682,13.5256,0
mink,,417,0.834,0.00912017,0.0142299,0.0282242,13.531,0
mink,,418,0.836,0.00912761,0.0142312,0.0282802,13.5364,0
mink,,419,0.838,0.00913505,0.0142326,0.0283362,13.5419,0
mink,,420,0.84,0.00914248,0.014234,0.0283922,13.5473,0
mink,,421,0.842,0.0091499,0.0142353,0.0284481,13.5528,0
mink,,422,0.844,0.00915732,0.0142367,0.028504,13.5583,0
mink,,423,0.846,0.00916473,0.0142381,0.0285599,13.5638,0
mink,,424,0.848,0.00917214,0.0142395,0.0286158,13.5693,0
mink,,425,0.85,0.00917954,0.0142409,0.0286716,13.5748,0
mink,,426,0.852,0.00918693,0.0142422,0.0287274,13.5804,0
mink,,427,0.854,0.00919432,0.0142436,0.0287831,13.586,0
mink,,428,0.856,0.0092017,0.014245,0.0288389,13.5916,0
mink,,429,0.858,0.00920908,0.0142464,0.0288946,13.5972,0
mink,,430,0.86,0.00921645,0.0142478,0.0289502,13.6028,0
mink,,431,0.862,0.00922381,0.0142492,0.0290059,13.6085,0
mink,,432,0.864,0.00923116,0.0142506,0.0290615,13.6141,0
mink,,433,0.866,0.00923851,0.014252,0.029117,13.6198,0
mink,,434,0.868,0.00924586,0.0142534,0.0291726,13.6256,0
mink,,435,0.87,0.00925319,0.0142548,0.0292281,13.6313,0
mink,,436,0.872,0.00926052,0.0142562,0.0292836,13.637,0
mink,,437,0.874,0.00926785,0.0142576,0.029339,13.6428,0
mink,,438,0.876,0.00927516,0.0142591,0.0293945,13.6486,0
mink,,439,0.878,0.00928247,0.0142605,0.0294498,13.6544,0
mink,,440,0.88,0.00928977,0.0142619,0.0295052,13.6602,0
mink,,441,0.882,0.00929707,0.0142633,0.0295605,13.6661,0
mink,,442,0.884,0.00930436,0.0142648,0.0296158,13.6719,0
mink,,443,0.886,0.00931164,0.0142662,0.0296711,13.6778,0
mink,,444,0.888,0.00931891,0.0142676,0.0297263,13.6837,0
mink,,445,0.89,0.00932618,0.0142691,0.0297815,13.6897,0
mink,,446,0.892,0.00933344,0.0142705,0.0298367,13.6956,0
mink,,447,0.894,0.00934069,0.0142719,0.0298918,13.7016,0
mink,,448,0.896,0.00934794,0.0142734,0.029947,13.7076,0
mink,,449,0.898,0.00935518,0.0142748,0.030002,13.7136,0
mink,,450,0.9,0.00936241,0.0142763,0.0300571,13.7196,0
mink,,451,0.902,0.00936963,0.0142778,0.0301121,13.7256,0
mink,,452,0.904,0.00937684,0.0142792,0.0301671,13.7317,0
mink,,453,0.906,0.00938405,0.0142807,0.030222,13.7378,0
mink,,454,0.908,0.00939125,0.0142821,0.0302769,13.7439,0
mink,,455,0.91,0.00939844,0.0142836,0.0303318,13.75,0
mink,,456,0.912,0.00940563,0.0142851,0.0303867,13.7562,0
mink,,457,0.914,0.0094128,0.0142865,0.0304415,13.7623,0
mink,,458,0.916,0.00941997,0.014288,0.0304963,13.7685,0
mink,,459,0.918,0.00942713,0.0142895,0.030551,13.7747,0
mink,,460,0.92,0.00943429,0.014291,0.0306057,13.7809,0
mink,,461,0.922,0.00944143,0.0142925,0.0306604,13.7872,0
mink,,462,0.924,0.00944857,0.014294,0.0307151,13.7935,0
mink,,463,0.926,0.00945569,0.0142954,0.0307697,13.7997,0
mink,,464,0.928,0.00946281,0.0142969,0.0308243,13.806,0
mink,,465,0.93,0.00946993,0.0142984,0.0308789,13.8124,0
mink,,466,0.932,0.00947703,0.0142999,0.0309334,13.8187,0
mink,,467,0.934,0.00948413,0.0143014,0.0309879,13.8251,0
mink,,468,0.936,0.00949121,0.0143029,0.0310423,13.8315,0
mink,,469,0.938,0.00949829,0.0143044,0.0310968,13.8379,0
mink,,470,0.94,0.00950536,0.014306,0.0311511,13.8443,0
mink,,471,0.942,0.00951242,0.0143075,0.0312055,13.8508,0
mink,,472,0.944,0.00951947,0.014309,0.0312598,13.8572,0
mink,,473,0.946,0.00952652,0.0143105,0.0313141,13.8637,0
mink,,474,0.948,0.00953355,0.014312,0.0313684,13.8702,0
mink,,475,0.95,0.00954058,0.0143135,0.0314226,13.8768,0
mink,,476,0.952,0.0095476,0.0143151,0.0314768,13.8833,0
mink,,477,0.954,0.0095546,0.0143166,0.0315309,13.8899,0
mink,,478,0.956,0.0095616,0.0143181,0.0315851,13.8965,0
mink,,479,0.958,0.00956859,0.0143197,0.0316392,13.9031,0
mink,,480,0.96,0.00957557,0.0143212,0.0316932,13.9098,0
mink,,481,0.962,0.00958255,0.0143228,0.0317472,13.9164,0
mink,,482,0.964,0.00958951,0.0143243,0.0318012,13.9231,0
mink,,483,0.966,0.00959646,0.0143258,0.0318552,13.9298,0
mink,,484,0.968,0.00960341,0.0143274,0.0319091,13.9365,0
mink,,485,0.97,0.00961034,0.0143289,0.031963,13.9433,0
mink,,486,0.972,0.00961727,0.0143305,0.0320168,13.9501,0
mink,,487,0.974,0.00962419,0.0143321,0.0320706,13.9568,0
mink,,488,0.976,0.00963109,0.0143336,0.0321244,13.9637,0
mink,,489,0.978,0.00963799,0.0143352,0.0321781,13.9705,0
mink,,490,0.98,0.00964488,0.0143368,0.0322319,13.9773,0
mink,,491,0.982,0.00965176,0.0143383,0.0322855,13.9842,0
mink,,492,0.984,0.00965863,0.0143399,0.0323392,13.9911,0
mink,,493,0.986,0.00966549,0.0143415,0.0323928,13.998,0
mink,,494,0.988,0.00967234,0.014343,0.0324463,14.005,0
mink,,495,0.99,0.00967918,0.0143446,0.0324999,14.0119,0
mink,,496,0.992,0.00968601,0.0143462,0.0325534,14.0189,0
mink,,497,0.994,0.00969283,0.0143478,0.0326068,14.0259,0
mink,,498,0.996,0.00969964,0.0143494,0.0326603,14.033,0
mink,,499,0.998,0.00970644,0.014351,0.0327137,14.04,0
mink,,500,1.0,0.00971323,0.0143526,0.032767,14.0471,0
mink,,501,1.002,0.00972001,0.0143542,0.0328203,14.0542,0
mink,,502,1.004,0.00972678,0.0143558,0.0328736,14.0613,0
mink,,503,1.006,0.00973353,0.0143574,0.0329269,14.0684,0
mink,,504,1.008,0.00974028,0.014359,0.0329801,14.0756,0
mink,,505,1.01,0.00974702,0.0143606,0.0330333,14.0828,0
mink,,506,1.012,0.00975375,0.0143622,0.0330864,14.09,0
mink,,507,1.014,0.00976047,0.0143638,0.0331395,14.0972,0
mink,,508,1.016,0.00976718,0.0143654,0.0331926,14.1045,0
mink,,509,1.018,0.00977388,0.014367,0.0332456,14.1118,0
mink,,510,1.02,0.00978056,0.0143687,0.0332986,14.119,0
mink,,511,1.022,0.00978724,0.0143703,0.0333516,14.1264,0
mink,,512,1.024,0.00979391,0.0143719,0.0334045,14.1337,0
mink,,513,1.026,0.00980056,0.0143735,0.0334574,14.1411,0
mink,,514,1.028,0.00980721,0.0143752,0.0335102,14.1485,0
mink,,515,1.03,0.00981384,0.0143768,0.033563,14.1559,0
mink,,516,1.032,0.00982046,0.0143784,0.0336158,14.1633,0
mink,,517,1.034,0.00982708,0.0143801,0.0336685,14.1708,0
mink,,518,1.036,0.00983368,0.0143817,0.0337213,14.1782,0
mink,,519,1.038,0.00984027,0.0143834,0.0337739,14.1857,0
mink,,520,1.04,0.00984685,0.014385,0.0338265,14.1933,0
mink,,521,1.042,0.00985342,0.0143867,0.0338791,14.2008,0
mink,,522,1.044,0.00985997,0.0143883,0.0339317,14.2084,0
mink,,523,1.046,0.00986652,0.01439,0.0339842,14.216,0
mink,,524,1.048,0.00987306,0.0143916,0.0340367,14.2236,0
mink,,525,1.05,0.00987958,0.0143933,0.0340891,14.2313,0
mink,,526,1.052,0.00988609,0.0143949,0.0341415,14.2389,0
mink,,527,1.054,0.0098926,0.0143966,0.0341939,14.2466,0
mink,,528,1.056,0.00989909,0.0143983,0.0342462,14.2543,0
mink,,529,1.058,0.00990557,0.0143999,0.0342985,14.2621,0
mink,,530,1.06,0.00991203,0.0144016,0.0343508,14.2698,0
mink,,531,1.062,0.00991849,0.0144033,0.034403,14.2776,0
mink,,532,1.064,0.00992494,0.014405,0.0344552,14.2854,0
mink,,533,1.066,0.00993137,0.0144066,0.0345073,14.2933,0
mink,,534,1.068,0.00993779,0.0144083,0.0345594,14.3011,0
mink,,535,1.07,0.0099442,0.01441,0.0346115,14.309,0
mink,,536,1.072,0.0099506,0.0144117,0.0346635,14.3169,0
mink,,537,1.074,0.00995699,0.0144134,0.0347155,14.3248,0
mink,,538,1.076,0.00996337,0.0144151,0.0347674,14.3328,0
mink,,539,1.078,0.00996973,0.0144168,0.0348193,14.3408,0
mink,,540,1.08,0.00997608,0.0144185,0.0348712,14.3488,0
mink,,541,1.082,0.00998242,0.0144202,0.034923,14.3568,0
mink,,542,1.084,0.00998875,0.0144219,0.0349748,14.3648,0
mink,,543,1.086,0.00999507,0.0144236,0.0350266,14.3729,0
mink,,544,1.088,0.0100014,0.0144253,0.0350783,14.381,0
mink,,545,1.09,0.0100077,0.014427,0.03513,14.3891,0
mink,,546,1.092,0.0100139,0.0144287,0.0351816,14.3973,0
mink,,547,1.094,0.0100202,0.0144304,0.0352332,14.4055,0
mink,,548,1.096,0.0100265,0.0144321,0.0352848,14.4137,0
mink,,549,1.098,0.0100327,0.0144338,0.0353363,14.4219,0
mink,,550,1.1,0.0100389,0.0144356,0.0353878,14.4301,0
mink,,551,1.102,0.0100452,0.0144373,0.0354392,14.4384,0
mink,,552,1.104,0.0100514,0.014439,0.0354906,14.4467,0
mink,,553,1.106,0.0100576,0.0144407,0.035542,14.455,0
mink,,554,1.108,0.0100638,0.0144425,0.0355933,14.4634,0
mink,,555,1.11,0.0100699,0.0144442,0.0356446,14.4717,0
mink,,556,1.112,0.0100761,0.0144459,0.0356958,14.4801,0
mink,,557,1.114,0.0100822,0.0144477,0.035747,14.4886,0
mink,,558,1.116,0.0100884,0.0144494,0.0357982,14.497,0
mink,,559,1.118,0.0100945,0.0144511,0.0358493,14.5055,0
mink,,560,1.12,0.0101006,0.0144529,0.0359004,14.514,0
mink,,561,1.122,0.0101067,0.0144546,0.0359514,14.5225,0
mink,,562,1.124,0.0101128,0.0144564,0.0360024,14.5311,0
mink,,563,1.126,0.0101188,0.0144581,0.0360534,14.5397,0
mink,,564,1.128,0.0101249,0.0144599,0.0361043,14.5483,0
mink,,565,1.13,0.010131,0.0144616,0.0361552,14.5569,0
mink,,566,1.132,0.010137,0.0144634,0.036206,14.5655,0
mink,,567,1.134,0.010143,0.0144651,0.0362568,14.5742,0
mink,,568,1.136,0.010149,0.0144669,0.0363076,14.5829,0
mink,,569,1.138,0.010155,0.0144687,0.0363583,14.5917,0
mink,,570,1.14,0.010161,0.0144704,0.0364089,14.6004,0
mink,,571,1.142,0.010167,0.0144722,0.0364596,14.6092,0
mink,,572,1.144,0.0101729,0.014474,0.0365102,14.618,0
mink,,573,1.146,0.0101789,0.0144757,0.0365607,14.6269,0
mink,,574,1.148,0.0101848,0.0144775,0.0366112,14.6357,0
mink,,575,1.15,0.0101907,0.0144793,0.0366617,14.6446,0
mink,,576,1.152,0.0101966,0.0144811,0.0367121,14.6535,0
mink,,577,1.154,0.0102025,0.0144828,0.0367625,14.6625,0
mink,,578,1.156,0.0102084,0.0144846,0.0368129,14.6715,0
mink,,579,1.158,0.0102142,0.0144864,0.0368632,14.6805,0
mink,,580,1.16,0.0102201,0.0144882,0.0369134,14.6895,0
mink,,581,1.162,0.0102259,0.01449,0.0369636,14.6985,0
mink,,582,1.164,0.0102318,0.0144918,0.0370138,14.7076,0
mink,,583,1.166,0.0102376,0.0144936,0.037064,14.7167,0
mink,,584,1.168,0.0102434,0.0144954,0.037114,14.7259,0
mink,,585,1.17,0.0102492,0.0144971,0.0371641,14.735,0
mink,,586,1.172,0.0102549,0.0144989,0.0372141,14.7442,0
mink,,587,1.174,0.0102607,0.0145007,0.0372641,14.7534,0
mink,,588,1.176,0.0102664,0.0145025,0.037314,14.7627,0
mink,,589,1.178,0.0102722,0.0145043,0.0373639,14.772,0
mink,,590,1.18,0.0102779,0.0145062,0.0374137,14.7813,0
mink,,591,1.182,0.0102836,0.014508,0.0374635,14.7906,0
mink,,592,1.184,0.0102893,0.0145098,0.0375133,14.7999,0
mink,,593,1.186,0.010295,0.0145116,0.037563,14.8093,0
mink,,594,1.188,0.0103006,0.0145134,0.0376126,14.8187,0
mink,,595,1.19,0.0103063,0.0145152,0.0376623,14.8282,0
mink,,596,1.192,0.0103119,0.014517,0.0377118,14.8376,0
mink,,597,1.194,0.0103175,0.0145188,0.0377614,14.8471,0
mink,,598,1.196,0.0103231,0.0145207,0.0378109,14.8567,0
mink,,599,1.198,0.0103287,0.0145225,0.0378603,14.8662,0
mink,,600,1.2,0.0103343,0.0145243,0.0379097,14.8758,0
mink,,601,1.202,0.0103399,0.0145261,0.0379591,14.8854,0
mink,,602,1.204,0.0103454,0.014528,0.0380084,14.895,0
mink,,603,1.206,0.010351,0.0145298,0.0380577,14.9047,0
mink,,604,1.208,0.0103565,0.0145316,0.0381069,14.9144,0
mink,,605,1.21,0.010362,0.0145334,0.0381561,14.9241,0
mink,,606,1.212,0.0103675,0.0145353,0.0382053,14.9339,0
mink,,607,1.214,0.010373,0.0145371,0.0382544,14.9437,0
mink,,608,1.216,0.0103785,0.014539,0.0383034,14.9535,0
mink,,609,1.218,0.0103839,0.0145408,0.0383525,14.9633,0
mink,,610,1.22,0.0103894,0.0145426,0.0384014,14.9732,0
mink,,611,1.222,0.0103948,0.0145445,0.0384504,14.9831,0
mink,,612,1.224,0.0104002,0.0145463,0.0384992,14.993,0
mink,,613,1.226,0.0104056,0.0145482,0.0385481,15.003,0
mink,,614,1.228,0.010411,0.01455,0.0385969,15.0129,0
mink,,615,1.23,0.0104164,0.0145519,0.0386456,15.023,0
mink,,616,1.232,0.0104217,0.0145537,0.0386943,15.033,0
mink,,617,1.234,0.0104271,0.0145556,0.038743,15.0431,0
mink,,618,1.236,0.0104324,0.0145574,0.0387916,15.0532,0
mink,,619,1.238,0.0104377,0.0145593,0.0388402,15.0633,0
mink,,620,1.24,0.010443,0.0145611,0.0388887,15.0735,0
mink,,621,1.242,0.0104483,0.014563,0.0389372,15.0837,0
mink,,622,1.244,0.0104536,0.0145649,0.0389856,15.0939,0
mink,,623,1.246,0.0104588,0.0145667,0.039034,15.1042,0
mink,,624,1.248,0.0104641,0.0145686,0.0390823,15.1145,0
mink,,625,1.25,0.0104693,0.0145705,0.0391306,15.1248,0
mink,,626,1.252,0.0104745,0.0145723,0.0391789,15.1351,0
mink,,627,1.254,0.0104797,0.0145742,0.0392271,15.1455,0
mink,,628,1.256,0.0104849,0.0145761,0.0392753,15.1559,0
mink,,629,1.258,0.0104901,0.0145779,0.0393234,15.1663,0
mink,,630,1.26,0.0104952,0.0145798,0.0393714,15.1768,0
mink,,631,1.262,0.0105004,0.0145817,0.0394195,15.1873,0
mink,,632,1.264,0.0105055,0.0145836,0.0394674,15.1978,0
mink,,633,1.266,0.0105106,0.0145854,0.0395154,15.2084,0
mink,,634,1.268,0.0105157,0.0145873,0.0395633,15.219,0
mink,,635,1.27,0.0105208,0.0145892,0.0396111,15.2296,0
mink,,636,1.272,0.0105259,0.0145911,0.0396589,15.2403,0
mink,,637,1.274,0.0105309,0.014593,0.0397067,15.251,0
mink,,638,1.276,0.010536,0.0145948,0.0397544,15.2617,0
mink,,639,1.278,0.010541,0.0145967,0.039802,15.2725,0
mink,,640,1.28,0.010546,0.0145986,0.0398496,15.2832,0
mink,,641,1.282,0.010551,0.0146005,0.0398972,15.2941,0
mink,,642,1.284,0.010556,0.0146024,0.0399447,15.3049,0
mink,,643,1.286,0.0105609,0.0146043,0.0399922,15.3158,0
mink,,644,1.288,0.0105659,0.0146062,0.0400396,15.3267,0
mink,,645,1.29,0.0105708,0.0146081,0.040087,15.3376,0
mink,,646,1.292,0.0105757,0.01461,0.0401343,15.3486,0
mink,,647,1.294,0.0105806,0.0146119,0.0401816,15.3596,0
mink,,648,1.296,0.0105855,0.0146138,0.0402288,15.3707,0
mink,,649,1.298,0.0105904,0.0146157,0.040276,15.3817,0
mink,,650,1.3,0.0105953,0.0146176,0.0403231,15.3928,0
mink,,651,1.302,0.0106001,0.0146195,0.0403702,15.404,0
mink,,652,1.304,0.010605,0.0146214,0.0404172,15.4152,0
mink,,653,1.306,0.0106098,0.0146233,0.0404642,15.4264,0
mink,,654,1.308,0.0106146,0.0146252,0.0405112,15.4376,0
mink,,655,1.31,0.0106194,0.0146271,0.0405581,15.4489,0
mink,,656,1.312,0.0106241,0.014629,0.0406049,15.4602,0
mink,,657,1.314,0.0106289,0.0146309,0.0406517,15.4715,0
mink,,658,1.316,0.0106336,0.0146328,0.0406985,15.4829,0
mink,,659,1.318,0.0106384,0.0146347,0.0407452,15.4943,0
mink,,660,1.32,0.0106431,0.0146366,0.0407918,15.5057,0
mink,,661,1.322,0.0106478,0.0146385,0.0408385,15.5172,0
mink,,662,1.324,0.0106524,0.0146405,0.040885,15.5287,0
mink,,663,1.326,0.0106571,0.0146424,0.0409315,15.5403,0
mink,,664,1.328,0.0106618,0.0146443,0.040978,15.5518,0
mink,,665,1.33,0.0106664,0.0146462,0.0410244,15.5634,0
mink,,666,1.332,0.010671,0.0146481,0.0410708,15.5751,0
mink,,667,1.334,0.0106756,0.0146501,0.0411171,15.5868,0
mink,,668,1.336,0.0106802,0.014652,0.0411634,15.5985,0
mink,,669,1.338,0.0106848,0.0146539,0.0412096,15.6102,0
mink,,670,1.34,0.0106894,0.0146558,0.0412557,15.622,0
mink,,671,1.342,0.0106939,0.0146577,0.0413019,15.6338,0
mink,,672,1.344,0.0106984,0.0146597,0.0413479,15.6457,0
mink,,673,1.346,0.0107029,0.0146616,0.0413939,15.6576,0
mink,,674,1.348,0.0107074,0.0146635,0.0414399,15.6695,0
mink,,675,1.35,0.0107119,0.0146655,0.0414858,15.6814,0
mink,,676,1.352,0.0107164,0.0146674,0.0415317,15.6934,0
mink,,677,1.354,0.0107209,0.0146693,0.0415775,15.7055,0
mink,,678,1.356,0.0107253,0.0146712,0.0416233,15.7175,0
mink,,679,1.358,0.0107297,0.0146732,0.041669,15.7296,0
mink,,680,1.36,0.0107341,0.0146751,0.0417147,15.7418,0
mink,,681,1.362,0.0107385,0.014677,0.0417603,15.7539,0
mink,,682,1.364,0.0107429,0.014679,0.0418059,15.7661,0
mink,,683,1.366,0.0107472,0.0146809,0.0418514,15.7784,0
mink,,684,1.368,0.0107516,0.0146829,0.0418969,15.7907,0
mink,,685,1.37,0.0107559,0.0146848,0.0419423,15.803,0
mink,,686,1.372,0.0107602,0.0146867,0.0419877,15.8153,0
mink,,687,1.374,0.0107645,0.0146887,0.042033,15.8277,0
mink,,688,1.376,0.0107688,0.0146906,0.0420783,15.8401,0
mink,,689,1.378,0.0107731,0.0146925,0.0421235,15.8526,0
mink,,690,1.38,0.0107773,0.0146945,0.0421686,15.8651,0
mink,,691,1.382,0.0107816,0.0146964,0.0422137,15.8776,0
mink,,692,1.384,0.0107858,0.0146984,0.0422588,15.8902,0
mink,,693,1.386,0.01079,0.0147003,0.0423038,15.9028,0
mink,,694,1.388,0.0107942,0.0147023,0.0423488,15.9155,0
mink,,695,1.39,0.0107984,0.0147042,0.0423937,15.9282,0
mink,,696,1.392,0.0108025,0.0147062,0.0424385,15.9409,0
mink,,697,1.394,0.0108067,0.0147081,0.0424834,15.9536,0
mink,,698,1.396,0.0108108,0.01471,0.0425281,15.9664,0
mink,,699,1.398,0.0108149,0.014712,0.0425728,15.9793,0
mink,,700,1.4,0.010819,0.0147139,0.0426175,15.9921,0
mink,,701,1.402,0.0108231,0.0147159,0.0426621,16.0051,0
mink,,702,1.404,0.0108272,0.0147178,0.0427066,16.018,0
mink,,703,1.406,0.0108312,0.0147198,0.0427511,16.031,0
mink,,704,1.408,0.0108353,0.0147217,0.0427955,16.044,0
mink,,705,1.41,0.0108393,0.0147237,0.0428399,16.0571,0
mink,,706,1.412,0.0108433,0.0147257,0.0428843,16.0702,0
mink,,707,1.414,0.0108473,0.0147276,0.0429285,16.0833,0
mink,,708,1.416,0.0108512,0.0147296,0.0429728,16.0965,0
mink,,709,1.418,0.0108552,0.0147315,0.0430169,16.1098,0
mink,,710,1.42,0.0108591,0.0147335,0.0430611,16.123,0
mink,,711,1.422,0.0108631,0.0147354,0.0431051,16.1363,0
mink,,712,1.424,0.010867,0.0147374,0.0431492,16.1497,0
mink,,713,1.426,0.0108709,0.0147393,0.0431931,16.163,0
mink,,714,1.428,0.0108748,0.0147413,0.043237,16.1765,0
mink,,715,1.43,0.0108786,0.0147433,0.0432809,16.1899,0
mink,,716,1.432,0.0108825,0.0147452,0.0433247,16.2034,0
mink,,717,1.434,0.0108863,0.0147472,0.0433684,16.217,0
mink,,718,1.436,0.0108901,0.0147491,0.0434121,16.2305,0
mink,,719,1.438,0.0108939,0.0147511,0.0434558,16.2442,0
mink,,720,1.44,0.0108977,0.014753,0.0434994,16.2578,0
mink,,721,1.442,0.0109015,0.014755,0.0435429,16.2715,0
mink,,722,1.444,0.0109052,0.014757,0.0435864,16.2853,0
mink,,723,1.446,0.010909,0.0147589,0.0436298,16.2991,0
mink,,724,1.448,0.0109127,0.0147609,0.0436732,16.3129,0
mink,,725,1.45,0.0109164,0.0147629,0.0437165,16.3268,0
mink,,726,1.452,0.0109201,0.0147648,0.0437598,16.3407,0
mink,,727,1.454,0.0109238,0.0147668,0.043803,16.3546,0
mink,,728,1.456,0.0109274,0.0147687,0.0438461,16.3686,0
mink,,729,1.458,0.0109311,0.0147707,0.0438892,16.3826,0
mink,,730,1.46,0.0109347,0.0147727,0.0439323,16.3967,0
mink,,731,1.462,0.0109383,0.0147746,0.0439753,16.4108,0
mink,,732,1.464,0.0109419,0.0147766,0.0440182,16.425,0
mink,,733,1.466,0.0109455,0.0147786,0.0440611,16.4392,0
mink,,734,1.468,0.0109491,0.0147805,0.0441039,16.4534,0
mink,,735,1.47,0.0109526,0.0147825,0.0441467,16.4677,0
mink,,736,1.472,0.0109561,0.0147845,0.0441894,16.4821,0
mink,,737,1.474,0.0109597,0.0147864,0.044232,16.4964,0
mink,,738,1.476,0.0109632,0.0147884,0.0442746,16.5109,0
mink,,739,1.478,0.0109666,0.0147903,0.0443172,16.5253,0
mink,,740,1.48,0.0109701,0.0147923,0.0443596,16.5398,0
mink,,741,1.482,0.0109736,0.0147943,0.0444021,16.5544,0
mink,,742,1.484,0.010977,0.0147962,0.0444445,16.569,0
mink,,743,1.486,0.0109804,0.0147982,0.0444868,16.5836,0
mink,,744,1.488,0.0109839,0.0148002,0.044529,16.5983,0
mink,,745,1.49,0.0109872,0.0148021,0.0445712,16.613,0
mink,,746,1.492,0.0109906,0.0148041,0.0446134,16.6278,0
mink,,747,1.494,0.010994,0.0148061,0.0446555,16.6426,0
mink,,748,1.496,0.0109973,0.014808,0.0446975,16.6574,0
mink,,749,1.498,0.0110007,0.01481,0.0447395,16.6723,0
mink,,750,1.5,0.011004,0.014812,0.0447814,16.6873,0
mink,,751,1.502,0.0110073,0.0148139,0.0448233,16.7023,0
mink,,752,1.504,0.0110106,0.0148159,0.0448651,16.7173,0
mink,,753,1.506,0.0110138,0.0148179,0.0449068,16.7324,0
mink,,754,1.508,0.0110171,0.0148198,0.0449485,16.7475,0
mink,,755,1.51,0.0110203,0.0148218,0.0449902,16.7627,0
mink,,756,1.512,0.0110235,0.0148238,0.0450317,16.7779,0
mink,,757,1.514,0.0110267,0.0148257,0.0450733,16.7932,0
mink,,758,1.516,0.0110299,0.0148277,0.0451147,16.8085,0
mink,,759,1.518,0.0110331,0.0148297,0.0451561,16.8238,0
mink,,760,1.52,0.0110363,0.0148316,0.0451975,16.8392,0
mink,,761,1.522,0.0110394,0.0148336,0.0452387,16.8547,0
mink,,762,1.524,0.0110425,0.0148356,0.04528,16.8702,0
mink,,763,1.526,0.0110456,0.0148375,0.0453211,16.8857,0
mink,,764,1.528,0.0110487,0.0148395,0.0453622,16.9013,0
mink,,765,1.53,0.0110518,0.0148415,0.0454033,16.9169,0
mink,,766,1.532,0.0110549,0.0148434,0.0454443,16.9326,0
mink,,767,1.534,0.0110579,0.0148454,0.0454852,16.9483,0
mink,,768,1.536,0.011061,0.0148474,0.0455261,16.9641,0
mink,,769,1.538,0.011064,0.0148493,0.0455669,16.98,0
mink,,770,1.54,0.011067,0.0148513,0.0456077,16.9958,0
mink,,771,1.542,0.01107,0.0148533,0.0456484,17.0117,0
mink,,772,1.544,0.0110729,0.0148552,0.045689,17.0277,0
mink,,773,1.546,0.0110759,0.0148572,0.0457296,17.0437,0
mink,,774,1.548,0.0110788,0.0148592,0.0457701,17.0598,0
mink,,775,1.55,0.0110817,0.0148611,0.0458105,17.0759,0
mink,,776,1.552,0.0110847,0.0148631,0.0458509,17.0921,0
mink,,777,1.554,0.0110875,0.014865,0.0458913,17.1083,0
mink,,778,1.556,0.0110904,0.014867,0.0459315,17.1246,0
mink,,779,1.558,0.0110933,0.014869,0.0459718,17.1409,0
mink,,780,1.56,0.0110961,0.0148709,0.0460119,17.1573,0
mink,,781,1.562,0.011099,0.0148729,0.046052,17.1737,0
mink,,782,1.564,0.0111018,0.0148749,0.046092,17.1901,0
mink,,783,1.566,0.0111046,0.0148768,0.046132,17.2066,0
mink,,784,1.568,0.0111074,0.0148788,0.0461719,17.2232,0
mink,,785,1.57,0.0111101,0.0148807,0.0462118,17.2398,0
mink,,786,1.572,0.0111129,0.0148827,0.0462515,17.2565,0
mink,,787,1.574,0.0111156,0.0148847,0.0462913,17.2732,0
mink,,788,1.576,0.0111183,0.0148866,0.0463309,17.29,0
mink,,789,1.578,0.011121,0.0148886,0.0463705,17.3068,0
mink,,790,1.58,0.0111237,0.0148905,0.0464101,17.3237,0
mink,,791,1.582,0.0111264,0.0148925,0.0464495,17.3406,0
mink,,792,1.584,0.0111291,0.0148944,0.046489,17.3576,0
mink,,793,1.586,0.0111317,0.0148964,0.0465283,17.3746,0
mink,,794,1.588,0.0111343,0.0148984,0.0465676,17.3917,0
mink,,795,1.59,0.011137,0.0149003,0.0466068,17.4088,0
mink,,796,1.592,0.0111395,0.0149023,0.046646,17.426,0
mink,,797,1.594,0.0111421,0.0149042,0.0466851,17.4432,0
mink,,798,1.596,0.0111447,0.0149062,0.0467241,17.4605,0
mink,,799,1.598,0.0111473,0.0149081,0.0467631,17.4779,0
mink,,800,1.6,0.0111498,0.0149101,0.046802,17.4953,0
mink,,801,1.602,0.0111523,0.014912,0.0468409,17.5127,0
mink,,802,1.604,0.0111548,0.014914,0.0468797,17.5302,0
mink,,803,1.606,0.0111573,0.0149159,0.0469184,17.5478,0
mink,,804,1.608,0.0111598,0.0149179,0.046957,17.5654,0
mink,,805,1.61,0.0111622,0.0149198,0.0469956,17.583,0
mink,,806,1.612,0.0111647,0.0149218,0.0470342,17.6008,0
mink,,807,1.614,0.0111671,0.0149237,0.0470726,17.6185,0
mink,,808,1.616,0.0111695,0.0149257,0.047111,17.6364,0
mink,,809,1.618,0.0111719,0.0149276,0.0471494,17.6543,0
mink,,810,1.62,0.0111743,0.0149296,0.0471876,17.6722,0
mink,,811,1.622,0.0111767,0.0149315,0.0472258,17.6902,0
mink,,812,1.624,0.011179,0.0149334,0.047264,17.7082,0
mink,,813,1.626,0.0111814,0.0149354,0.0473021,17.7264,0
mink,,814,1.628,0.0111837,0.0149373,0.0473401,17.7445,0
mink,,815,1.63,0.011186,0.0149393,0.047378,17.7627,0
mink,,816,1.632,0.0111883,0.0149412,0.0474159,17.781,0
mink,,817,1.634,0.0111906,0.0149431,0.0474537,17.7994,0
mink,,818,1.636,0.0111928,0.0149451,0.0474915,17.8177,0
mink,,819,1.638,0.0111951,0.014947,0.0475291,17.8362,0
mink,,820,1.64,0.0111973,0.014949,0.0475668,17.8547,0
mink,,821,1.642,0.0111995,0.0149509,0.0476043,17.8733,0
mink,,822,1.644,0.0112017,0.0149528,0.0476418,17.8919,0
mink,,823,1.646,0.0112039,0.0149548,0.0476792,17.9106,0
mink,,824,1.648,0.0112061,0.0149567,0.0477166,17.9293,0
mink,,825,1.65,0.0112082,0.0149586,0.0477538,17.9481,0
mink,,826,1.652,0.0112104,0.0149606,0.0477911,17.967,0
mink,,827,1.654,0.0112125,0.0149625,0.0478282,17.9859,0
mink,,828,1.656,0.0112146,0.0149644,0.0478653,18.0048,0
mink,,829,1.658,0.0112167,0.0149663,0.0479023,18.0239,0
mink,,830,1.66,0.0112188,0.0149683,0.0479392,18.043,0
mink,,831,1.662,0.0112209,0.0149702,0.0479761,18.0621,0
mink,,832,1.664,0.0112229,0.0149721,0.0480129,18.0813,0
mink,,833,1.666,0.011225,0.014974,0.0480497,18.1006,0
mink,,834,1.668,0.011227,0.014976,0.0480863,18.1199,0
mink,,835,1.67,0.011229,0.0149779,0.048123,18.1393,0
mink,,836,1.672,0.011231,0.0149798,0.0481595,18.1588,0
mink,,837,1.674,0.011233,0.0149817,0.048196,18.1783,0
mink,,838,1.676,0.0112349,0.0149836,0.0482324,18.1979,0
mink,,839,1.678,0.0112369,0.0149856,0.0482687,18.2175,0
mink,,840,1.68,0.0112388,0.0149875,0.0483049,18.2372,0
mink,,841,1.682,0.0112407,0.0149894,0.0483411,18.257,0
mink,,842,1.684,0.0112426,0.0149913,0.0483772,18.2768,0
mink,,843,1.686,0.0112445,0.0149932,0.0484133,18.2967,0
mink,,844,1.688,0.0112464,0.0149951,0.0484493,18.3167,0
mink,,845,1.69,0.0112483,0.014997,0.0484852,18.3367,0
mink,,846,1.692,0.0112501,0.0149989,0.048521,18.3568,0
mink,,847,1.694,0.011252,0.0150008,0.0485568,18.3769,0
mink,,848,1.696,0.0112538,0.0150028,0.0485925,18.3971,0
mink,,849,1.698,0.0112556,0.0150047,0.0486281,18.4174,0
mink,,850,1.7,0.0112574,0.0150066,0.0486637,18.4377,0
mink,,851,1.702,0.0112591,0.0150085,0.0486992,18.4581,0
mink,,852,1.704,0.0112609,0.0150104,0.0487346,18.4786,0
mink,,853,1.706,0.0112626,0.0150123,0.0487699,18.4991,0
mink,,854,1.708,0.0112644,0.0150142,0.0488052,18.5197,0
mink,,855,1.71,0.0112661,0.0150161,0.0488404,18.5403,0
mink,,856,1.712,0.0112678,0.0150179,0.0488755,18.5611,0
mink,,857,1.714,0.0112695,0.0150198,0.0489106,18.5819,0
mink,,858,1.716,0.0112712,0.0150217,0.0489455,18.6027,0
mink,,859,1.718,0.0112728,0.0150236,0.0489805,18.6236,0
mink,,860,1.72,0.0112745,0.0150255,0.0490153,18.6446,0
mink,,861,1.722,0.0112761,0.0150274,0.04905,18.6657,0
mink,,862,1.724,0.0112777,0.0150293,0.0490847,18.6868,0
mink,,863,1.726,0.0112793,0.0150312,0.0491194,18.708,0
mink,,864,1.728,0.0112809,0.0150331,0.0491539,18.7293,0
mink,,865,1.73,0.0112825,0.0150349,0.0491884,18.7506,0
mink,,866,1.732,0.011284,0.0150368,0.0492228,18.772,0
mink,,867,1.734,0.0112856,0.0150387,0.0492571,18.7935,0
mink,,868,1.736,0.0112871,0.0150406,0.0492913,18.815,0
mink,,869,1.738,0.0112886,0.0150424,0.0493255,18.8366,0
mink,,870,1.74,0.0112901,0.0150443,0.0493596,18.8583,0
mink,,871,1.742,0.0112916,0.0150462,0.0493936,18.88,0
mink,,872,1.744,0.0112931,0.0150481,0.0494275,18.9018,0
mink,,873,1.746,0.0112946,0.0150499,0.0494614,18.9237,0
mink,,874,1.748,0.011296,0.0150518,0.0494952,18.9457,0
mink,,875,1.75,0.0112974,0.0150537,0.0495289,18.9677,0
mink,,876,1.752,0.0112989,0.0150555,0.0495626,18.9898,0
mink,,877,1.754,0.0113003,0.0150574,0.0495961,19.012,0
mink,,878,1.756,0.0113017,0.0150592,0.0496296,19.0342,0
mink,,879,1.758,0.011303,0.0150611,0.049663,19.0565,0
mink,,880,1.76,0.0113044,0.015063,0.0496964,19.0789,0
mink,,881,1.762,0.0113057,0.0150648,0.0497296,19.1014,0
mink,,882,1.764,0.0113071,0.0150667,0.0497628,19.1239,0
mink,,883,1.766,0.0113084,0.0150685,0.0497959,19.1465,0
mink,,884,1.768,0.0113097,0.0150704,0.0498289,19.1692,0
mink,,885,1.77,0.011311,0.0150722,0.0498619,19.1919,0
mink,,886,1.772,0.0113123,0.0150741,0.0498947,19.2147,0
mink,,887,1.774,0.0113136,0.0150759,0.0499275,19.2376,0
mink,,888,1.776,0.0113148,0.0150777,0.0499602,19.2606,0
mink,,889,1.778,0.0113161,0.0150796,0.0499929,19.2837,0
mink,,890,1.78,0.0113173,0.0150814,0.0500254,19.3068,0
mink,,891,1.782,0.0113185,0.0150833,0.0500579,19.33,0
mink,,892,1.784,0.0113197,0.0150851,0.0500903,19.3533,0
mink,,893,1.786,0.0113209,0.0150869,0.0501226,19.3766,0
mink,,894,1.788,0.0113221,0.0150888,0.0501548,19.4001,0
mink,,895,1.79,0.0113232,0.0150906,0.050187,19.4236,0
mink,,896,1.792,0.0113244,0.0150924,0.050219,19.4471,0
mink,,897,1.794,0.0113255,0.0150942,0.050251,19.4708,0
mink,,898,1.796,0.0113266,0.0150961,0.0502829,19.4945,0
mink,,899,1.798,0.0113278,0.0150979,0.0503148,19.5184,0
mink,,900,1.8,0.0113289,0.0150997,0.0503465,19.5422,0
mink,,901,1.802,0.0113299,0.0151015,0.0503782,19.5662,0
mink,,902,1.804,0.011331,0.0151033,0.0504098,19.5903,0
mink,,903,1.806,0.0113321,0.0151051,0.0504413,19.6144,0
mink,,904,1.808,0.0113331,0.0151069,0.0504727,19.6386,0
mink,,905,1.81,0.0113341,0.0151088,0.050504,19.6629,0
mink,,906,1.812,0.0113352,0.0151106,0.0505353,19.6873,0
mink,,907,1.814,0.0113362,0.0151124,0.0505664,19.7117,0
mink,,908,1.816,0.0113372,0.0151142,0.0505975,19.7363,0
mink,,909,1.818,0.0113381,0.015116,0.0506285,19.7609,0
mink,,910,1.82,0.0113391,0.0151178,0.0506594,19.7856,0
mink,,911,1.822,0.0113401,0.0151196,0.0506903,19.8104,0
mink,,912,1.824,0.011341,0.0151213,0.050721,19.8352,0
mink,,913,1.826,0.0113419,0.0151231,0.0507517,19.8602,0
mink,,914,1.828,0.0113428,0.0151249,0.0507822,19.8852,0
mink,,915,1.83,0.0113437,0.0151267,0.0508127,19.9103,0
mink,,916,1.832,0.0113446,0.0151285,0.0508431,19.9355,0
mink,,917,1.834,0.0113455,0.0151303,0.0508735,19.9608,0
mink,,918,1.836,0.0113464,0.015132,0.0509037,19.9861,0
mink,,919,1.838,0.0113472,0.0151338,0.0509338,20.0116,0
mink,,920,1.84,0.0113481,0.0151356,0.0509639,20.0371,0
mink,,921,1.842,0.0113489,0.0151374,0.0509939,20.0627,0
mink,,922,1.844,0.0113497,0.0151391,0.0510238,20.0884,0
mink,,923,1.846,0.0113505,0.0151409,0.0510536,20.1142,0
mink,,924,1.848,0.0113513,0.0151427,0.0510833,20.1401,0
mink,,925,1.85,0.0113521,0.0151444,0.0511129,20.1661,0
mink,,926,1.852,0.0113528,0.0151462,0.0511424,20.1921,0
mink,,927,1.854,0.0113536,0.0151479,0.0511719,20.2183,0
mink,,928,1.856,0.0113543,0.0151497,0.0512012,20.2445,0
mink,,929,1.858,0.0113551,0.0151515,0.0512305,20.2708,0
mink,,930,1.86,0.0113558,0.0151532,0.0512597,20.2972,0
mink,,931,1.862,0.0113565,0.0151549,0.0512887,20.3237,0
mink,,932,1.864,0.0113572,0.0151567,0.0513177,20.3503,0
mink,,933,1.866,0.0113579,0.0151584,0.0513466,20.377,0
mink,,934,1.868,0.0113585,0.0151602,0.0513755,20.4037,0
mink,,935,1.87,0.0113592,0.0151619,0.0514042,20.4306,0
mink,,936,1.872,0.0113599,0.0151636,0.0514328,20.4575,0
mink,,937,1.874,0.0113605,0.0151654,0.0514613,20.4846,0
mink,,938,1.876,0.0113611,0.0151671,0.0514898,20.5117,0
mink,,939,1.878,0.0113617,0.0151688,0.0515181,20.5389,0
mink,,940,1.88,0.0113623,0.0151706,0.0515464,20.5662,0
mink,,941,1.882,0.0113629,0.0151723,0.0515746,20.5936,0
mink,,942,1.884,0.0113635,0.015174,0.0516026,20.6211,0
mink,,943,1.886,0.011364,0.0151757,0.0516306,20.6487,0
mink,,944,1.888,0.0113646,0.0151774,0.0516585,20.6764,0
mink,,945,1.89,0.0113651,0.0151791,0.0516863,20.7042,0
mink,,946,1.892,0.0113657,0.0151808,0.051714,20.7321,0
mink,,947,1.894,0.0113662,0.0151825,0.0517416,20.7601,0
mink,,948,1.896,0.0113667,0.0151842,0.0517691,20.7881,0
mink,,949,1.898,0.0113672,0.0151859,0.0517965,20.8163,0
mink,,950,1.9,0.0113677,0.0151876,0.0518238,20.8446,0
mink,,951,1.902,0.0113682,0.0151893,0.051851,20.8729,0
mink,,952,1.904,0.0113686,0.015191,0.0518781,20.9014,0
mink,,953,1.906,0.0113691,0.0151927,0.0519051,20.93,0
mink,,954,1.908,0.0113695,0.0151944,0.0519321,20.9586,0
mink,,955,1.91,0.0113699,0.0151961,0.0519589,20.9874,0
mink,,956,1.912,0.0113704,0.0151978,0.0519856,21.0162,0
mink,,957,1.914,0.0113708,0.0151994,0.0520122,21.0452,0
mink,,958,1.916,0.0113712,0.0152011,0.0520388,21.0742,0
mink,,959,1.918,0.0113715,0.0152028,0.0520652,21.1034,0
mink,,960,1.92,0.0113719,0.0152044,0.0520915,21.1326,0
mink,,961,1.922,0.0113723,0.0152061,0.0521177,21.162,0
mink,,962,1.924,0.0113726,0.0152078,0.0521439,21.1915,0
mink,,963,1.926,0.011373,0.0152094,0.0521699,21.221,0
mink,,964,1.928,0.0113733,0.0152111,0.0521958,21.2507,0
mink,,965,1.93,0.0113736,0.0152127,0.0522216,21.2805,0
mink,,966,1.932,0.0113739,0.0152144,0.0522474,21.3103,0
mink,,967,1.934,0.0113742,0.015216,0.052273,21.3403,0
mink,,968,1.936,0.0113745,0.0152177,0.0522985,21.3704,0
mink,,969,1.938,0.0113748,0.0152193,0.0523239,21.4006,0
mink,,970,1.94,0.0113751,0.0152209,0.0523492,21.4309,0
mink,,971,1.942,0.0113753,0.0152226,0.0523744,21.4613,0
mink,,972,1.944,0.0113756,0.0152242,0.0523995,21.4918,0
mink,,973,1.946,0.0113758,0.0152258,0.0524245,21.5224,0
mink,,974,1.948,0.0113761,0.0152274,0.0524494,21.5531,0
mink,,975,1.95,0.0113763,0.0152291,0.0524741,21.5839,0
mink,,976,1.952,0.0113765,0.0152307,0.0524988,21.6149,0
mink,,977,1.954,0.0113767,0.0152323,0.0525234,21.6459,0
mink,,978,1.956,0.0113769,0.0152339,0.0525478,21.6771,0
mink,,979,1.958,0.011377,0.0152355,0.0525722,21.7083,0
mink,,980,1.96,0.0113772,0.0152371,0.0525964,21.7397,0
mink,,981,1.962,0.0113774,0.0152387,0.0526205,21.7712,0
mink,,982,1.964,0.0113775,0.0152403,0.0526446,21.8028,0
mink,,983,1.966,0.0113777,0.0152419,0.0526685,21.8345,0
mink,,984,1.968,0.0113778,0.0152435,0.0526923,21.8663,0
mink,,985,1.97,0.0113779,0.0152451,0.052716,21.8983,0
mink,,986,1.972,0.011378,0.0152467,0.0527395,21.9303,0
mink,,987,1.974,0.0113781,0.0152482,0.052763,21.9625,0
mink,,988,1.976,0.0113782,0.0152498,0.0527864,21.9948,0
mink,,989,1.978,0.0113783,0.0152514,0.0528096,22.0271,0
mink,,990,1.98,0.0113784,0.015253,0.0528327,22.0597,0
mink,,991,1.982,0.0113784,0.0152545,0.0528557,22.0923,0
mink,,992,1.984,0.0113785,0.0152561,0.0528786,22.125,0
mink,,993,1.986,0.0113785,0.0152577,0.0529014,22.1579,0
mink,,994,1.988,0.0113785,0.0152592,0.0529241,22.1909,0
mink,,995,1.99,0.0113786,0.0152608,0.0529467,22.224,0
mink,,996,1.992,0.0113786,0.0152623,0.0529691,22.2572,0
mink,,997,1.994,0.0113786,0.0152639,0.0529914,22.2905,0
mink,,998,1.996,0.0113786,0.0152654,0.0530136,22.324,0
mink,,999,1.998,0.0113786,0.0152669,0.0530357,22.3575,0
mink,,1000,2.0,0.0113786,0.0152685,0.0530577,22.3912,0
mink,,1001,2.002,0.0113785,0.01527,0.0530795,22.425,0
mink,,1002,2.004,0.0113785,0.0152715,0.0531013,22.459,0
mink,,1003,2.006,0.0113785,0.0152731,0.0531229,22.493,0
mink,,1004,2.008,0.0113784,0.0152746,0.0531444,22.5272,0
mink,,1005,2.01,0.0113783,0.0152761,0.0531657,22.5615,0
mink,,1006,2.012,0.0113783,0.0152776,0.053187,22.596,0
mink,,1007,2.014,0.0113782,0.0152791,0.0532081,22.6305,0
mink,,1008,2.016,0.0113781,0.0152806,0.0532291,22.6652,0
mink,,1009,2.018,0.011378,0.0152821,0.05325,22.7,0
mink,,1010,2.02,0.0113779,0.0152836,0.0532708,22.7349,0
mink,,1011,2.022,0.0113778,0.0152851,0.0532914,22.77,0
mink,,1012,2.024,0.0113777,0.0152866,0.0533119,22.8052,0
mink,,1013,2.026,0.0113775,0.0152881,0.0533323,22.8405,0
mink,,1014,2.028,0.0113774,0.0152896,0.0533525,22.8759,0
mink,,1015,2.03,0.0113772,0.015291,0.0533727,22.9115,0
mink,,1016,2.032,0.0113771,0.0152925,0.0533927,22.9472,0
mink,,1017,2.034,0.0113769,0.015294,0.0534125,22.9831,0
mink,,1018,2.036,0.0113768,0.0152955,0.0534323,23.019,0
mink,,1019,2.038,0.0113766,0.0152969,0.0534519,23.0551,0
mink,,1020,2.04,0.0113764,0.0152984,0.0534714,23.0914,0
mink,,1021,2.042,0.0113762,0.0152998,0.0534907,23.1277,0
mink,,1022,2.044,0.011376,0.0153013,0.05351,23.1642,0
mink,,1023,2.046,0.0113758,0.0153027,0.0535291,23.2009,0
mink,,1024,2.048,0.0113756,0.0153042,0.053548,23.2376,0
mink,,1025,2.05,0.0113754,0.0153056,0.0535668,23.2745,0
mink,,1026,2.052,0.0113751,0.015307,0.0535855,23.3116,0
mink,,1027,2.054,0.0113749,0.0153085,0.0536041,23.3488,0
mink,,1028,2.056,0.0113746,0.0153099,0.0536225,23.3861,0
mink,,1029,2.058,0.0113744,0.0153113,0.0536408,23.4235,0
mink,,1030,2.06,0.0113741,0.0153127,0.053659,23.4611,0
mink,,1031,2.062,0.0113739,0.0153141,0.053677,23.4989,0
mink,,1032,2.064,0.0113736,0.0153156,0.0536948,23.5367,0
mink,,1033,2.066,0.0113733,0.015317,0.0537126,23.5748,0
mink,,1034,2.068,0.011373,0.0153184,0.0537302,23.6129,0
mink,,1035,2.07,0.0113727,0.0153198,0.0537476,23.6512,0
mink,,1036,2.072,0.0113724,0.0153212,0.053765,23.6897,0
mink,,1037,2.074,0.0113721,0.0153225,0.0537821,23.7282,0
mink,,1038,2.076,0.0113718,0.0153239,0.0537992,23.767,0
mink,,1039,2.078,0.0113715,0.0153253,0.0538161,23.8058,0
mink,,1040,2.08,0.0113712,0.0153267,0.0538328,23.8449,0
mink,,1041,2.082,0.0113708,0.0153281,0.0538494,23.884,0
mink,,1042,2.084,0.0113705,0.0153294,0.0538659,23.9233,0
mink,,1043,2.086,0.0113701,0.0153308,0.0538822,23.9628,0
mink,,1044,2.088,0.0113698,0.0153321,0.0538983,24.0024,0
mink,,1045,2.09,0.0113694,0.0153335,0.0539144,24.0422,0
mink,,1046,2.092,0.0113691,0.0153348,0.0539302,24.0821,0
mink,,1047,2.094,0.0113687,0.0153362,0.0539459,24.1221,0
mink,,1048,2.096,0.0113683,0.0153375,0.0539615,24.1624,0
mink,,1049,2.098,0.0113679,0.0153389,0.0539769,24.2027,0
mink,,1050,2.1,0.0113675,0.0153402,0.0539922,24.2432,0
mink,,1051,2.102,0.0113671,0.0153415,0.0540073,24.2839,0
mink,,1052,2.104,0.0113667,0.0153429,0.0540223,24.3247,0
mink,,1053,2.106,0.0113663,0.0153442,0.0540371,24.3657,0
mink,,1054,2.108,0.0113659,0.0153455,0.0540517,24.4068,0
mink,,1055,2.11,0.0113655,0.0153468,0.0540662,24.4481,0
mink,,1056,2.112,0.0113651,0.0153481,0.0540806,24.4896,0
mink,,1057,2.114,0.0113646,0.0153494,0.0540948,24.5312,0
mink,,1058,2.116,0.0113642,0.0153507,0.0541088,24.5729,0
mink,,1059,2.118,0.0113638,0.015352,0.0541227,24.6149,0
mink,,1060,2.12,0.0113633,0.0153533,0.0541364,24.657,0
mink,,1061,2.122,0.0113629,0.0153546,0.0541499,24.6992,0
mink,,1062,2.124,0.0113624,0.0153558,0.0541633,24.7416,0
mink,,1063,2.126,0.0113619,0.0153571,0.0541765,24.7842,0
mink,,1064,2.128,0.0113615,0.0153584,0.0541896,24.8269,0
mink,,1065,2.13,0.011361,0.0153596,0.0542024,24.8698,0
mink,,1066,2.132,0.0113605,0.0153609,0.0542152,24.9129,0
mink,,1067,2.134,0.0113601,0.0153621,0.0542277,24.9561,0
mink,,1068,2.136,0.0113596,0.0153634,0.0542401,24.9995,0
mink,,1069,2.138,0.0113591,0.0153646,0.0542523,25.043,0
mink,,1070,2.14,0.0113586,0.0153659,0.0542644,25.0868,0
mink,,1071,2.142,0.0113581,0.0153671,0.0542763,25.1307,0
mink,,1072,2.144,0.0113576,0.0153683,0.054288,25.1747,0
mink,,1073,2.146,0.0113571,0.0153696,0.0542995,25.219,0
mink,,1074,2.148,0.0113566,0.0153708,0.0543109,25.2634,0
mink,,1075,2.15,0.011356,0.015372,0.0543221,25.308,0
mink,,1076,2.152,0.0113555,0.0153732,0.0543331,25.3527,0
mink,,1077,2.154,0.011355,0.0153744,0.0543439,25.3977,0
mink,,1078,2.156,0.0113545,0.0153756,0.0543546,25.4428,0
mink,,1079,2.158,0.0113539,0.0153768,0.0543651,25.488,0
mink,,1080,2.16,0.0113534,0.015378,0.0543754,25.5335,0
mink,,1081,2.162,0.0113528,0.0153792,0.0543855,25.5791,0
mink,,1082,2.164,0.0113523,0.0153804,0.0543954,25.6249,0
mink,,1083,2.166,0.0113517,0.0153816,0.0544052,25.6709,0
mink,,1084,2.168,0.0113512,0.0153827,0.0544147,25.7171,0
mink,,1085,2.17,0.0113506,0.0153839,0.0544241,25.7634,0
mink,,1086,2.172,0.0113501,0.0153851,0.0544333,25.81,0
mink,,1087,2.174,0.0113495,0.0153862,0.0544423,25.8567,0
mink,,1088,2.176,0.0113489,0.0153874,0.0544511,25.9036,0
mink,,1089,2.178,0.0113484,0.0153885,0.0544598,25.9507,0
mink,,1090,2.18,0.0113478,0.0153896,0.0544682,25.9979,0
mink,,1091,2.182,0.0113472,0.0153908,0.0544765,26.0454,0
mink,,1092,2.184,0.0113466,0.0153919,0.0544845,26.093,0
mink,,1093,2.186,0.0113461,0.015393,0.0544924,26.1409,0
mink,,1094,2.188,0.0113455,0.0153942,0.0545,26.1889,0
mink,,1095,2.19,0.0113449,0.0153953,0.0545075,26.2371,0
mink,,1096,2.192,0.0113443,0.0153964,0.0545148,26.2855,0
mink,,1097,2.194,0.0113437,0.0153975,0.0545218,26.3341,0
mink,,1098,2.196,0.0113431,0.0153986,0.0545287,26.3828,0
mink,,1099,2.198,0.0113425,0.0153997,0.0545354,26.4318,0
mink,,1100,2.2,0.0113419,0.0154008,0.0545418,26.481,0
mink,,1101,2.202,0.0113413,0.0154018,0.0545481,26.5303,0
mink,,1102,2.204,0.0113407,0.0154029,0.0545541,26.5799,0
mink,,1103,2.206,0.0113401,0.015404,0.05456,26.6297,0
mink,,1104,2.208,0.0113395,0.0154051,0.0545656,26.6796,0
mink,,1105,2.21,0.0113388,0.0154061,0.054571,26.7298,0
mink,,1106,2.212,0.0113382,0.0154072,0.0545762,26.7801,0
mink,,1107,2.214,0.0113376,0.0154082,0.0545812,26.8307,0
mink,,1108,2.216,0.011337,0.0154093,0.054586,26.8814,0
mink,,1109,2.218,0.0113364,0.0154103,0.0545906,26.9324,0
mink,,1110,2.22,0.0113357,0.0154113,0.0545949,26.9836,0
mink,,1111,2.222,0.0113351,0.0154124,0.0545991,27.0349,0
mink,,1112,2.224,0.0113345,0.0154134,0.054603,27.0865,0
mink,,1113,2.226,0.0113339,0.0154144,0.0546067,27.1383,0
mink,,1114,2.228,0.0113332,0.0154154,0.0546101,27.1903,0
mink,,1115,2.23,0.0113326,0.0154164,0.0546134,27.2425,0
mink,,1116,2.232,0.011332,0.0154174,0.0546164,27.2949,0
mink,,1117,2.234,0.0113313,0.0154184,0.0546192,27.3475,0
mink,,1118,2.236,0.0113307,0.0154194,0.0546217,27.4003,0
mink,,1119,2.238,0.0113301,0.0154204,0.0546241,27.4534,0
mink,,1120,2.24,0.0113294,0.0154214,0.0546262,27.5066,0
mink,,1121,2.242,0.0113288,0.0154224,0.054628,27.5601,0
mink,,1122,2.244,0.0113281,0.0154233,0.0546296,27.6138,0
mink,,1123,2.246,0.0113275,0.0154243,0.054631,27.6677,0
mink,,1124,2.248,0.0113269,0.0154252,0.0546322,27.7218,0
mink,,1125,2.25,0.0113262,0.0154262,0.0546331,27.7762,0
mink,,1126,2.252,0.0113256,0.0154271,0.0546338,27.8308,0
mink,,1127,2.254,0.0113249,0.0154281,0.0546342,27.8855,0
mink,,1128,2.256,0.0113243,0.015429,0.0546344,27.9405,0
mink,,1129,2.258,0.0113237,0.0154299,0.0546343,27.9958,0
mink,,1130,2.26,0.011323,0.0154309,0.054634,28.0512,0
mink,,1131,2.262,0.0113224,0.0154318,0.0546335,28.1069,0
mink,,1132,2.264,0.0113217,0.0154327,0.0546326,28.1628,0
mink,,1133,2.266,0.0113211,0.0154336,0.0546316,28.219,0
mink,,1134,2.268,0.0113204,0.0154345,0.0546303,28.2753,0
mink,,1135,2.27,0.0113198,0.0154354,0.0546287,28.3319,0
mink,,1136,2.272,0.0113191,0.0154363,0.0546268,28.3888,0
mink,,1137,2.274,0.0113185,0.0154372,0.0546247,28.4458,0
mink,,1138,2.276,0.0113179,0.015438,0.0546224,28.5031,0
mink,,1139,2.278,0.0113172,0.0154389,0.0546198,28.5607,0
mink,,1140,2.28,0.0113166,0.0154398,0.0546169,28.6184,0
mink,,1141,2.282,0.0113159,0.0154406,0.0546137,28.6764,0
mink,,1142,2.284,0.0113153,0.0154415,0.0546103,28.7347,0
mink,,1143,2.286,0.0113146,0.0154423,0.0546066,28.7931,0
mink,,1144,2.288,0.011314,0.0154432,0.0546026,28.8519,0
mink,,1145,2.29,0.0113134,0.015444,0.0545984,28.9108,0
mink,,1146,2.292,0.0113127,0.0154448,0.0545938,28.97,0
mink,,1147,2.294,0.0113121,0.0154456,0.054589,29.0295,0
mink,,1148,2.296,0.0113115,0.0154465,0.0545839,29.0892,0
mink,,1149,2.298,0.0113108,0.0154473,0.0545786,29.1491,0
mink,,1150,2.3,0.0113102,0.0154481,0.0545729,29.2093,0
mink,,1151,2.302,0.0113096,0.0154489,0.054567,29.2697,0
mink,,1152,2.304,0.0113089,0.0154497,0.0545607,29.3304,0
mink,,1153,2.306,0.0113083,0.0154504,0.0545542,29.3913,0
mink,,1154,2.308,0.0113077,0.0154512,0.0545474,29.4525,0
mink,,1155,2.31,0.011307,0.015452,0.0545403,29.514,0
mink,,1156,2.312,0.0113064,0.0154528,0.0545329,29.5757,0
mink,,1157,2.314,0.0113058,0.0154535,0.0545252,29.6376,0
mink,,1158,2.316,0.0113052,0.0154543,0.0545172,29.6998,0
mink,,1159,2.318,0.0113045,0.015455,0.0545088,29.7623,0
mink,,1160,2.32,0.0113039,0.0154558,0.0545002,29.825,0
mink,,1161,2.322,0.0113033,0.0154565,0.0544913,29.888,0
mink,,1162,2.324,0.0113027,0.0154572,0.054482,29.9512,0
mink,,1163,2.326,0.0113021,0.015458,0.0544725,30.0147,0
mink,,1164,2.328,0.0113015,0.0154587,0.0544626,30.0785,0
mink,,1165,2.33,0.0113009,0.0154594,0.0544524,30.1426,0
mink,,1166,2.332,0.0113003,0.0154601,0.0544419,30.2069,0
mink,,1167,2.334,0.0112997,0.0154608,0.0544311,30.2714,0
mink,,1168,2.336,0.0112991,0.0154615,0.0544199,30.3363,0
mink,,1169,2.338,0.0112985,0.0154622,0.0544084,30.4014,0
mink,,1170,2.34,0.0112979,0.0154628,0.0543966,30.4668,0
mink,,1171,2.342,0.0112973,0.0154635,0.0543844,30.5324,0
mink,,1172,2.344,0.0112967,0.0154642,0.054372,30.5983,0
mink,,1173,2.346,0.0112961,0.0154648,0.0543591,30.6645,0
mink,,1174,2.348,0.0112956,0.0154655,0.054346,30.731,0
mink,,1175,2.35,0.011295,0.0154661,0.0543325,30.7978,0
mink,,1176,2.352,0.0112944,0.0154668,0.0543186,30.8648,0
mink,,1177,2.354,0.0112938,0.0154674,0.0543044,30.9321,0
mink,,1178,2.356,0.0112933,0.015468,0.0542899,30.9997,0
mink,,1179,2.358,0.0112927,0.0154687,0.054275,31.0676,0
mink,,1180,2.36,0.0112921,0.0154693,0.0542598,31.1358,0
mink,,1181,2.362,0.0112916,0.0154699,0.0542441,31.2042,0
mink,,1182,2.364,0.011291,0.0154705,0.0542282,31.273,0
mink,,1183,2.366,0.0112905,0.0154711,0.0542118,31.342,0
mink,,1184,2.368,0.0112899,0.0154717,0.0541951,31.4113,0
mink,,1185,2.37,0.0112894,0.0154723,0.0541781,31.4809,0
mink,,1186,2.372,0.0112889,0.0154728,0.0541606,31.5508,0
mink,,1187,2.374,0.0112883,0.0154734,0.0541428,31.621,0
mink,,1188,2.376,0.0112878,0.015474,0.0541246,31.6915,0
mink,,1189,2.378,0.0112873,0.0154745,0.0541061,31.7622,0
mink,,1190,2.38,0.0112868,0.0154751,0.0540871,31.8333,0
mink,,1191,2.382,0.0112862,0.0154756,0.0540678,31.9047,0
mink,,1192,2.384,0.0112857,0.0154761,0.0540481,31.9764,0
mink,,1193,2.386,0.0112852,0.0154767,0.054028,32.0483,0
mink,,1194,2.388,0.0112847,0.0154772,0.0540075,32.1206,0
mink,,1195,2.39,0.0112842,0.0154777,0.0539866,32.1932,0
mink,,1196,2.392,0.0112837,0.0154782,0.0539653,32.2661,0
mink,,1197,2.394,0.0112832,0.0154787,0.0539436,32.3392,0
mink,,1198,2.396,0.0112828,0.0154792,0.0539214,32.4127,0
mink,,1199,2.398,0.0112823,0.0154797,0.0538989,32.4865,0
mink,,1200,2.4,0.0112818,0.0154802,0.053876,32.5606,0
mink,,1201,2.402,0.0112814,0.0154807,0.0538527,32.6351,0
mink,,1202,2.404,0.0112809,0.0154811,0.0538289,32.7098,0
mink,,1203,2.406,0.0112804,0.0154816,0.0538047,32.7849,0
mink,,1204,2.408,0.01128,0.0154821,0.0537801,32.8602,0
mink,,1205,2.41,0.0112795,0.0154825,0.0537551,32.9359,0
mink,,1206,2.412,0.0112791,0.0154829,0.0537296,33.0119,0
mink,,1207,2.414,0.0112787,0.0154834,0.0537037,33.0882,0
mink,,1208,2.416,0.0112782,0.0154838,0.0536774,33.1648,0
mink,,1209,2.418,0.0112778,0.0154842,0.0536506,33.2418,0
mink,,1210,2.42,0.0112774,0.0154846,0.0536234,33.3191,0
mink,,1211,2.422,0.011277,0.0154851,0.0535957,33.3967,0
mink,,1212,2.424,0.0112766,0.0154855,0.0535676,33.4746,0
mink,,1213,2.426,0.0112762,0.0154858,0.053539,33.5528,0
mink,,1214,2.428,0.0112758,0.0154862,0.05351,33.6314,0
mink,,1215,2.43,0.0112754,0.0154866,0.0534805,33.7103,0
mink,,1216,2.432,0.011275,0.015487,0.0534506,33.7896,0
mink,,1217,2.434,0.0112747,0.0154874,0.0534202,33.8691,0
mink,,1218,2.436,0.0112743,0.0154877,0.0533893,33.949,0
mink,,1219,2.438,0.0112739,0.0154881,0.0533579,34.0293,0
mink,,1220,2.44,0.0112736,0.0154884,0.0533261,34.1098,0
mink,,1221,2.442,0.0112732,0.0154888,0.0532938,34.1907,0
mink,,1222,2.444,0.0112729,0.0154891,0.053261,34.272,0
mink,,1223,2.446,0.0112725,0.0154894,0.0532277,34.3536,0
mink,,1224,2.448,0.0112722,0.0154897,0.0531939,34.4355,0
mink,,1225,2.45,0.0112719,0.0154901,0.0531596,34.5178,0
mink,,1226,2.452,0.0112716,0.0154904,0.0531248,34.6004,0
mink,,1227,2.454,0.0112713,0.0154907,0.0530896,34.6833,0
mink,,1228,2.456,0.011271,0.0154909,0.0530538,34.7666,0
mink,,1229,2.458,0.0112707,0.0154912,0.0530175,34.8502,0
mink,,1230,2.46,0.0112704,0.0154915,0.0529807,34.9342,0
mink,,1231,2.462,0.0112701,0.0154918,0.0529434,35.0186,0
mink,,1232,2.464,0.0112698,0.015492,0.0529055,35.1032,0
mink,,1233,2.466,0.0112696,0.0154923,0.0528671,35.1883,0
mink,,1234,2.468,0.0112693,0.0154926,0.0528282,35.2737,0
mink,,1235,2.47,0.0112691,0.0154928,0.0527888,35.3594,0
mink,,1236,2.472,0.0112688,0.015493,0.0527488,35.4455,0
mink,,1237,2.474,0.0112686,0.0154933,0.0527083,35.5319,0
mink,,1238,2.476,0.0112684,0.0154935,0.0526673,35.6187,0
mink,,1239,2.478,0.0112682,0.0154937,0.0526257,35.7059,0
mink,,1240,2.48,0.011268,0.0154939,0.0525835,35.7934,0
mink,,1241,2.482,0.0112677,0.0154941,0.0525408,35.8813,0
mink,,1242,2.484,0.0112676,0.0154943,0.0524975,35.9695,0
mink,,1243,2.486,0.0112674,0.0154945,0.0524537,36.0581,0
mink,,1244,2.488,0.0112672,0.0154947,0.0524093,36.1471,0
mink,,1245,2.49,0.011267,0.0154949,0.0523643,36.2364,0
mink,,1246,2.492,0.0112669,0.015495,0.0523188,36.3261,0
mink,,1247,2.494,0.0112667,0.0154952,0.0522727,36.4161,0
mink,,1248,2.496,0.0112666,0.0154953,0.0522259,36.5066,0
mink,,1249,2.498,0.0112664,0.0154955,0.0521786,36.5973,0
mink,,1250,2.5,0.0112663,0.0154956,0.0521307,36.6885,0
mink,,1251,2.502,0.0112662,0.0154958,0.0520823,36.78,0
mink,,1252,2.504,0.0112661,0.0154959,0.0520332,36.8719,0
mink,,1253,2.506,0.0112659,0.015496,0.0519835,36.9642,0
mink,,1254,2.508,0.0112659,0.0154961,0.0519332,37.0568,0
mink,,1255,2.51,0.0112658,0.0154962,0.0518822,37.1498,0
mink,,1256,2.512,0.0112657,0.0154963,0.0518307,37.2432,0
mink,,1257,2.514,0.0112656,0.0154964,0.0517785,37.337,0
mink,,1258,2.516,0.0112656,0.0154965,0.0517258,37.4311,0
mink,,1259,2.518,0.0112655,0.0154966,0.0516724,37.5256,0
mink,,1260,2.52,0.0112655,0.0154966,0.0516183,37.6205,0
mink,,1261,2.522,0.0112654,0.0154967,0.0515636,37.7158,0
mink,,1262,2.524,0.0112654,0.0154968,0.0515083,37.8114,0
mink,,1263,2.526,0.0112654,0.0154968,0.0514523,37.9074,0
mink,,1264,2.528,0.0112654,0.0154969,0.0513957,38.0038,0
mink,,1265,2.53,0.0112654,0.0154969,0.0513384,38.1006,0
mink,,1266,2.532,0.0112654,0.0154969,0.0512805,38.1978,0
mink,,1267,2.534,0.0112654,0.0154969,0.0512218,38.2953,0
mink,,1268,2.536,0.0112654,0.015497,0.0511626,38.3933,0
mink,,1269,2.538,0.0112654,0.015497,0.0511026,38.4916,0
mink,,1270,2.54,0.0112655,0.015497,0.051042,38.5903,0
mink,,1271,2.542,0.0112655,0.015497,0.0509807,38.6893,0
mink,,1272,2.544,0.0112656,0.015497,0.0509187,38.7888,0
mink,,1273,2.546,0.0112657,0.0154969,0.050856,38.8886,0
mink,,1274,2.548,0.0112658,0.0154969,0.0507926,38.9889,0
mink,,1275,2.55,0.0112658,0.0154969,0.0507285,39.0895,0
mink,,1276,2.552,0.0112659,0.0154968,0.0506637,39.1905,0
mink,,1277,2.554,0.011266,0.0154968,0.0505983,39.2919,0
mink,,1278,2.556,0.0112662,0.0154967,0.0505321,39.3937,0
mink,,1279,2.558,0.0112663,0.0154967,0.0504651,39.4958,0
mink,,1280,2.56,0.0112664,0.0154966,0.0503975,39.5984,0
mink,,1281,2.562,0.0112666,0.0154965,0.0503291,39.7013,0
mink,,1282,2.564,0.0112667,0.0154965,0.05026,39.8046,0
mink,,1283,2.566,0.0112669,0.0154964,0.0501902,39.9083,0
mink,,1284,2.568,0.0112671,0.0154963,0.0501196,40.0124,0
mink,,1285,2.57,0.0112672,0.0154962,0.0500483,40.1169,0
mink,,1286,2.572,0.0112674,0.0154961,0.0499762,40.2218,0
mink,,1287,2.574,0.0112676,0.015496,0.0499034,40.327,0
mink,,1288,2.576,0.0112678,0.0154959,0.0498299,40.4327,0
mink,,1289,2.578,0.011268,0.0154957,0.0497555,40.5387,0
mink,,1290,2.58,0.0112683,0.0154956,0.0496804,40.6452,0
mink,,1291,2.582,0.0112685,0.0154955,0.0496046,40.752,0
mink,,1292,2.584,0.0112688,0.0154953,0.0495279,40.8592,0
mink,,1293,2.586,0.011269,0.0154952,0.0494505,40.9667,0
mink,,1294,2.588,0.0112693,0.015495,0.0493723,41.0747,0
mink,,1295,2.59,0.0112695,0.0154948,0.0492934,41.1831,0
mink,,1296,2.592,0.0112698,0.0154947,0.0492136,41.2918,0
mink,,1297,2.594,0.0112701,0.0154945,0.049133,41.4009,0
mink,,1298,2.596,0.0112704,0.0154943,0.0490517,41.5104,0
mink,,1299,2.598,0.0112707,0.0154941,0.0489695,41.6203,0
mink,,1300,2.6,0.011271,0.0154939,0.0488865,41.7306,0
mink,,1301,2.602,0.0112714,0.0154937,0.0488027,41.8413,0
mink,,1302,2.604,0.0112717,0.0154935,0.0487181,41.9523,0
mink,,1303,2.606,0.011272,0.0154933,0.0486327,42.0637,0
mink,,1304,2.608,0.0112724,0.0154931,0.0485465,42.1756,0
mink,,1305,2.61,0.0112728,0.0154929,0.0484594,42.2877,0
mink,,1306,2.612,0.0112731,0.0154926,0.0483715,42.4003,0
mink,,1307,2.614,0.0112735,0.0154924,0.0482828,42.5132,0
mink,,1308,2.616,0.0112739,0.0154921,0.0481932,42.6266,0
mink,,1309,2.618,0.0112743,0.0154919,0.0481028,42.7403,0
mink,,1310,2.62,0.0112747,0.0154916,0.0480116,42.8543,0
mink,,1311,2.622,0.0112751,0.0154914,0.0479194,42.9688,0
mink,,1312,2.624,0.0112755,0.0154911,0.0478265,43.0836,0
mink,,1313,2.626,0.0112759,0.0154908,0.0477327,43.1988,0
mink,,1314,2.628,0.0112764,0.0154905,0.047638,43.3143,0
mink,,1315,2.63,0.0112768,0.0154902,0.0475424,43.4302,0
mink,,1316,2.632,0.0112773,0.0154899,0.047446,43.5465,0
mink,,1317,2.634,0.0112777,0.0154896,0.0473487,43.6632,0
mink,,1318,2.636,0.0112782,0.0154893,0.0472506,43.7802,0
mink,,1319,2.638,0.0112787,0.015489,0.0471515,43.8976,0
mink,,1320,2.64,0.0112792,0.0154887,0.0470516,44.0153,0
mink,,1321,2.642,0.0112797,0.0154884,0.0469508,44.1334,0
mink,,1322,2.644,0.0112802,0.0154881,0.0468491,44.2519,0
mink,,1323,2.646,0.0112807,0.0154877,0.0467465,44.3707,0
mink,,1324,2.648,0.0112812,0.0154874,0.046643,44.4898,0
mink,,1325,2.65,0.0112817,0.015487,0.0465386,44.6093,0
mink,,1326,2.652,0.0112823,0.0154867,0.0464334,44.7292,0
mink,,1327,2.654,0.0112828,0.0154863,0.0463272,44.8494,0
mink,,1328,2.656,0.0112833,0.015486,0.0462201,44.9699,0
mink,,1329,2.658,0.0112839,0.0154856,0.0461121,45.0908,0
mink,,1330,2.66,0.0112845,0.0154852,0.0460032,45.212,0
mink,,1331,2.662,0.011285,0.0154848,0.0458933,45.3336,0
mink,,1332,2.664,0.0112856,0.0154844,0.0457826,45.4554,0
mink,,1333,2.666,0.0112862,0.0154841,0.0456709,45.5777,0
mink,,1334,2.668,0.0112868,0.0154837,0.0455583,45.7002,0
mink,,1335,2.67,0.0112873,0.0154833,0.0454448,45.8231,0
mink,,1336,2.672,0.0112879,0.0154828,0.0453304,45.9463,0
mink,,1337,2.674,0.0112885,0.0154824,0.045215,46.0698,0
mink,,1338,2.676,0.0112892,0.015482,0.0450987,46.1936,0
mink,,1339,2.678,0.0112898,0.0154816,0.0449815,46.3177,0
mink,,1340,2.68,0.0112904,0.0154812,0.0448633,46.4421,0
mink,,1341,2.682,0.011291,0.0154807,0.0447442,46.5669,0
mink,,1342,2.684,0.0112917,0.0154803,0.0446241,46.6919,0
mink,,1343,2.686,0.0112923,0.0154799,0.0445031,46.8173,0
mink,,1344,2.688,0.0112929,0.0154794,0.0443812,46.9429,0
mink,,1345,2.69,0.0112936,0.015479,0.0442583,47.0688,0
mink,,1346,2.692,0.0112942,0.0154785,0.0441345,47.195,0
mink,,1347,2.694,0.0112949,0.015478,0.0440097,47.3215,0
mink,,1348,2.696,0.0112955,0.0154776,0.043884,47.4483,0
mink,,1349,2.698,0.0112962,0.0154771,0.0437574,47.5753,0
mink,,1350,2.7,0.0112969,0.0154766,0.0436298,47.7026,0
mink,,1351,2.702,0.0112976,0.0154761,0.0435012,47.8302,0
mink,,1352,2.704,0.0112982,0.0154756,0.0433717,47.958,0
mink,,1353,2.706,0.0112989,0.0154752,0.0432412,48.0861,0
mink,,1354,2.708,0.0112996,0.0154747,0.0431098,48.2145,0
mink,,1355,2.71,0.0113003,0.0154742,0.0429774,48.343,0
mink,,1356,2.712,0.011301,0.0154737,0.0428441,48.4719,0
mink,,1357,2.714,0.0113017,0.0154732,0.0427098,48.6009,0
mink,,1358,2.716,0.0113023,0.0154726,0.0425746,48.7302,0
mink,,1359,2.718,0.011303,0.0154721,0.0424384,48.8597,0
mink,,1360,2.72,0.0113037,0.0154716,0.0423013,48.9895,0
mink,,1361,2.722,0.0113044,0.0154711,0.0421632,49.1194,0
mink,,1362,2.724,0.0113051,0.0154706,0.0420242,49.2496,0
mink,,1363,2.726,0.0113058,0.01547,0.0418842,49.3799,0
mink,,1364,2.728,0.0113065,0.0154695,0.0417432,49.5105,0
mink,,1365,2.73,0.0113073,0.0154689,0.0416013,49.6412,0
mink,,1366,2.732,0.011308,0.0154684,0.0414585,49.7722,0
mink,,1367,2.734,0.0113087,0.0154679,0.0413147,49.9033,0
mink,,1368,2.736,0.0113094,0.0154673,0.04117,50.0346,0
mink,,1369,2.738,0.0113101,0.0154667,0.0410243,50.166,0
mink,,1370,2.74,0.0113108,0.0154662,0.0408776,50.2977,0
mink,,1371,2.742,0.0113115,0.0154656,0.0407301,50.4294,0
mink,,1372,2.744,0.0113122,0.0154651,0.0405816,50.5613,0
mink,,1373,2.746,0.0113129,0.0154645,0.0404321,50.6934,0
mink,,1374,2.748,0.0113136,0.0154639,0.0402817,50.8256,0
mink,,1375,2.75,0.0113143,0.0154633,0.0401304,50.9579,0
mink,,1376,2.752,0.011315,0.0154628,0.0399782,51.0904,0
mink,,1377,2.754,0.0113157,0.0154622,0.039825,51.2229,0
mink,,1378,2.756,0.0113164,0.0154616,0.0396709,51.3556,0
mink,,1379,2.758,0.0113171,0.015461,0.0395158,51.4883,0
mink,,1380,2.76,0.0113177,0.0154604,0.0393599,51.6212,0
mink,,1381,2.762,0.0113184,0.0154598,0.039203,51.7541,0
mink,,1382,2.764,0.0113191,0.0154592,0.0390452,51.8871,0
mink,,1383,2.766,0.0113198,0.0154586,0.0388865,52.0202,0
mink,,1384,2.768,0.0113204,0.015458,0.0387269,52.1533,0
mink,,1385,2.77,0.0113211,0.0154574,0.0385664,52.2865,0
mink,,1386,2.772,0.0113218,0.0154568,0.038405,52.4197,0
mink,,1387,2.774,0.0113224,0.0154562,0.0382426,52.5529,0
mink,,1388,2.776,0.0113231,0.0154556,0.0380794,52.6862,0
mink,,1389,2.778,0.0113237,0.015455,0.0379153,52.8195,0
mink,,1390,2.78,0.0113244,0.0154543,0.0377503,52.9528,0
mink,,1391,2.782,0.011325,0.0154537,0.0375845,53.0861,0
mink,,1392,2.784,0.0113256,0.0154531,0.0374177,53.2194,0
mink,,1393,2.786,0.0113262,0.0154525,0.0372501,53.3527,0
mink,,1394,2.788,0.0113268,0.0154519,0.0370816,53.486,0
mink,,1395,2.79,0.0113274,0.0154512,0.0369123,53.6192,0
mink,,1396,2.792,0.011328,0.0154506,0.0367421,53.7523,0
mink,,1397,2.794,0.0113286,0.01545,0.0365711,53.8855,0
mink,,1398,2.796,0.0113292,0.0154493,0.0363992,54.0185,0
mink,,1399,2.798,0.0113297,0.0154487,0.0362264,54.1515,0
mink,,1400,2.8,0.0113303,0.0154481,0.0360529,54.2844,0
mink,,1401,2.802,0.0113308,0.0154474,0.0358785,54.4172,0
mink,,1402,2.804,0.0113314,0.0154468,0.0357032,54.5499,0
mink,,1403,2.806,0.0113319,0.0154461,0.0355272,54.6824,0
mink,,1404,2.808,0.0113324,0.0154455,0.0353503,54.8149,0
mink,,1405,2.81,0.0113329,0.0154448,0.0351727,54.9472,0
mink,,1406,2.812,0.0113334,0.0154442,0.0349942,55.0794,0
mink,,1407,2.814,0.0113339,0.0154436,0.034815,55.2114,0
mink,,1408,2.816,0.0113343,0.0154429,0.034635,55.3433,0
mink,,1409,2.818,0.0113348,0.0154423,0.0344542,55.475,0
mink,,1410,2.82,0.0113352,0.0154416,0.0342726,55.6064,0
mink,,1411,2.822,0.0113356,0.015441,0.0340903,55.7377,0
mink,,1412,2.824,0.011336,0.0154403,0.0339072,55.8688,0
mink,,1413,2.826,0.0113364,0.0154397,0.0337233,55.9997,0
mink,,1414,2.828,0.0113368,0.015439,0.0335388,56.1303,0
mink,,1415,2.83,0.0113372,0.0154384,0.0333535,56.2607,0
mink,,1416,2.832,0.0113375,0.0154377,0.0331674,56.3909,0
mink,,1417,2.834,0.0113378,0.0154371,0.0329807,56.5208,0
mink,,1418,2.836,0.0113382,0.0154364,0.0327932,56.6504,0
mink,,1419,2.838,0.0113384,0.0154358,0.032605,56.7797,0
mink,,1420,2.84,0.0113387,0.0154351,0.0324162,56.9087,0
mink,,1421,2.842,0.011339,0.0154344,0.0322266,57.0374,0
mink,,1422,2.844,0.0113392,0.0154338,0.0320364,57.1658,0
mink,,1423,2.846,0.0113394,0.0154331,0.0318455,57.2939,0
mink,,1424,2.848,0.0113396,0.0154325,0.031654,57.4216,0
mink,,1425,2.85,0.0113398,0.0154318,0.0314618,57.549,0
mink,,1426,2.852,0.01134,0.0154312,0.0312689,57.676,0
mink,,1427,2.854,0.0113401,0.0154305,0.0310754,57.8026,0
mink,,1428,2.856,0.0113402,0.0154299,0.0308813,57.9288,0
mink,,1429,2.858,0.0113403,0.0154292,0.0306866,58.0546,0
mink,,1430,2.86,0.0113404,0.0154286,0.0304913,58.18,0
mink,,1431,2.862,0.0113405,0.015428,0.0302954,58.305,0
mink,,1432,2.864,0.0113405,0.0154273,0.0300989,58.4295,0
mink,,1433,2.866,0.0113405,0.0154267,0.0299018,58.5536,0
mink,,1434,2.868,0.0113405,0.015426,0.0297041,58.6772,0
mink,,1435,2.87,0.0113404,0.0154254,0.0295059,58.8004,0
mink,,1436,2.872,0.0113404,0.0154247,0.0293071,58.923,0
mink,,1437,2.874,0.0113403,0.0154241,0.0291078,59.0452,0
mink,,1438,2.876,0.0113402,0.0154235,0.0289079,59.1668,0
mink,,1439,2.878,0.01134,0.0154228,0.0287076,59.2879,0
mink,,1440,2.88,0.0113398,0.0154222,0.0285067,59.4085,0
mink,,1441,2.882,0.0113397,0.0154216,0.0283053,59.5285,0
mink,,1442,2.884,0.0113394,0.0154209,0.0281034,59.648,0
mink,,1443,2.886,0.0113392,0.0154203,0.0279011,59.7668,0
mink,,1444,2.888,0.0113389,0.0154197,0.0276982,59.8851,0
mink,,1445,2.89,0.0113386,0.0154191,0.0274949,60.0028,0
mink,,1446,2.892,0.0113383,0.0154185,0.0272912,60.1199,0
mink,,1447,2.894,0.0113379,0.0154178,0.027087,60.2364,0
mink,,1448,2.896,0.0113375,0.0154172,0.0268823,60.3522,0
mink,,1449,2.898,0.0113371,0.0154166,0.0266773,60.4673,0
mink,,1450,2.9,0.0113366,0.015416,0.0264718,60.5818,0
mink,,1451,2.902,0.0113361,0.0154154,0.0262659,60.6957,0
mink,,1452,2.904,0.0113356,0.0154148,0.0260596,60.8088,0
mink,,1453,2.906,0.011335,0.0154142,0.0258529,60.9212,0
mink,,1454,2.908,0.0113345,0.0154136,0.0256459,61.033,0
mink,,1455,2.91,0.0113338,0.015413,0.0254385,61.144,0
mink,,1456,2.912,0.0113332,0.0154124,0.0252307,61.2542,0
mink,,1457,2.914,0.0113325,0.0154119,0.0250226,61.3637,0
mink,,1458,2.916,0.0113318,0.0154113,0.0248141,61.4725,0
mink,,1459,2.918,0.011331,0.0154107,0.0246054,61.5805,0
mink,,1460,2.92,0.0113302,0.0154101,0.0243963,61.6877,0
mink,,1461,2.922,0.0113294,0.0154096,0.0241869,61.7941,0
mink,,1462,2.924,0.0113285,0.015409,0.0239772,61.8996,0
mink,,1463,2.926,0.0113277,0.0154084,0.0237672,62.0044,0
mink,,1464,2.928,0.0113267,0.0154079,0.0235569,62.1083,0
mink,,1465,2.93,0.0113257,0.0154073,0.0233463,62.2114,0
mink,,1466,2.932,0.0113247,0.0154068,0.0231355,62.3136,0
mink,,1467,2.934,0.0113237,0.0154063,0.0229245,62.415,0
mink,,1468,2.936,0.0113226,0.0154057,0.0227132,62.5155,0
mink,,1469,2.938,0.0113215,0.0154052,0.0225016,62.615,0
mink,,1470,2.94,0.0113203,0.0154047,0.0222899,62.7137,0
mink,,1471,2.942,0.0113191,0.0154041,0.0220779,62.8115,0
mink,,1472,2.944,0.0113179,0.0154036,0.0218657,62.9083,0
mink,,1473,2.946,0.0113166,0.0154031,0.0216533,63.0042,0
mink,,1474,2.948,0.0113153,0.0154026,0.0214408,63.0991,0
mink,,1475,2.95,0.0113139,0.0154021,0.021228,63.1931,0
mink,,1476,2.952,0.0113125,0.0154016,0.0210151,63.2861,0
mink,,1477,2.954,0.0113111,0.0154012,0.020802,63.3782,0
mink,,1478,2.956,0.0113096,0.0154007,0.0205888,63.4692,0
mink,,1479,2.958,0.0113081,0.0154002,0.0203754,63.5592,0
mink,,1480,2.96,0.0113065,0.0153997,0.0201619,63.6482,0
mink,,1481,2.962,0.0113049,0.0153993,0.0199483,63.7362,0
mink,,1482,2.964,0.0113032,0.0153988,0.0197345,63.8232,0
mink,,1483,2.966,0.0113015,0.0153984,0.0195207,63.9091,0
mink,,1484,2.968,0.0112998,0.0153979,0.0193067,63.9939,0
mink,,1485,2.97,0.011298,0.0153975,0.0190926,64.0777,0
mink,,1486,2.972,0.0112961,0.0153971,0.0188785,64.1604,0
mink,,1487,2.974,0.0112943,0.0153967,0.0186642,64.242,0
mink,,1488,2.976,0.0112923,0.0153963,0.0184499,64.3225,0
mink,,1489,2.978,0.0112904,0.0153959,0.0182355,64.4019,0
mink,,1490,2.98,0.0112883,0.0153955,0.0180211,64.4802,0
mink,,1491,2.982,0.0112863,0.0153951,0.0178066,64.5574,0
mink,,1492,2.984,0.0112842,0.0153947,0.0175921,64.6335,0
mink,,1493,2.986,0.011282,0.0153943,0.0173775,64.7084,0
mink,,1494,2.988,0.0112798,0.015394,0.0171629,64.7821,0
mink,,1495,2.99,0.0112776,0.0153936,0.0169483,64.8547,0
mink,,1496,2.992,0.0112753,0.0153933,0.0167336,64.9261,0
mink,,1497,2.994,0.0112729,0.0153929,0.016519,64.9963,0
mink,,1498,2.996,0.0112705,0.0153926,0.0163043,65.0654,0
mink,,1499,2.998,0.0112681,0.0153923,0.0160897,65.1332,0
mink,,1500,3.0,0.0112656,0.015392,0.0158751,65.1999,0
mink,,1501,3.002,0.0112631,0.0153917,0.0156604,65.2653,0
mink,,1502,3.004,0.0112605,0.0153914,0.0154458,65.3296,0
mink,,1503,3.006,0.0112578,0.0153911,0.0152312,65.3926,0
mink,,1504,3.008,0.0112552,0.0153908,0.0150167,65.4543,0
mink,,1505,3.01,0.0112524,0.0153905,0.0148022,65.5149,0
mink,,1506,3.012,0.0112496,0.0153903,0.0145877,65.5742,0
mink,,1507,3.014,0.0112468,0.01539,0.0143733,65.6322,0
mink,,1508,3.016,0.0112439,0.0153898,0.0141589,65.689,0
mink,,1509,3.018,0.011241,0.0153896,0.0139446,65.7445,0
mink,,1510,3.02,0.011238,0.0153894,0.0137304,65.7987,0
mink,,1511,3.022,0.011235,0.0153891,0.0135162,65.8516,0
mink,,1512,3.024,0.0112319,0.0153889,0.0133021,65.9033,0
mink,,1513,3.026,0.0112288,0.0153888,0.0130881,65.9537,0
mink,,1514,3.028,0.0112256,0.0153886,0.0128741,66.0027,0
mink,,1515,3.03,0.0112223,0.0153884,0.0126603,66.0505,0
mink,,1516,3.032,0.011219,0.0153883,0.0124465,66.097,0
mink,,1517,3.034,0.0112157,0.0153881,0.0122329,66.1421,0
mink,,1518,3.036,0.0112123,0.015388,0.0120193,66.186,0
mink,,1519,3.038,0.0112089,0.0153879,0.0118058,66.2285,0
mink,,1520,3.04,0.0112054,0.0153878,0.0115925,66.2696,0
mink,,1521,3.042,0.0112018,0.0153877,0.0113792,66.3095,0
mink,,1522,3.044,0.0111982,0.0153876,0.0111661,66.348,0
mink,,1523,3.046,0.0111946,0.0153875,0.010953,66.3852,0
mink,,1524,3.048,0.0111909,0.0153874,0.0107401,66.421,0
mink,,1525,3.05,0.0111871,0.0153874,0.0105273,66.4555,0
mink,,1526,3.052,0.0111833,0.0153873,0.0103147,66.4886,0
mink,,1527,3.054,0.0111795,0.0153873,0.0101022,66.5204,0
mink,,1528,3.056,0.0111756,0.0153873,0.00988977,66.5508,0
mink,,1529,3.058,0.0111716,0.0153873,0.00967751,66.5799,0
mink,,1530,3.06,0.0111676,0.0153873,0.00946538,66.6075,0
mink,,1531,3.062,0.0111635,0.0153873,0.0092534,66.6339,0
mink,,1532,3.064,0.0111594,0.0153873,0.00904156,66.6588,0
mink,,1533,3.066,0.0111552,0.0153874,0.00882986,66.6824,0
mink,,1534,3.068,0.011151,0.0153874,0.0086183,66.7046,0
mink,,1535,3.07,0.0111467,0.0153875,0.0084069,66.7255,0
mink,,1536,3.072,0.0111424,0.0153876,0.00819564,66.7449,0
mink,,1537,3.074,0.011138,0.0153877,0.0081801,66.763,0
mink,,1538,3.076,0.0111336,0.0153878,0.00830094,66.7797,0
mink,,1539,3.078,0.0111291,0.0153879,0.0084217,66.795,0
mink,,1540,3.08,0.0111246,0.015388,0.00854235,66.809,0
mink,,1541,3.082,0.01112,0.0153882,0.00866292,66.8215,0
mink,,1542,3.084,0.0111154,0.0153883,0.00878339,66.8327,0
mink,,1543,3.086,0.0111107,0.0153885,0.00890376,66.8425,0
mink,,1544,3.088,0.011106,0.0153887,0.00902404,66.8509,0
mink,,1545,3.09,0.0111012,0.0153889,0.00914422,66.8579,0
mink,,1546,3.092,0.0110963,0.0153891,0.0092643,66.8636,0
mink,,1547,3.094,0.0110914,0.0153893,0.00938428,66.8678,0
mink,,1548,3.096,0.0110865,0.0153895,0.00950417,66.8707,0
mink,,1549,3.098,0.0110815,0.0153898,0.00962395,66.8722,0
mink,,1550,3.1,0.0110765,0.0153901,0.00974364,66.8723,0
mink,,1551,3.102,0.0110714,0.0153903,0.00986322,66.8711,0
mink,,1552,3.104,0.0110662,0.0153906,0.00998271,66.8684,0
mink,,1553,3.106,0.011061,0.0153909,0.0101021,66.8644,0
mink,,1554,3.108,0.0110558,0.0153912,0.0102214,66.859,0
mink,,1555,3.11,0.0110505,0.0153916,0.0103406,66.8522,0
mink,,1556,3.112,0.0110452,0.0153919,0.0104596,66.8441,0
mink,,1557,3.114,0.0110398,0.0153923,0.0105786,66.8346,0
mink,,1558,3.116,0.0110343,0.0153927,0.0106975,66.8237,0
mink,,1559,3.118,0.0110289,0.0153931,0.0108163,66.8115,0
mink,,1560,3.12,0.0110233,0.0153935,0.0109349,66.7979,0
mink,,1561,3.122,0.0110177,0.0153939,0.0110535,66.7829,0
mink,,1562,3.124,0.0110121,0.0153943,0.011172,66.7666,0
mink,,1563,3.126,0.0110064,0.0153948,0.0112903,66.7489,0
mink,,1564,3.128,0.0110007,0.0153952,0.0114086,66.7299,0
mink,,1565,3.13,0.0109949,0.0153957,0.0115267,66.7095,0
mink,,1566,3.132,0.0109891,0.0153962,0.0116448,66.6878,0
mink,,1567,3.134,0.0109832,0.0153967,0.0117627,66.6647,0
mink,,1568,3.136,0.0109773,0.0153972,0.0118806,66.6404,0
mink,,1569,3.138,0.0109713,0.0153977,0.0119983,66.6146,0
mink,,1570,3.14,0.0109653,0.0153983,0.0121159,66.5876,0
mink,,1571,3.142,0.0109593,0.0153988,0.0122335,66.5592,0
mink,,1572,3.144,0.0109532,0.0153994,0.0123509,66.5295,0
mink,,1573,3.146,0.010947,0.0154,0.0124682,66.4985,0
mink,,1574,3.148,0.0109409,0.0154006,0.0125854,66.4662,0
mink,,1575,3.15,0.0109346,0.0154012,0.0127026,66.4326,0
mink,,1576,3.152,0.0109283,0.0154019,0.0128196,66.3977,0
mink,,1577,3.154,0.010922,0.0154025,0.0129365,66.3615,0
mink,,1578,3.156,0.0109157,0.0154032,0.0130533,66.324,0
mink,,1579,3.158,0.0109093,0.0154038,0.01317,66.2853,0
mink,,1580,3.16,0.0109028,0.0154045,0.0132866,66.2452,0
mink,,1581,3.162,0.0108963,0.0154052,0.0134031,66.2039,0
mink,,1582,3.164,0.0108898,0.015406,0.0135195,66.1613,0
mink,,1583,3.166,0.0108832,0.0154067,0.0136357,66.1175,0
mink,,1584,3.168,0.0108766,0.0154074,0.0137519,66.0724,0
mink,,1585,3.17,0.0108699,0.0154082,0.013868,66.0261,0
mink,,1586,3.172,0.0108633,0.015409,0.013984,65.9785,0
mink,,1587,3.174,0.0108565,0.0154098,0.0140998,65.9297,0
mink,,1588,3.176,0.0108497,0.0154106,0.0142156,65.8796,0
mink,,1589,3.178,0.0108429,0.0154114,0.0143312,65.8284,0
mink,,1590,3.18,0.0108361,0.0154122,0.0144468,65.7759,0
mink,,1591,3.182,0.0108292,0.0154131,0.0145622,65.7223,0
mink,,1592,3.184,0.0108223,0.0154139,0.0146776,65.6674,0
mink,,1593,3.186,0.0108153,0.0154148,0.0147928,65.6113,0
mink,,1594,3.188,0.0108083,0.0154157,0.0149079,65.5541,0
mink,,1595,3.19,0.0108013,0.0154166,0.015023,65.4957,0
mink,,1596,3.192,0.0107942,0.0154175,0.0151379,65.4361,0
mink,,1597,3.194,0.0107871,0.0154184,0.0152527,65.3754,0
mink,,1598,3.196,0.01078,0.0154194,0.0153674,65.3135,0
mink,,1599,3.198,0.0107728,0.0154203,0.015482,65.2504,0
mink,,1600,3.2,0.0107656,0.0154213,0.0155965,65.1863,0
mink,,1601,3.202,0.0107583,0.0154223,0.0157108,65.121,0
mink,,1602,3.204,0.0107511,0.0154233,0.0158251,65.0546,0
mink,,1603,3.206,0.0107438,0.0154243,0.0159392,64.987,0
mink,,1604,3.208,0.0107364,0.0154253,0.0160533,64.9184,0
mink,,1605,3.21,0.0107291,0.0154264,0.0161672,64.8487,0
mink,,1606,3.212,0.0107217,0.0154274,0.0162811,64.7779,0
mink,,1607,3.214,0.0107142,0.0154285,0.0163948,64.706,0
mink,,1608,3.216,0.0107068,0.0154296,0.0165084,64.6331,0
mink,,1609,3.218,0.0106993,0.0154307,0.0166218,64.5591,0
mink,,1610,3.22,0.0106918,0.0154318,0.0167352,64.484,0
mink,,1611,3.222,0.0106842,0.0154329,0.0168485,64.4079,0
mink,,1612,3.224,0.0106767,0.015434,0.0169616,64.3308,0
mink,,1613,3.226,0.0106691,0.0154352,0.0170746,64.2527,0
mink,,1614,3.228,0.0106614,0.0154363,0.0171875,64.1735,0
mink,,1615,3.23,0.0106538,0.0154375,0.0173003,64.0934,0
mink,,1616,3.232,0.0106461,0.0154387,0.017413,64.0122,0
mink,,1617,3.234,0.0106384,0.0154399,0.0175255,63.9301,0
mink,,1618,3.236,0.0106307,0.0154411,0.017638,63.847,0
mink,,1619,3.238,0.0106229,0.0154423,0.0177503,63.7629,0
mink,,1620,3.24,0.0106152,0.0154435,0.0178625,63.6779,0
mink,,1621,3.242,0.0106074,0.0154448,0.0179745,63.5919,0
mink,,1622,3.244,0.0105996,0.015446,0.0180864,63.505,0
mink,,1623,3.246,0.0105917,0.0154473,0.0181982,63.4172,0
mink,,1624,3.248,0.0105839,0.0154486,0.0183099,63.3285,0
mink,,1625,3.25,0.010576,0.0154498,0.0184215,63.2388,0
mink,,1626,3.252,0.0105681,0.0154511,0.0185329,63.1483,0
mink,,1627,3.254,0.0105602,0.0154525,0.0186442,63.0569,0
mink,,1628,3.256,0.0105523,0.0154538,0.0187553,62.9646,0
mink,,1629,3.258,0.0105443,0.0154551,0.0188663,62.8714,0
mink,,1630,3.26,0.0105363,0.0154565,0.0189772,62.7774,0
mink,,1631,3.262,0.0105284,0.0154578,0.0190879,62.6826,0
mink,,1632,3.264,0.0105204,0.0154592,0.0191985,62.5869,0
mink,,1633,3.266,0.0105124,0.0154605,0.019309,62.4904,0
mink,,1634,3.268,0.0105043,0.0154619,0.0194193,62.3931,0
mink,,1635,3.27,0.0104963,0.0154633,0.0195295,62.2949,0
mink,,1636,3.272,0.0104882,0.0154647,0.0196395,62.196,0
mink,,1637,3.274,0.0104802,0.0154662,0.0197494,62.0963,0
mink,,1638,3.276,0.0104721,0.0154676,0.0198591,61.9959,0
mink,,1639,3.278,0.010464,0.015469,0.0199687,61.8947,0
mink,,1640,3.28,0.0104559,0.0154705,0.0200781,61.7927,0
mink,,1641,3.282,0.0104478,0.0154719,0.0201873,61.69,0
mink,,1642,3.284,0.0104396,0.0154734,0.0202964,61.5865,0
mink,,1643,3.286,0.0104315,0.0154748,0.0204054,61.4824,0
mink,,1644,3.288,0.0104234,0.0154763,0.0205142,61.3775,0
mink,,1645,3.29,0.0104152,0.0154778,0.0206228,61.272,0
mink,,1646,3.292,0.0104071,0.0154793,0.0207312,61.1657,0
mink,,1647,3.294,0.0103989,0.0154808,0.0208395,61.0588,0
mink,,1648,3.296,0.0103907,0.0154823,0.0209476,60.9512,0
mink,,1649,3.298,0.0103825,0.0154839,0.0210556,60.843,0
mink,,1650,3.3,0.0103744,0.0154854,0.0211633,60.7341,0
mink,,1651,3.302,0.0103662,0.0154869,0.0212709,60.6246,0
mink,,1652,3.304,0.010358,0.0154885,0.0213783,60.5145,0
mink,,1653,3.306,0.0103498,0.01549,0.0214855,60.4038,0
mink,,1654,3.308,0.0103416,0.0154916,0.0215926,60.2925,0
mink,,1655,3.31,0.0103334,0.0154932,0.0216994,60.1805,0
mink,,1656,3.312,0.0103252,0.0154947,0.0218061,60.068,0
mink,,1657,3.314,0.010317,0.0154963,0.0219126,59.955,0
mink,,1658,3.316,0.0103088,0.0154979,0.0220188,59.8413,0
mink,,1659,3.318,0.0103006,0.0154995,0.0221249,59.7272,0
mink,,1660,3.32,0.0102924,0.0155011,0.0222308,59.6125,0
mink,,1661,3.322,0.0102842,0.0155027,0.0223365,59.4972,0
mink,,1662,3.324,0.010276,0.0155043,0.0224419,59.3815,0
mink,,1663,3.326,0.0102678,0.0155059,0.0225472,59.2652,0
mink,,1664,3.328,0.0102597,0.0155076,0.0226523,59.1485,0
mink,,1665,3.33,0.0102515,0.0155092,0.0227571,59.0313,0
mink,,1666,3.332,0.0102433,0.0155108,0.0228617,58.9136,0
mink,,1667,3.334,0.0102351,0.0155125,0.0229661,58.7954,0
mink,,1668,3.336,0.010227,0.0155141,0.0230703,58.6768,0
mink,,1669,3.338,0.0102188,0.0155158,0.0231743,58.5577,0
mink,,1670,3.34,0.0102106,0.0155174,0.023278,58.4382,0
mink,,1671,3.342,0.0102025,0.0155191,0.0233815,58.3183,0
mink,,1672,3.344,0.0101944,0.0155208,0.0234848,58.198,0
mink,,1673,3.346,0.0101862,0.0155224,0.0235878,58.0773,0
mink,,1674,3.348,0.0101781,0.0155241,0.0236906,57.9562,0
mink,,1675,3.35,0.01017,0.0155258,0.0237932,57.8347,0
mink,,1676,3.352,0.0101619,0.0155275,0.0238955,57.7128,0
mink,,1677,3.354,0.0101538,0.0155292,0.0239976,57.5906,0
mink,,1678,3.356,0.0101457,0.0155308,0.0240994,57.468,0
mink,,1679,3.358,0.0101377,0.0155325,0.0242009,57.3451,0
mink,,1680,3.36,0.0101296,0.0155342,0.0243023,57.2219,0
mink,,1681,3.362,0.0101216,0.0155359,0.0244033,57.0983,0
mink,,1682,3.364,0.0101135,0.0155376,0.0245041,56.9745,0
mink,,1683,3.366,0.0101055,0.0155393,0.0246046,56.8503,0
mink,,1684,3.368,0.0100975,0.015541,0.0247049,56.7258,0
mink,,1685,3.37,0.0100895,0.0155427,0.0248049,56.6011,0
mink,,1686,3.372,0.0100816,0.0155444,0.0249046,56.4761,0
mink,,1687,3.374,0.0100736,0.0155461,0.025004,56.3508,0
mink,,1688,3.376,0.0100657,0.0155479,0.0251032,56.2253,0
mink,,1689,3.378,0.0100578,0.0155496,0.025202,56.0995,0
mink,,1690,3.38,0.0100499,0.0155513,0.0253006,55.9735,0
mink,,1691,3.382,0.010042,0.015553,0.0253989,55.8473,0
mink,,1692,3.384,0.0100341,0.0155547,0.0254969,55.7209,0
mink,,1693,3.386,0.0100263,0.0155564,0.0255946,55.5942,0
mink,,1694,3.388,0.0100184,0.0155581,0.0256921,55.4674,0
mink,,1695,3.39,0.0100106,0.0155599,0.0257892,55.3403,0
mink,,1696,3.392,0.0100028,0.0155616,0.025886,55.2131,0
mink,,1697,3.394,0.00999508,0.0155633,0.0259825,55.0858,0
mink,,1698,3.396,0.00998734,0.015565,0.0260787,54.9582,0
mink,,1699,3.398,0.00997962,0.0155667,0.0261746,54.8305,0
mink,,1700,3.4,0.00997192,0.0155684,0.0262702,54.7027,0
mink,,1701,3.402,0.00996425,0.0155702,0.0263654,54.5747,0
mink,,1702,3.404,0.00995659,0.0155719,0.0264603,54.4466,0
mink,,1703,3.406,0.00994896,0.0155736,0.0265549,54.3184,0
mink,,1704,3.408,0.00994136,0.0155753,0.0266492,54.1901,0
mink,,1705,3.41,0.00993378,0.015577,0.0267432,54.0617,0
mink,,1706,3.412,0.00992622,0.0155787,0.0268368,53.9332,0
mink,,1707,3.414,0.00991869,0.0155804,0.0269301,53.8046,0
mink,,1708,3.416,0.00991119,0.0155821,0.027023,53.6759,0
mink,,1709,3.418,0.00990371,0.0155838,0.0271156,53.5472,0
mink,,1710,3.42,0.00989626,0.0155855,0.0272079,53.4184,0
mink,,1711,3.422,0.00988883,0.0155872,0.0272998,53.2896,0
mink,,1712,3.424,0.00988144,0.0155889,0.0273914,53.1607,0
mink,,1713,3.426,0.00987407,0.0155906,0.0274826,53.0317,0
mink,,1714,3.428,0.00986672,0.0155923,0.0275735,52.9028,0
mink,,1715,3.43,0.00985941,0.015594,0.027664,52.7738,0
mink,,1716,3.432,0.00985212,0.0155957,0.0277541,52.6448,0
mink,,1717,3.434,0.00984487,0.0155974,0.0278439,52.5158,0
mink,,1718,3.436,0.00983764,0.0155991,0.0279333,52.3868,0
mink,,1719,3.438,0.00983044,0.0156007,0.0280224,52.2578,0
mink,,1720,3.44,0.00982328,0.0156024,0.0281111,52.1289,0
mink,,1721,3.442,0.00981614,0.0156041,0.0281994,51.9999,0
mink,,1722,3.444,0.00980904,0.0156058,0.0282873,51.871,0
mink,,1723,3.446,0.00980196,0.0156074,0.0283749,51.7422,0
mink,,1724,3.448,0.00979492,0.0156091,0.0284621,51.6133,0
mink,,1725,3.45,0.00978791,0.0156107,0.0285489,51.4845,0
mink,,1726,3.452,0.00978093,0.0156124,0.0286353,51.3558,0
mink,,1727,3.454,0.00977398,0.015614,0.0287214,51.2272,0
mink,,1728,3.456,0.00976706,0.0156157,0.028807,51.0986,0
mink,,1729,3.458,0.00976018,0.0156173,0.0288923,50.9701,0
mink,,1730,3.46,0.00975333,0.0156189,0.0289771,50.8417,0
mink,,1731,3.462,0.00974652,0.0156206,0.0290616,50.7133,0
mink,,1732,3.464,0.00973973,0.0156222,0.0291457,50.5851,0
mink,,1733,3.466,0.00973299,0.0156238,0.0292294,50.457,0
mink,,1734,3.468,0.00972627,0.0156254,0.0293126,50.3289,0
mink,,1735,3.47,0.00971959,0.015627,0.0293955,50.201,0
mink,,1736,3.472,0.00971295,0.0156286,0.029478,50.0732,0
mink,,1737,3.474,0.00970634,0.0156302,0.0295601,49.9456,0
mink,,1738,3.476,0.00969976,0.0156318,0.0296417,49.8181,0
mink,,1739,3.478,0.00969322,0.0156333,0.029723,49.6907,0
mink,,1740,3.48,0.00968672,0.0156349,0.0298038,49.5634,0
mink,,1741,3.482,0.00968025,0.0156365,0.0298848,49.4363,0
mink,,1742,3.484,0.00967381,0.0156381,0.0300233,49.3094,0
mink,,1743,3.486,0.00966742,0.0156396,0.030161,49.1826,0
mink,,1744,3.488,0.00966105,0.0156412,0.030298,49.056,0
mink,,1745,3.49,0.00965473,0.0156427,0.0304343,48.9295,0
mink,,1746,3.492,0.00964844,0.0156442,0.0305697,48.8033,0
mink,,1747,3.494,0.00964219,0.0156458,0.0307044,48.6772,0
mink,,1748,3.496,0.00963598,0.0156473,0.0308384,48.5513,0
mink,,1749,3.498,0.0096298,0.0156488,0.0309716,48.4256,0
mink,,1750,3.5,0.00962366,0.0156503,0.031104,48.3001,0
mink,,1751,3.502,0.00961756,0.0156518,0.0312356,48.1747,0
mink,,1752,3.504,0.00961149,0.0156533,0.0313665,48.0496,0
mink,,1753,3.506,0.00960546,0.0156548,0.0314966,47.9247,0
mink,,1754,3.508,0.00959947,0.0156562,0.0316259,47.8,0
mink,,1755,3.51,0.00959352,0.0156577,0.0317545,47.6756,0
mink,,1756,3.512,0.0095876,0.0156592,0.0318822,47.5513,0
mink,,1757,3.514,0.00958173,0.0156606,0.0320092,47.4273,0
mink,,1758,3.516,0.00957589,0.0156621,0.0321354,47.3035,0
mink,,1759,3.518,0.00957009,0.0156635,0.0322608,47.1799,0
mink,,1760,3.52,0.00956433,0.0156649,0.0323855,47.0566,0
mink,,1761,3.522,0.00955861,0.0156663,0.0325093,46.9335,0
mink,,1762,3.524,0.00955292,0.0156678,0.0326324,46.8107,0
mink,,1763,3.526,0.00954728,0.0156692,0.0327546,46.6881,0
mink,,1764,3.528,0.00954167,0.0156706,0.0328761,46.5658,0
mink,,1765,3.53,0.0095361,0.0156719,0.0329968,46.4437,0
mink,,1766,3.532,0.00953057,0.0156733,0.0331167,46.3219,0
mink,,1767,3.534,0.00952508,0.0156747,0.0332358,46.2004,0
mink,,1768,3.536,0.00951963,0.015676,0.033354,46.0791,0
mink,,1769,3.538,0.00951421,0.0156774,0.0334715,45.9581,0
mink,,1770,3.54,0.00950884,0.0156787,0.0335882,45.8374,0
mink,,1771,3.542,0.0095035,0.0156801,0.0337041,45.7169,0
mink,,1772,3.544,0.00949821,0.0156814,0.0338192,45.5967,0
mink,,1773,3.546,0.00949295,0.0156827,0.0339335,45.4768,0
mink,,1774,3.548,0.00948773,0.015684,0.0340471,45.3572,0
mink,,1775,3.55,0.00948255,0.0156853,0.0341598,45.2379,0
mink,,1776,3.552,0.00947741,0.0156866,0.0342717,45.1189,0
mink,,1777,3.554,0.00947231,0.0156879,0.0343828,45.0002,0
mink,,1778,3.556,0.00946725,0.0156891,0.0344931,44.8817,0
mink,,1779,3.558,0.00946222,0.0156904,0.0346026,44.7636,0
mink,,1780,3.56,0.00945724,0.0156917,0.0347113,44.6458,0
mink,,1781,3.562,0.0094523,0.0156929,0.0348192,44.5283,0
mink,,1782,3.564,0.00944739,0.0156941,0.0349263,44.4111,0
mink,,1783,3.566,0.00944252,0.0156953,0.0350326,44.2942,0
mink,,1784,3.568,0.00943769,0.0156966,0.0351381,44.1776,0
mink,,1785,3.57,0.00943291,0.0156978,0.0352428,44.0613,0
mink,,1786,3.572,0.00942815,0.015699,0.0353467,43.9453,0
mink,,1787,3.574,0.00942344,0.0157001,0.0354498,43.8297,0
mink,,1788,3.576,0.00941877,0.0157013,0.0355521,43.7144,0
mink,,1789,3.578,0.00941414,0.0157025,0.0356536,43.5994,0
mink,,1790,3.58,0.00940954,0.0157036,0.0357543,43.4847,0
mink,,1791,3.582,0.00940498,0.0157048,0.0358543,43.3704,0
mink,,1792,3.584,0.00940047,0.0157059,0.0359534,43.2564,0
mink,,1793,3.586,0.00939599,0.015707,0.0360517,43.1427,0
mink,,1794,3.588,0.00939154,0.0157081,0.0361493,43.0293,0
mink,,1795,3.59,0.00938714,0.0157092,0.036246,42.9163,0
mink,,1796,3.592,0.00938278,0.0157103,0.036342,42.8036,0
mink,,1797,3.594,0.00937845,0.0157114,0.0364371,42.6913,0
mink,,1798,3.596,0.00937416,0.0157125,0.0365315,42.5793,0
mink,,1799,3.598,0.00936991,0.0157135,0.0366251,42.4676,0
mink,,1800,3.6,0.0093657,0.0157146,0.0367179,42.3563,0
mink,,1801,3.602,0.00936152,0.0157156,0.03681,42.2453,0
mink,,1802,3.604,0.00935738,0.0157167,0.0369012,42.1347,0
mink,,1803,3.606,0.00935328,0.0157177,0.0369917,42.0244,0
mink,,1804,3.608,0.00934922,0.0157187,0.0370814,41.9145,0
mink,,1805,3.61,0.0093452,0.0157197,0.0371703,41.8049,0
mink,,1806,3.612,0.00934121,0.0157207,0.0372584,41.6956,0
mink,,1807,3.614,0.00933726,0.0157216,0.0373458,41.5867,0
mink,,1808,3.616,0.00933334,0.0157226,0.0374324,41.4782,0
mink,,1809,3.618,0.00932947,0.0157236,0.0375182,41.37,0
mink,,1810,3.62,0.00932563,0.0157245,0.0376033,41.2621,0
mink,,1811,3.622,0.00932182,0.0157255,0.0376876,41.1546,0
mink,,1812,3.624,0.00931805,0.0157264,0.0377711,41.0475,0
mink,,1813,3.626,0.00931432,0.0157273,0.0378539,40.9407,0
mink,,1814,3.628,0.00931063,0.0157282,0.0379359,40.8343,0
mink,,1815,3.63,0.00930697,0.0157291,0.0380171,40.7282,0
mink,,1816,3.632,0.00930335,0.01573,0.0380976,40.6225,0
mink,,1817,3.634,0.00929976,0.0157308,0.0381774,40.5171,0
mink,,1818,3.636,0.00929621,0.0157317,0.0382564,40.4121,0
mink,,1819,3.638,0.00929269,0.0157326,0.0383346,40.3075,0
mink,,1820,3.64,0.00928921,0.0157334,0.0384121,40.2032,0
mink,,1821,3.642,0.00928577,0.0157342,0.0384889,40.0993,0
mink,,1822,3.644,0.00928236,0.0157351,0.0385649,39.9957,0
mink,,1823,3.646,0.00927898,0.0157359,0.0386402,39.8925,0
mink,,1824,3.648,0.00927564,0.0157367,0.0387147,39.7897,0
mink,,1825,3.65,0.00927233,0.0157374,0.0387885,39.6872,0
mink,,1826,3.652,0.00926906,0.0157382,0.0388616,39.5851,0
mink,,1827,3.654,0.00926582,0.015739,0.038934,39.4833,0
mink,,1828,3.656,0.00926262,0.0157397,0.0390056,39.3819,0
mink,,1829,3.658,0.00925945,0.0157405,0.0390765,39.2809,0
mink,,1830,3.66,0.00925631,0.0157412,0.0391467,39.1802,0
mink,,1831,3.662,0.00925321,0.0157419,0.0392162,39.0799,0
mink,,1832,3.664,0.00925014,0.0157427,0.0392849,38.98,0
mink,,1833,3.666,0.0092471,0.0157434,0.039353,38.8804,0
mink,,1834,3.668,0.0092441,0.0157441,0.0394203,38.7812,0
mink,,1835,3.67,0.00924113,0.0157447,0.039487,38.6823,0
mink,,1836,3.672,0.00923819,0.0157454,0.0395529,38.5838,0
mink,,1837,3.674,0.00923528,0.0157461,0.0396182,38.4856,0
mink,,1838,3.676,0.00923241,0.0157467,0.0396827,38.3879,0
mink,,1839,3.678,0.00922956,0.0157474,0.0397466,38.2904,0
mink,,1840,3.68,0.00922675,0.015748,0.0398097,38.1934,0
mink,,1841,3.682,0.00922398,0.0157486,0.0398722,38.0967,0
mink,,1842,3.684,0.00922123,0.0157492,0.039934,38.0003,0
mink,,1843,3.686,0.00921851,0.0157498,0.0399951,37.9044,0
mink,,1844,3.688,0.00921583,0.0157504,0.0400556,37.8087,0
mink,,1845,3.69,0.00921317,0.015751,0.0401153,37.7135,0
mink,,1846,3.692,0.00921055,0.0157515,0.0401744,37.6186,0
mink,,1847,3.694,0.00920796,0.0157521,0.0402329,37.524,0
mink,,1848,3.696,0.0092054,0.0157526,0.0402906,37.4298,0
mink,,1849,3.698,0.00920286,0.0157532,0.0403477,37.336,0
mink,,1850,3.7,0.00920036,0.0157537,0.0404042,37.2425,0
mink,,1851,3.702,0.00919789,0.0157542,0.04046,37.1494,0
mink,,1852,3.704,0.00919544,0.0157547,0.0405151,37.0567,0
mink,,1853,3.706,0.00919303,0.0157552,0.0405696,36.9643,0
mink,,1854,3.708,0.00919064,0.0157557,0.0406235,36.8722,0
mink,,1855,3.71,0.00918829,0.0157561,0.0406767,36.7805,0
mink,,1856,3.712,0.00918596,0.0157566,0.0407292,36.6892,0
mink,,1857,3.714,0.00918366,0.0157571,0.0407812,36.5982,0
mink,,1858,3.716,0.00918139,0.0157575,0.0408325,36.5076,0
mink,,1859,3.718,0.00917914,0.0157579,0.0408832,36.4173,0
mink,,1860,3.72,0.00917693,0.0157583,0.0409332,36.3274,0
mink,,1861,3.722,0.00917474,0.0157588,0.0409826,36.2378,0
mink,,1862,3.724,0.00917258,0.0157592,0.0410315,36.1486,0
mink,,1863,3.726,0.00917045,0.0157595,0.0410797,36.0597,0
mink,,1864,3.728,0.00916834,0.0157599,0.0411273,35.9712,0
mink,,1865,3.73,0.00916626,0.0157603,0.0411742,35.883,0
mink,,1866,3.732,0.00916421,0.0157606,0.0412206,35.7952,0
mink,,1867,3.734,0.00916218,0.015761,0.0412664,35.7077,0
mink,,1868,3.736,0.00916018,0.0157613,0.0413116,35.6205,0
mink,,1869,3.738,0.0091582,0.0157616,0.0413562,35.5337,0
mink,,1870,3.74,0.00915625,0.015762,0.0414002,35.4473,0
mink,,1871,3.742,0.00915433,0.0157623,0.0414436,35.3612,0
mink,,1872,3.744,0.00915243,0.0157626,0.0414864,35.2754,0
mink,,1873,3.746,0.00915056,0.0157629,0.0415287,35.19,0
mink,,1874,3.748,0.00914871,0.0157631,0.0415704,35.1049,0
mink,,1875,3.75,0.00914689,0.0157634,0.0416115,35.0201,0
mink,,1876,3.752,0.00914509,0.0157637,0.041652,34.9357,0
mink,,1877,3.754,0.00914331,0.0157639,0.041692,34.8517,0
mink,,1878,3.756,0.00914156,0.0157641,0.0417314,34.7679,0
mink,,1879,3.758,0.00913983,0.0157644,0.0417702,34.6846,0
mink,,1880,3.76,0.00913813,0.0157646,0.0418085,34.6015,0
mink,,1881,3.762,0.00913645,0.0157648,0.0418463,34.5188,0
mink,,1882,3.764,0.00913479,0.015765,0.0418834,34.4364,0
mink,,1883,3.766,0.00913316,0.0157652,0.0419201,34.3543,0
mink,,1884,3.768,0.00913154,0.0157653,0.0419562,34.2726,0
mink,,1885,3.77,0.00912995,0.0157655,0.0419918,34.1912,0
mink,,1886,3.772,0.00912839,0.0157657,0.0420268,34.1101,0
mink,,1887,3.774,0.00912684,0.0157658,0.0420613,34.0294,0
mink,,1888,3.776,0.00912532,0.0157659,0.0420953,33.949,0
mink,,1889,3.778,0.00912382,0.0157661,0.0421287,33.8689,0
mink,,1890,3.78,0.00912234,0.0157662,0.0421616,33.7891,0
mink,,1891,3.782,0.00912088,0.0157663,0.042194,33.7097,0
mink,,1892,3.784,0.00911944,0.0157664,0.0422259,33.6306,0
mink,,1893,3.786,0.00911802,0.0157665,0.0422573,33.5518,0
mink,,1894,3.788,0.00911663,0.0157666,0.0422882,33.4733,0
mink,,1895,3.79,0.00911525,0.0157666,0.0423185,33.3951,0
mink,,1896,3.792,0.0091139,0.0157667,0.0423484,33.3173,0
mink,,1897,3.794,0.00911256,0.0157667,0.0423777,33.2398,0
mink,,1898,3.796,0.00911124,0.0157668,0.0424066,33.1626,0
mink,,1899,3.798,0.00910995,0.0157668,0.042435,33.0857,0
mink,,1900,3.8,0.00910867,0.0157668,0.0424629,33.0091,0
mink,,1901,3.802,0.00910741,0.0157668,0.0424903,32.9329,0
mink,,1902,3.804,0.00910618,0.0157668,0.0425172,32.8569,0
mink,,1903,3.806,0.00910496,0.0157668,0.0425436,32.7813,0
mink,,1904,3.808,0.00910375,0.0157668,0.0425696,32.706,0
mink,,1905,3.81,0.00910257,0.0157668,0.0425951,32.631,0
mink,,1906,3.812,0.00910141,0.0157668,0.0426201,32.5563,0
mink,,1907,3.814,0.00910026,0.0157667,0.0426447,32.4819,0
mink,,1908,3.816,0.00909913,0.0157667,0.0426688,32.4078,0
mink,,1909,3.818,0.00909802,0.0157666,0.0426924,32.334,0
mink,,1910,3.82,0.00909692,0.0157665,0.0427156,32.2605,0
mink,,1911,3.822,0.00909585,0.0157664,0.0427383,32.1873,0
mink,,1912,3.824,0.00909479,0.0157663,0.0427606,32.1144,0
mink,,1913,3.826,0.00909374,0.0157662,0.0427824,32.0418,0
mink,,1914,3.828,0.00909272,0.0157661,0.0428038,31.9696,0
mink,,1915,3.83,0.00909171,0.015766,0.0428247,31.8976,0
mink,,1916,3.832,0.00909071,0.0157659,0.0428452,31.8259,0
mink,,1917,3.834,0.00908973,0.0157658,0.0428653,31.7545,0
mink,,1918,3.836,0.00908877,0.0157656,0.042885,31.6834,0
mink,,1919,3.838,0.00908782,0.0157655,0.0429042,31.6126,0
mink,,1920,3.84,0.00908689,0.0157653,0.0429229,31.5421,0
mink,,1921,3.842,0.00908598,0.0157651,0.0429413,31.4718,0
mink,,1922,3.844,0.00908507,0.0157649,0.0429593,31.4019,0
mink,,1923,3.846,0.00908419,0.0157647,0.0429768,31.3322,0
mink,,1924,3.848,0.00908332,0.0157645,0.0429939,31.2629,0
mink,,1925,3.85,0.00908246,0.0157643,0.0430106,31.1938,0
mink,,1926,3.852,0.00908162,0.0157641,0.0430269,31.125,0
mink,,1927,3.854,0.00908079,0.0157639,0.0430428,31.0565,0
mink,,1928,3.856,0.00907997,0.0157637,0.0430582,30.9883,0
mink,,1929,3.858,0.00907917,0.0157634,0.0430733,30.9203,0
mink,,1930,3.86,0.00907838,0.0157632,0.043088,30.8527,0
mink,,1931,3.862,0.00907761,0.0157629,0.0431023,30.7853,0
mink,,1932,3.864,0.00907685,0.0157626,0.0431162,30.7182,0
mink,,1933,3.866,0.0090761,0.0157623,0.0431297,30.6514,0
mink,,1934,3.868,0.00907536,0.0157621,0.0431429,30.5848,0
mink,,1935,3.87,0.00907464,0.0157618,0.0431556,30.5185,0
mink,,1936,3.872,0.00907393,0.0157615,0.043168,30.4525,0
mink,,1937,3.874,0.00907323,0.0157611,0.04318,30.3868,0
mink,,1938,3.876,0.00907254,0.0157608,0.0431916,30.3213,0
mink,,1939,3.878,0.00907187,0.0157605,0.0432028,30.2561,0
mink,,1940,3.88,0.0090712,0.0157601,0.0432137,30.1912,0
mink,,1941,3.882,0.00907055,0.0157598,0.0432242,30.1265,0
mink,,1942,3.884,0.00906991,0.0157594,0.0432344,30.0621,0
mink,,1943,3.886,0.00906928,0.0157591,0.0432442,29.998,0
mink,,1944,3.888,0.00906867,0.0157587,0.0432536,29.9342,0
mink,,1945,3.89,0.00906806,0.0157583,0.0432627,29.8706,0
mink,,1946,3.892,0.00906746,0.0157579,0.0432714,29.8072,0
mink,,1947,3.894,0.00906688,0.0157575,0.0432797,29.7441,0
mink,,1948,3.896,0.0090663,0.0157571,0.0432878,29.6813,0
mink,,1949,3.898,0.00906574,0.0157567,0.0432954,29.6188,0
mink,,1950,3.9,0.00906518,0.0157563,0.0433028,29.5565,0
mink,,1951,3.902,0.00906463,0.0157559,0.0433098,29.4944,0
mink,,1952,3.904,0.0090641,0.0157554,0.0433164,29.4326,0
mink,,1953,3.906,0.00906357,0.015755,0.0433227,29.3711,0
mink,,1954,3.908,0.00906305,0.0157545,0.0433287,29.3098,0
mink,,1955,3.91,0.00906255,0.0157541,0.0433344,29.2488,0
mink,,1956,3.912,0.00906205,0.0157536,0.0433397,29.188,0
mink,,1957,3.914,0.00906156,0.0157531,0.0433447,29.1274,0
mink,,1958,3.916,0.00906108,0.0157526,0.0433494,29.0671,0
mink,,1959,3.918,0.0090606,0.0157521,0.0433537,29.0071,0
mink,,1960,3.92,0.00906014,0.0157516,0.0433577,28.9473,0
mink,,1961,3.922,0.00905968,0.0157511,0.0433615,28.8878,0
mink,,1962,3.924,0.00905923,0.0157506,0.0433649,28.8284,0
mink,,1963,3.926,0.00905879,0.01575,0.043368,28.7694,0
mink,,1964,3.928,0.00905836,0.0157495,0.0433707,28.7106,0
mink,,1965,3.93,0.00905793,0.015749,0.0433732,28.652,0
mink,,1966,3.932,0.00905752,0.0157484,0.0433754,28.5936,0
mink,,1967,3.934,0.0090571,0.0157479,0.0433773,28.5355,0
mink,,1968,3.936,0.0090567,0.0157473,0.0433788,28.4777,0
mink,,1969,3.938,0.0090563,0.0157467,0.0433801,28.42,0
mink,,1970,3.94,0.00905591,0.0157461,0.0433811,28.3626,0
mink,,1971,3.942,0.00905553,0.0157455,0.0433818,28.3055,0
mink,,1972,3.944,0.00905515,0.0157449,0.0433821,28.2485,0
mink,,1973,3.946,0.00905478,0.0157443,0.0433822,28.1918,0
mink,,1974,3.948,0.00905442,0.0157437,0.0433821,28.1354,0
mink,,1975,3.95,0.00905406,0.0157431,0.0433816,28.0791,0
mink,,1976,3.952,0.00905371,0.0157425,0.0433808,28.0231,0
mink,,1977,3.954,0.00905336,0.0157418,0.0433798,27.9673,0
mink,,1978,3.956,0.00905302,0.0157412,0.0433785,27.9118,0
mink,,1979,3.958,0.00905269,0.0157405,0.0433769,27.8564,0
mink,,1980,3.96,0.00905236,0.0157399,0.043375,27.8013,0
mink,,1981,3.962,0.00905203,0.0157392,0.0433728,27.7464,0
mink,,1982,3.964,0.00905171,0.0157385,0.0433704,27.6918,0
mink,,1983,3.966,0.0090514,0.0157378,0.0433677,27.6373,0
mink,,1984,3.968,0.00905109,0.0157371,0.0433648,27.5831,0
mink,,1985,3.97,0.00905078,0.0157364,0.0433616,27.5291,0
mink,,1986,3.972,0.00905048,0.0157357,0.0433581,27.4753,0
mink,,1987,3.974,0.00905019,0.015735,0.0433543,27.4218,0
mink,,1988,3.976,0.00904989,0.0157343,0.0433503,27.3684,0
mink,,1989,3.978,0.0090496,0.0157336,0.0433461,27.3153,0
mink,,1990,3.98,0.00904932,0.0157328,0.0433416,27.2623,0
mink,,1991,3.982,0.00904904,0.0157321,0.0433368,27.2096,0
mink,,1992,3.984,0.00904876,0.0157313,0.0433318,27.1571,0
mink,,1993,3.986,0.00904849,0.0157306,0.0433265,27.1049,0
mink,,1994,3.988,0.00904822,0.0157298,0.043321,27.0528,0
mink,,1995,3.99,0.00904795,0.0157291,0.0433152,27.0009,0
mink,,1996,3.992,0.00904769,0.0157283,0.0433092,26.9492,0
mink,,1997,3.994,0.00904743,0.0157275,0.0433029,26.8978,0
mink,,1998,3.996,0.00904717,0.0157267,0.0432964,26.8465,0
mink,,1999,3.998,0.00904692,0.0157259,0.0432897,26.7955,0
mink,,2000,4.0,0.00904667,0.0157251,0.0432827,26.7447,0
mink,,2001,4.002,0.00904642,0.0157243,0.0432755,26.694,0
mink,,2002,4.004,0.00904617,0.0157235,0.043268,26.6436,0
mink,,2003,4.006,0.00904593,0.0157226,0.0432603,26.5934,0
mink,,2004,4.008,0.00904568,0.0157218,0.0432524,26.5433,0
mink,,2005,4.01,0.00904544,0.0157209,0.0432443,26.4935,0
mink,,2006,4.012,0.00904521,0.0157201,0.0432359,26.4439,0
mink,,2007,4.014,0.00904497,0.0157192,0.0432273,26.3944,0
mink,,2008,4.016,0.00904474,0.0157184,0.0432185,26.3452,0
mink,,2009,4.018,0.0090445,0.0157175,0.0432094,26.2961,0
mink,,2010,4.02,0.00904427,0.0157166,0.0432002,26.2473,0
mink,,2011,4.022,0.00904404,0.0157157,0.0431907,26.1986,0
mink,,2012,4.024,0.00904381,0.0157148,0.0431809,26.1502,0
mink,,2013,4.026,0.00904358,0.0157139,0.043171,26.1019,0
mink,,2014,4.028,0.00904336,0.015713,0.0431609,26.0538,0
mink,,2015,4.03,0.00904313,0.0157121,0.0431505,26.0059,0
mink,,2016,4.032,0.0090429,0.0157112,0.04314,25.9582,0
mink,,2017,4.034,0.00904268,0.0157103,0.0431292,25.9107,0
mink,,2018,4.036,0.00904246,0.0157094,0.0431182,25.8634,0
mink,,2019,4.038,0.00904223,0.0157084,0.043107,25.8162,0
mink,,2020,4.04,0.00904201,0.0157075,0.0430956,25.7693,0
mink,,2021,4.042,0.00904178,0.0157065,0.043084,25.7225,0
mink,,2022,4.044,0.00904156,0.0157056,0.0430721,25.6759,0
mink,,2023,4.046,0.00904134,0.0157046,0.0430601,25.6295,0
mink,,2024,4.048,0.00904112,0.0157036,0.0430479,25.5833,0
mink,,2025,4.05,0.00904089,0.0157026,0.0430355,25.5372,0
mink,,2026,4.052,0.00904067,0.0157017,0.0430229,25.4914,0
mink,,2027,4.054,0.00904044,0.0157007,0.0430101,25.4457,0
mink,,2028,4.056,0.00904022,0.0156997,0.042997,25.4002,0
mink,,2029,4.058,0.00903999,0.0156987,0.0429838,25.3549,0
mink,,2030,4.06,0.00903977,0.0156977,0.0429704,25.3097,0
mink,,2031,4.062,0.00903954,0.0156966,0.0429568,25.2647,0
mink,,2032,4.064,0.00903931,0.0156956,0.0429431,25.2199,0
mink,,2033,4.066,0.00903908,0.0156946,0.0429291,25.1753,0
mink,,2034,4.068,0.00903885,0.0156935,0.0429149,25.1309,0
mink,,2035,4.07,0.00903862,0.0156925,0.0429006,25.0866,0
mink,,2036,4.072,0.00903839,0.0156915,0.0428861,25.0425,0
mink,,2037,4.074,0.00903816,0.0156904,0.0428713,24.9986,0
mink,,2038,4.076,0.00903792,0.0156893,0.0428564,24.9548,0
mink,,2039,4.078,0.00903768,0.0156883,0.0428414,24.9112,0
mink,,2040,4.08,0.00903745,0.0156872,0.0428261,24.8678,0
mink,,2041,4.082,0.0090372,0.0156861,0.0428107,24.8245,0
mink,,2042,4.084,0.00903696,0.015685,0.042795,24.7814,0
mink,,2043,4.086,0.00903672,0.0156839,0.0427792,24.7385,0
mink,,2044,4.088,0.00903647,0.0156828,0.0427633,24.6957,0
mink,,2045,4.09,0.00903622,0.0156817,0.0427471,24.6531,0
mink,,2046,4.092,0.00903597,0.0156806,0.0427308,24.6107,0
mink,,2047,4.094,0.00903572,0.0156795,0.0427143,24.5684,0
mink,,2048,4.096,0.00903546,0.0156784,0.0426977,24.5263,0
mink,,2049,4.098,0.0090352,0.0156772,0.0426808,24.4844,0
mink,,2050,4.1,0.00903494,0.0156761,0.0426638,24.4426,0
mink,,2051,4.102,0.00903468,0.015675,0.0426466,24.401,0
mink,,2052,4.104,0.00903441,0.0156738,0.0426293,24.3595,0
mink,,2053,4.106,0.00903414,0.0156727,0.0426118,24.3182,0
mink,,2054,4.108,0.00903387,0.0156715,0.0425941,24.2771,0
mink,,2055,4.11,0.00903359,0.0156703,0.0425763,24.2361,0
mink,,2056,4.112,0.00903331,0.0156692,0.0425583,24.1952,0
mink,,2057,4.114,0.00903303,0.015668,0.0425401,24.1545,0
mink,,2058,4.116,0.00903274,0.0156668,0.0425218,24.114,0
mink,,2059,4.118,0.00903245,0.0156656,0.0425033,24.0736,0
mink,,2060,4.12,0.00903216,0.0156644,0.0424847,24.0334,0
mink,,2061,4.122,0.00903186,0.0156632,0.0424659,23.9934,0
mink,,2062,4.124,0.00903156,0.015662,0.042447,23.9534,0
mink,,2063,4.126,0.00903126,0.0156608,0.0424279,23.9137,0
mink,,2064,4.128,0.00903095,0.0156596,0.0424086,23.8741,0
mink,,2065,4.13,0.00903064,0.0156583,0.0423892,23.8346,0
mink,,2066,4.132,0.00903033,0.0156571,0.0423696,23.7953,0
mink,,2067,4.134,0.00903001,0.0156559,0.0423499,23.7561,0
mink,,2068,4.136,0.00902968,0.0156546,0.04233,23.7171,0
mink,,2069,4.138,0.00902935,0.0156534,0.04231,23.6782,0
mink,,2070,4.14,0.00902902,0.0156521,0.0422898,23.6395,0
mink,,2071,4.142,0.00902868,0.0156509,0.0422695,23.6009,0
mink,,2072,4.144,0.00902834,0.0156496,0.042249,23.5625,0
mink,,2073,4.146,0.009028,0.0156483,0.0422284,23.5242,0
mink,,2074,4.148,0.00902765,0.015647,0.0422077,23.4861,0
mink,,2075,4.15,0.00902729,0.0156458,0.0421868,23.4481,0
mink,,2076,4.152,0.00902693,0.0156445,0.0421657,23.4102,0
mink,,2077,4.154,0.00902657,0.0156432,0.0421445,23.3725,0
mink,,2078,4.156,0.0090262,0.0156419,0.0421232,23.3349,0
mink,,2079,4.158,0.00902582,0.0156406,0.0421017,23.2975,0
mink,,2080,4.16,0.00902544,0.0156393,0.0420801,23.2601,0
mink,,2081,4.162,0.00902506,0.015638,0.0420584,23.223,0
mink,,2082,4.164,0.00902467,0.0156366,0.0420365,23.186,0
mink,,2083,4.166,0.00902427,0.0156353,0.0420144,23.1491,0
mink,,2084,4.168,0.00902387,0.015634,0.0419923,23.1123,0
mink,,2085,4.17,0.00902346,0.0156326,0.04197,23.0757,0
mink,,2086,4.172,0.00902305,0.0156313,0.0419475,23.0392,0
mink,,2087,4.174,0.00902263,0.01563,0.041925,23.0029,0
mink,,2088,4.176,0.00902221,0.0156286,0.0419023,22.9667,0
mink,,2089,4.178,0.00902178,0.0156272,0.0418794,22.9306,0
mink,,2090,4.18,0.00902135,0.0156259,0.0418564,22.8947,0
mink,,2091,4.182,0.0090209,0.0156245,0.0418333,22.8589,0
mink,,2092,4.184,0.00902046,0.0156231,0.0418101,22.8232,0
mink,,2093,4.186,0.00902001,0.0156218,0.0417867,22.7876,0
mink,,2094,4.188,0.00901955,0.0156204,0.0417632,22.7522,0
mink,,2095,4.19,0.00901908,0.015619,0.0417396,22.7169,0
mink,,2096,4.192,0.00901861,0.0156176,0.0417159,22.6818,0
mink,,2097,4.194,0.00901813,0.0156162,0.041692,22.6468,0
mink,,2098,4.196,0.00901765,0.0156148,0.041668,22.6119,0
mink,,2099,4.198,0.00901716,0.0156134,0.0416438,22.5771,0
mink,,2100,4.2,0.00901666,0.015612,0.0416196,22.5424,0
mink,,2101,4.202,0.00901616,0.0156105,0.0415952,22.5079,0
mink,,2102,4.204,0.00901565,0.0156091,0.0415707,22.4735,0
mink,,2103,4.206,0.00901514,0.0156077,0.0415461,22.4393,0
mink,,2104,4.208,0.00901461,0.0156062,0.0415213,22.4051,0
mink,,2105,4.21,0.00901408,0.0156048,0.0414964,22.3711,0
mink,,2106,4.212,0.00901355,0.0156034,0.0414714,22.3372,0
mink,,2107,4.214,0.00901301,0.0156019,0.0414463,22.3034,0
mink,,2108,4.216,0.00901246,0.0156005,0.0414211,22.2698,0
mink,,2109,4.218,0.0090119,0.015599,0.0413957,22.2363,0
mink,,2110,4.22,0.00901133,0.0155975,0.0413703,22.2029,0
mink,,2111,4.222,0.00901076,0.0155961,0.0413447,22.1696,0
mink,,2112,4.224,0.00901018,0.0155946,0.041319,22.1364,0
mink,,2113,4.226,0.0090096,0.0155931,0.0412931,22.1034,0
mink,,2114,4.228,0.00900901,0.0155916,0.0412672,22.0704,0
mink,,2115,4.23,0.00900841,0.0155901,0.0412411,22.0376,0
mink,,2116,4.232,0.0090078,0.0155886,0.041215,22.0049,0
mink,,2117,4.234,0.00900718,0.0155871,0.0411887,21.9724,0
mink,,2118,4.236,0.00900656,0.0155856,0.0411623,21.9399,0
mink,,2119,4.238,0.00900593,0.0155841,0.0411358,21.9076,0
mink,,2120,4.24,0.00900529,0.0155826,0.0411091,21.8754,0
mink,,2121,4.242,0.00900465,0.0155811,0.0410824,21.8432,0
mink,,2122,4.244,0.009004,0.0155796,0.0410555,21.8113,0
mink,,2123,4.246,0.00900333,0.015578,0.0410286,21.7794,0
mink,,2124,4.248,0.00900267,0.0155765,0.0410015,21.7476,0
mink,,2125,4.25,0.00900199,0.015575,0.0409743,21.716,0
mink,,2126,4.252,0.00900131,0.0155734,0.040947,21.6844,0
mink,,2127,4.254,0.00900061,0.0155719,0.0409196,21.653,0
mink,,2128,4.256,0.00899991,0.0155703,0.0408921,21.6217,0
mink,,2129,4.258,0.0089992,0.0155688,0.0408645,21.5905,0
mink,,2130,4.26,0.00899849,0.0155672,0.0408368,21.5594,0
mink,,2131,4.262,0.00899776,0.0155656,0.040809,21.5284,0
mink,,2132,4.264,0.00899703,0.0155641,0.040781,21.4975,0
mink,,2133,4.266,0.00899629,0.0155625,0.040753,21.4668,0
mink,,2134,4.268,0.00899554,0.0155609,0.0407248,21.4361,0
mink,,2135,4.27,0.00899478,0.0155593,0.0406966,21.4056,0
mink,,2136,4.272,0.00899401,0.0155577,0.0406682,21.3751,0
mink,,2137,4.274,0.00899324,0.0155562,0.0406398,21.3448,0
mink,,2138,4.276,0.00899246,0.0155546,0.0406112,21.3146,0
mink,,2139,4.278,0.00899166,0.015553,0.0405825,21.2845,0
mink,,2140,4.28,0.00899086,0.0155514,0.0405538,21.2545,0
mink,,2141,4.282,0.00899005,0.0155497,0.0405249,21.2246,0
mink,,2142,4.284,0.00898924,0.0155481,0.0404959,21.1948,0
mink,,2143,4.286,0.00898841,0.0155465,0.0404669,21.1651,0
mink,,2144,4.288,0.00898758,0.0155449,0.0404377,21.1355,0
mink,,2145,4.29,0.00898673,0.0155433,0.0404084,21.106,0
mink,,2146,4.292,0.00898588,0.0155416,0.0403791,21.0766,0
mink,,2147,4.294,0.00898502,0.01554,0.0403496,21.0473,0
mink,,2148,4.296,0.00898414,0.0155384,0.04032,21.0181,0
mink,,2149,4.298,0.00898326,0.0155367,0.0402904,20.9891,0
mink,,2150,4.3,0.00898238,0.0155351,0.0402606,20.9601,0
mink,,2151,4.302,0.00898148,0.0155334,0.0402307,20.9312,0
mink,,2152,4.304,0.00898057,0.0155318,0.0402008,20.9024,0
mink,,2153,4.306,0.00897965,0.0155301,0.0401707,20.8738,0
mink,,2154,4.308,0.00897873,0.0155284,0.0401406,20.8452,0
mink,,2155,4.31,0.00897779,0.0155268,0.0401103,20.8167,0
mink,,2156,4.312,0.00897685,0.0155251,0.04008,20.7883,0
mink,,2157,4.314,0.0089759,0.0155234,0.0400496,20.76,0
mink,,2158,4.316,0.00897493,0.0155217,0.040019,20.7319,0
mink,,2159,4.318,0.00897396,0.01552,0.0399884,20.7038,0
mink,,2160,4.32,0.00897298,0.0155184,0.0399577,20.6758,0
mink,,2161,4.322,0.00897199,0.0155167,0.0399269,20.6479,0
mink,,2162,4.324,0.00897099,0.015515,0.039896,20.6201,0
mink,,2163,4.326,0.00896998,0.0155133,0.039865,20.5924,0
mink,,2164,4.328,0.00896896,0.0155116,0.0398339,20.5648,0
mink,,2165,4.33,0.00896793,0.0155099,0.0398027,20.5373,0
mink,,2166,4.332,0.00896689,0.0155081,0.0397715,20.5099,0
mink,,2167,4.334,0.00896584,0.0155064,0.0397401,20.4826,0
mink,,2168,4.336,0.00896478,0.0155047,0.0397087,20.4553,0
mink,,2169,4.338,0.00896371,0.015503,0.0396771,20.4282,0
mink,,2170,4.34,0.00896263,0.0155012,0.0396455,20.4012,0
mink,,2171,4.342,0.00896155,0.0154995,0.0396138,20.3742,0
mink,,2172,4.344,0.00896045,0.0154978,0.039582,20.3474,0
mink,,2173,4.346,0.00895934,0.015496,0.0395501,20.3206,0
mink,,2174,4.348,0.00895822,0.0154943,0.0395181,20.2939,0
mink,,2175,4.35,0.00895709,0.0154925,0.039486,20.2673,0
mink,,2176,4.352,0.00895596,0.0154908,0.0394539,20.2408,0
mink,,2177,4.354,0.00895481,0.015489,0.0394216,20.2144,0
mink,,2178,4.356,0.00895365,0.0154873,0.0393893,20.1881,0
mink,,2179,4.358,0.00895248,0.0154855,0.0393569,20.1619,0
mink,,2180,4.36,0.0089513,0.0154837,0.0393244,20.1358,0
mink,,2181,4.362,0.00895011,0.015482,0.0392918,20.1097,0
mink,,2182,4.364,0.00894892,0.0154802,0.0392591,20.0838,0
mink,,2183,4.366,0.00894771,0.0154784,0.0392264,20.0579,0
mink,,2184,4.368,0.00894649,0.0154766,0.0391935,20.0321,0
mink,,2185,4.37,0.00894526,0.0154749,0.0391606,20.0064,0
mink,,2186,4.372,0.00894402,0.0154731,0.0391276,19.9808,0
mink,,2187,4.374,0.00894277,0.0154713,0.0390945,19.9553,0
mink,,2188,4.376,0.00894151,0.0154695,0.0390613,19.9299,0
mink,,2189,4.378,0.00894023,0.0154677,0.0390281,19.9045,0
mink,,2190,4.38,0.00893895,0.0154659,0.0389947,19.8793,0
mink,,2191,4.382,0.00893766,0.0154641,0.0389613,19.8541,0
mink,,2192,4.384,0.00893636,0.0154623,0.0389278,19.829,0
mink,,2193,4.386,0.00893504,0.0154605,0.0388942,19.804,0
mink,,2194,4.388,0.00893372,0.0154586,0.0388605,19.779,0
mink,,2195,4.39,0.00893239,0.0154568,0.0388268,19.7542,0
mink,,2196,4.392,0.00893104,0.015455,0.0387929,19.7294,0
mink,,2197,4.394,0.00892969,0.0154532,0.038759,19.7048,0
mink,,2198,4.396,0.00892832,0.0154513,0.038725,19.6802,0
mink,,2199,4.398,0.00892694,0.0154495,0.038691,19.6557,0
mink,,2200,4.4,0.00892555,0.0154477,0.0386568,19.6312,0
mink,,2201,4.402,0.00892416,0.0154458,0.0386226,19.6069,0
mink,,2202,4.404,0.00892275,0.015444,0.0385883,19.5826,0
mink,,2203,4.406,0.00892133,0.0154421,0.0385539,19.5584,0
mink,,2204,4.408,0.00891989,0.0154403,0.0385194,19.5343,0
mink,,2205,4.41,0.00891845,0.0154384,0.0384849,19.5103,0
mink,,2206,4.412,0.008917,0.0154366,0.0384502,19.4863,0
mink,,2207,4.414,0.00891554,0.0154347,0.0384155,19.4625,0
mink,,2208,4.416,0.00891406,0.0154328,0.0383807,19.4387,0
mink,,2209,4.418,0.00891258,0.015431,0.0383459,19.415,0
mink,,2210,4.42,0.00891108,0.0154291,0.0383109,19.3913,0
mink,,2211,4.422,0.00890957,0.0154272,0.0382759,19.3678,0
mink,,2212,4.424,0.00890805,0.0154254,0.0382408,19.3443,0
mink,,2213,4.426,0.00890652,0.0154235,0.0382057,19.3209,0
mink,,2214,4.428,0.00890498,0.0154216,0.0381704,19.2976,0
mink,,2215,4.43,0.00890343,0.0154197,0.0381351,19.2743,0
mink,,2216,4.432,0.00890187,0.0154178,0.0380997,19.2512,0
mink,,2217,4.434,0.00890029,0.0154159,0.0380643,19.2281,0
mink,,2218,4.436,0.00889871,0.015414,0.0380287,19.2051,0
mink,,2219,4.438,0.00889711,0.0154121,0.0379931,19.1821,0
mink,,2220,4.44,0.0088955,0.0154102,0.0379574,19.1593,0
mink,,2221,4.442,0.00889389,0.0154083,0.0379216,19.1365,0
mink,,2222,4.444,0.00889226,0.0154064,0.0378858,19.1138,0
mink,,2223,4.446,0.00889061,0.0154045,0.0378499,19.0911,0
mink,,2224,4.448,0.00888896,0.0154026,0.0378139,19.0685,0
mink,,2225,4.45,0.0088873,0.0154007,0.0377778,19.0461,0
mink,,2226,4.452,0.00888562,0.0153988,0.0377417,19.0236,0
mink,,2227,4.454,0.00888394,0.0153968,0.0377055,19.0013,0
mink,,2228,4.456,0.00888224,0.0153949,0.0376692,18.979,0
mink,,2229,4.458,0.00888053,0.015393,0.0376329,18.9568,0
mink,,2230,4.46,0.00887881,0.0153911,0.0375965,18.9347,0
mink,,2231,4.462,0.00887708,0.0153891,0.03756,18.9126,0
mink,,2232,4.464,0.00887533,0.0153872,0.0375234,18.8906,0
mink,,2233,4.466,0.00887358,0.0153852,0.0374868,18.8687,0
mink,,2234,4.468,0.00887181,0.0153833,0.03745,18.8469,0
mink,,2235,4.47,0.00887003,0.0153814,0.0374133,18.8251,0
mink,,2236,4.472,0.00886824,0.0153794,0.0373764,18.8034,0
mink,,2237,4.474,0.00886644,0.0153775,0.0373395,18.7818,0
mink,,2238,4.476,0.00886463,0.0153755,0.0373025,18.7602,0
mink,,2239,4.478,0.00886281,0.0153735,0.0372654,18.7387,0
mink,,2240,4.48,0.00886097,0.0153716,0.0372283,18.7173,0
mink,,2241,4.482,0.00885913,0.0153696,0.0371911,18.696,0
mink,,2242,4.484,0.00885727,0.0153677,0.0371538,18.6747,0
mink,,2243,4.486,0.0088554,0.0153657,0.0371165,18.6535,0
mink,,2244,4.488,0.00885352,0.0153637,0.0370791,18.6323,0
mink,,2245,4.49,0.00885162,0.0153618,0.0370416,18.6112,0
mink,,2246,4.492,0.00884972,0.0153598,0.0370041,18.5902,0
mink,,2247,4.494,0.0088478,0.0153578,0.0369665,18.5693,0
mink,,2248,4.496,0.00884587,0.0153558,0.0369288,18.5484,0
mink,,2249,4.498,0.00884393,0.0153538,0.036891,18.5276,0
mink,,2250,4.5,0.00884198,0.0153518,0.0368532,18.5069,0
mink,,2251,4.502,0.00884002,0.0153499,0.0368153,18.4862,0
mink,,2252,4.504,0.00883804,0.0153479,0.0367774,18.4656,0
mink,,2253,4.506,0.00883606,0.0153459,0.0367393,18.445,0
mink,,2254,4.508,0.00883406,0.0153439,0.0367012,18.4245,0
mink,,2255,4.51,0.00883205,0.0153419,0.0366631,18.4041,0
mink,,2256,4.512,0.00883003,0.0153399,0.0366249,18.3838,0
mink,,2257,4.514,0.00882799,0.0153379,0.0365866,18.3635,0
mink,,2258,4.516,0.00882595,0.0153359,0.0365482,18.3433,0
mink,,2259,4.518,0.00882389,0.0153339,0.0365098,18.3231,0
mink,,2260,4.52,0.00882182,0.0153319,0.0364713,18.303,0
mink,,2261,4.522,0.00881974,0.0153298,0.0364328,18.283,0
mink,,2262,4.524,0.00881765,0.0153278,0.0363941,18.2631,0
mink,,2263,4.526,0.00881555,0.0153258,0.0363555,18.2432,0
mink,,2264,4.528,0.00881343,0.0153238,0.0363167,18.2233,0
mink,,2265,4.53,0.0088113,0.0153218,0.0362779,18.2036,0
mink,,2266,4.532,0.00880916,0.0153197,0.036239,18.1839,0
mink,,2267,4.534,0.00880701,0.0153177,0.0362001,18.1642,0
mink,,2268,4.536,0.00880485,0.0153157,0.0361611,18.1446,0
mink,,2269,4.538,0.00880268,0.0153136,0.036122,18.1251,0
mink,,2270,4.54,0.00880049,0.0153116,0.0360829,18.1056,0
mink,,2271,4.542,0.00879829,0.0153096,0.0360437,18.0862,0
mink,,2272,4.544,0.00879608,0.0153075,0.0360044,18.0669,0
mink,,2273,4.546,0.00879386,0.0153055,0.0359651,18.0476,0
mink,,2274,4.548,0.00879162,0.0153035,0.0359257,18.0284,0
mink,,2275,4.55,0.00878938,0.0153014,0.0358862,18.0093,0
mink,,2276,4.552,0.00878712,0.0152994,0.0358467,17.9902,0
mink,,2277,4.554,0.00878485,0.0152973,0.0358071,17.9711,0
mink,,2278,4.556,0.00878257,0.0152953,0.0357675,17.9522,0
mink,,2279,4.558,0.00878027,0.0152932,0.0357278,17.9332,0
mink,,2280,4.56,0.00877797,0.0152912,0.035688,17.9144,0
mink,,2281,4.562,0.00877565,0.0152891,0.0356482,17.8956,0
mink,,2282,4.564,0.00877332,0.015287,0.0356083,17.8769,0
mink,,2283,4.566,0.00877098,0.015285,0.0355683,17.8582,0
mink,,2284,4.568,0.00876863,0.0152829,0.0355283,17.8396,0
mink,,2285,4.57,0.00876626,0.0152808,0.0354882,17.821,0
mink,,2286,4.572,0.00876388,0.0152788,0.0354481,17.8025,0
mink,,2287,4.574,0.0087615,0.0152767,0.0354079,17.7841,0
mink,,2288,4.576,0.00875909,0.0152746,0.0353676,17.7657,0
mink,,2289,4.578,0.00875668,0.0152726,0.0353273,17.7473,0
mink,,2290,4.58,0.00875426,0.0152705,0.0352869,17.7291,0
mink,,2291,4.582,0.00875182,0.0152684,0.0352464,17.7109,0
mink,,2292,4.584,0.00874937,0.0152663,0.0352059,17.6927,0
mink,,2293,4.586,0.00874691,0.0152642,0.0351654,17.6746,0
mink,,2294,4.588,0.00874444,0.0152622,0.0351247,17.6565,0
mink,,2295,4.59,0.00874195,0.0152601,0.035084,17.6386,0
mink,,2296,4.592,0.00873946,0.015258,0.0350433,17.6206,0
mink,,2297,4.594,0.00873695,0.0152559,0.0350025,17.6027,0
mink,,2298,4.596,0.00873443,0.0152538,0.0349616,17.5849,0
mink,,2299,4.598,0.0087319,0.0152517,0.0349207,17.5672,0
mink,,2300,4.6,0.00872935,0.0152496,0.0348797,17.5494,0
mink,,2301,4.602,0.0087268,0.0152475,0.0348386,17.5318,0
mink,,2302,4.604,0.00872423,0.0152454,0.0347975,17.5142,0
mink,,2303,4.606,0.00872165,0.0152433,0.0347564,17.4966,0
mink,,2304,4.608,0.00871906,0.0152412,0.0347151,17.4792,0
mink,,2305,4.61,0.00871646,0.0152391,0.0346738,17.4617,0
mink,,2306,4.612,0.00871384,0.015237,0.0346325,17.4443,0
mink,,2307,4.614,0.00871121,0.0152349,0.0345911,17.427,0
mink,,2308,4.616,0.00870857,0.0152328,0.0345496,17.4097,0
mink,,2309,4.618,0.00870592,0.0152307,0.0345081,17.3925,0
mink,,2310,4.62,0.00870326,0.0152286,0.0344665,17.3753,0
mink,,2311,4.622,0.00870058,0.0152264,0.0344249,17.3582,0
mink,,2312,4.624,0.0086979,0.0152243,0.0343832,17.3412,0
mink,,2313,4.626,0.0086952,0.0152222,0.0343415,17.3241,0
mink,,2314,4.628,0.00869249,0.0152201,0.0342997,17.3072,0
mink,,2315,4.63,0.00868977,0.015218,0.0342578,17.2903,0
mink,,2316,4.632,0.00868703,0.0152159,0.0342159,17.2734,0
mink,,2317,4.634,0.00868429,0.0152137,0.0341739,17.2566,0
mink,,2318,4.636,0.00868153,0.0152116,0.0341319,17.2399,0
mink,,2319,4.638,0.00867876,0.0152095,0.0340898,17.2232,0
mink,,2320,4.64,0.00867598,0.0152073,0.0340476,17.2065,0
mink,,2321,4.642,0.00867318,0.0152052,0.0340054,17.1899,0
mink,,2322,4.644,0.00867038,0.0152031,0.0339631,17.1734,0
mink,,2323,4.646,0.00866756,0.015201,0.0339208,17.1569,0
mink,,2324,4.648,0.00866473,0.0151988,0.0338784,17.1404,0
mink,,2325,4.65,0.00866189,0.0151967,0.033836,17.124,0
mink,,2326,4.652,0.00865904,0.0151945,0.0337935,17.1077,0
mink,,2327,4.654,0.00865617,0.0151924,0.033751,17.0914,0
mink,,2328,4.656,0.0086533,0.0151903,0.0337084,17.0752,0
mink,,2329,4.658,0.00865041,0.0151881,0.0336657,17.059,0
mink,,2330,4.66,0.00864751,0.015186,0.033623,17.0428,0
mink,,2331,4.662,0.0086446,0.0151838,0.0335802,17.0267,0
mink,,2332,4.664,0.00864168,0.0151817,0.0335374,17.0107,0
mink,,2333,4.666,0.00863874,0.0151795,0.0334945,16.9947,0
mink,,2334,4.668,0.00863579,0.0151774,0.0334516,16.9787,0
mink,,2335,4.67,0.00863284,0.0151752,0.0334086,16.9628,0
mink,,2336,4.672,0.00862987,0.0151731,0.0333655,16.947,0
mink,,2337,4.674,0.00862688,0.0151709,0.0333224,16.9312,0
mink,,2338,4.676,0.00862389,0.0151688,0.0332793,16.9154,0
mink,,2339,4.678,0.00862089,0.0151666,0.0332361,16.8997,0
mink,,2340,4.68,0.00861787,0.0151645,0.0331928,16.8841,0
mink,,2341,4.682,0.00861484,0.0151623,0.0331495,16.8684,0
mink,,2342,4.684,0.0086118,0.0151602,0.0331061,16.8529,0
mink,,2343,4.686,0.00860875,0.015158,0.0330627,16.8374,0
mink,,2344,4.688,0.00860569,0.0151558,0.0330192,16.8219,0
mink,,2345,4.69,0.00860261,0.0151537,0.0329757,16.8065,0
mink,,2346,4.692,0.00859952,0.0151515,0.0329321,16.7911,0
mink,,2347,4.694,0.00859643,0.0151494,0.0328885,16.7758,0
mink,,2348,4.696,0.00859332,0.0151472,0.0328448,16.7605,0
mink,,2349,4.698,0.00859019,0.015145,0.032801,16.7453,0
mink,,2350,4.7,0.00858706,0.0151429,0.0327572,16.7301,0
mink,,2351,4.702,0.00858392,0.0151407,0.0327134,16.7149,0
mink,,2352,4.704,0.00858076,0.0151385,0.0326695,16.6998,0
mink,,2353,4.706,0.00857759,0.0151363,0.0326255,16.6848,0
mink,,2354,4.708,0.00857442,0.0151342,0.0325815,16.6698,0
mink,,2355,4.71,0.00857123,0.015132,0.0325374,16.6548,0
mink,,2356,4.712,0.00856802,0.0151298,0.0324933,16.6399,0
mink,,2357,4.714,0.00856481,0.0151277,0.0324491,16.625,0
mink,,2358,4.716,0.00856159,0.0151255,0.0324049,16.6102,0
mink,,2359,4.718,0.00855835,0.0151233,0.0323606,16.5954,0
mink,,2360,4.72,0.0085551,0.0151211,0.0323163,16.5807,0
mink,,2361,4.722,0.00855185,0.0151189,0.0322719,16.566,0
mink,,2362,4.724,0.00854858,0.0151168,0.0322275,16.5513,0
mink,,2363,4.726,0.00854529,0.0151146,0.032183,16.5367,0
mink,,2364,4.728,0.008542,0.0151124,0.0321385,16.5222,0
mink,,2365,4.73,0.0085387,0.0151102,0.0320939,16.5077,0
mink,,2366,4.732,0.00853538,0.015108,0.0320602,16.4932,0
mink,,2367,4.734,0.00853206,0.0151058,0.0320335,16.4788,0
mink,,2368,4.736,0.00852872,0.0151037,0.0320069,16.4644,0
mink,,2369,4.738,0.00852537,0.0151015,0.0319802,16.45,0
mink,,2370,4.74,0.00852201,0.0150993,0.0319534,16.4357,0
mink,,2371,4.742,0.00851864,0.0150971,0.0319266,16.4215,0
mink,,2372,4.744,0.00851526,0.0150949,0.0318998,16.4073,0
mink,,2373,4.746,0.00851186,0.0150927,0.0318729,16.3931,0
mink,,2374,4.748,0.00850846,0.0150905,0.031846,16.379,0
mink,,2375,4.75,0.00850504,0.0150883,0.0318191,16.3649,0
mink,,2376,4.752,0.00850161,0.0150862,0.031792,16.3508,0
mink,,2377,4.754,0.00849818,0.015084,0.031765,16.3368,0
mink,,2378,4.756,0.00849473,0.0150818,0.0317379,16.3229,0
mink,,2379,4.758,0.00849127,0.0150796,0.0317108,16.309,0
mink,,2380,4.76,0.0084878,0.0150774,0.0316836,16.2951,0
mink,,2381,4.762,0.00848431,0.0150752,0.0316564,16.2813,0
mink,,2382,4.764,0.00848082,0.015073,0.0316291,16.2675,0
mink,,2383,4.766,0.00847732,0.0150708,0.0316018,16.2537,0
mink,,2384,4.768,0.0084738,0.0150686,0.0315745,16.24,0
mink,,2385,4.77,0.00847028,0.0150664,0.0315471,16.2263,0
mink,,2386,4.772,0.00846674,0.0150642,0.0315196,16.2127,0
mink,,2387,4.774,0.00846319,0.015062,0.0314922,16.1991,0
mink,,2388,4.776,0.00845963,0.0150598,0.0314647,16.1856,0
mink,,2389,4.778,0.00845607,0.0150576,0.0314371,16.1721,0
mink,,2390,4.78,0.00845249,0.0150554,0.0314095,16.1586,0
mink,,2391,4.782,0.0084489,0.0150532,0.0313819,16.1452,0
mink,,2392,4.784,0.00844529,0.015051,0.0313542,16.1318,0
mink,,2393,4.786,0.00844168,0.0150488,0.0313264,16.1185,0
mink,,2394,4.788,0.00843806,0.0150466,0.0312987,16.1052,0
mink,,2395,4.79,0.00843443,0.0150444,0.0312709,16.0919,0
mink,,2396,4.792,0.00843078,0.0150422,0.031243,16.0787,0
mink,,2397,4.794,0.00842713,0.01504,0.0312151,16.0655,0
mink,,2398,4.796,0.00842346,0.0150378,0.0311872,16.0523,0
mink,,2399,4.798,0.00841979,0.0150356,0.0311592,16.0392,0
mink,,2400,4.8,0.0084161,0.0150334,0.0311312,16.0262,0
mink,,2401,4.802,0.0084124,0.0150312,0.0311031,16.0131,0
mink,,2402,4.804,0.0084087,0.015029,0.031075,16.0001,0
mink,,2403,4.806,0.00840498,0.0150268,0.0310469,15.9872,0
mink,,2404,4.808,0.00840125,0.0150246,0.0310187,15.9743,0
mink,,2405,4.81,0.00839751,0.0150224,0.0309904,15.9614,0
mink,,2406,4.812,0.00839376,0.0150202,0.0309622,15.9486,0
mink,,2407,4.814,0.00839001,0.0150179,0.0309338,15.9358,0
mink,,2408,4.816,0.00838624,0.0150157,0.0309055,15.923,0
mink,,2409,4.818,0.00838246,0.0150135,0.0308771,15.9103,0
mink,,2410,4.82,0.00837867,0.0150113,0.0308487,15.8976,0
mink,,2411,4.822,0.00837487,0.0150091,0.0308202,15.885,0
mink,,2412,4.824,0.00837106,0.0150069,0.0307917,15.8724,0
mink,,2413,4.826,0.00836724,0.0150047,0.0307631,15.8598,0
mink,,2414,4.828,0.00836341,0.0150025,0.0307345,15.8473,0
mink,,2415,4.83,0.00835957,0.0150003,0.0307058,15.8348,0
mink,,2416,4.832,0.00835571,0.0149981,0.0306772,15.8223,0
mink,,2417,4.834,0.00835185,0.0149959,0.0306484,15.8099,0
mink,,2418,4.836,0.00834798,0.0149937,0.0306197,15.7975,0
mink,,2419,4.838,0.0083441,0.0149914,0.0305909,15.7851,0
mink,,2420,4.84,0.00834021,0.0149892,0.030562,15.7728,0
mink,,2421,4.842,0.00833631,0.014987,0.0305331,15.7606,0
mink,,2422,4.844,0.0083324,0.0149848,0.0305042,15.7483,0
mink,,2423,4.846,0.00832848,0.0149826,0.0304752,15.7361,0
mink,,2424,4.848,0.00832455,0.0149804,0.0304462,15.724,0
mink,,2425,4.85,0.00832061,0.0149782,0.0304171,15.7118,0
mink,,2426,4.852,0.00831666,0.014976,0.0303881,15.6997,0
mink,,2427,4.854,0.0083127,0.0149738,0.0303589,15.6877,0
mink,,2428,4.856,0.00830873,0.0149716,0.0303297,15.6757,0
mink,,2429,4.858,0.00830476,0.0149693,0.0303005,15.6637,0
mink,,2430,4.86,0.00830077,0.0149671,0.0302713,15.6517,0
mink,,2431,4.862,0.00829677,0.0149649,0.030242,15.6398,0
mink,,2432,4.864,0.00829276,0.0149627,0.0302126,15.6279,0
mink,,2433,4.866,0.00828875,0.0149605,0.0301833,15.6161,0
mink,,2434,4.868,0.00828472,0.0149583,0.0301538,15.6043,0
mink,,2435,4.87,0.00828068,0.0149561,0.0301244,15.5925,0
mink,,2436,4.872,0.00827664,0.0149539,0.0300949,15.5808,0
mink,,2437,4.874,0.00827258,0.0149517,0.0300653,15.5691,0
mink,,2438,4.876,0.00826852,0.0149495,0.0300358,15.5574,0
mink,,2439,4.878,0.00826445,0.0149472,0.0300061,15.5458,0
mink,,2440,4.88,0.00826037,0.014945,0.0299765,15.5342,0
mink,,2441,4.882,0.00825627,0.0149428,0.0299468,15.5226,0
mink,,2442,4.884,0.00825217,0.0149406,0.029917,15.5111,0
mink,,2443,4.886,0.00824806,0.0149384,0.0298873,15.4996,0
mink,,2444,4.888,0.00824395,0.0149362,0.0298574,15.4881,0
mink,,2445,4.89,0.00823982,0.014934,0.0298276,15.4767,0
mink,,2446,4.892,0.00823568,0.0149318,0.0297977,15.4653,0
mink,,2447,4.894,0.00823153,0.0149296,0.0297677,15.4539,0
mink,,2448,4.896,0.00822738,0.0149274,0.0297377,15.4426,0
mink,,2449,4.898,0.00822322,0.0149252,0.0297077,15.4313,0
mink,,2450,4.9,0.00821904,0.0149229,0.0296777,15.42,0
mink,,2451,4.902,0.00821486,0.0149207,0.0296476,15.4088,0
mink,,2452,4.904,0.00821067,0.0149185,0.0296174,15.3976,0
mink,,2453,4.906,0.00820647,0.0149163,0.0295873,15.3864,0
mink,,2454,4.908,0.00820227,0.0149141,0.029557,15.3753,0
mink,,2455,4.91,0.00819805,0.0149119,0.0295268,15.3642,0
mink,,2456,4.912,0.00819382,0.0149097,0.0294965,15.3532,0
mink,,2457,4.914,0.00818959,0.0149075,0.0294661,15.3421,0
mink,,2458,4.916,0.00818535,0.0149053,0.0294358,15.3311,0
mink,,2459,4.918,0.0081811,0.0149031,0.0294054,15.3202,0
mink,,2460,4.92,0.00817684,0.0149009,0.0293749,15.3092,0
mink,,2461,4.922,0.00817257,0.0148987,0.0293444,15.2983,0
mink,,2462,4.924,0.0081683,0.0148965,0.0293139,15.2875,0
mink,,2463,4.926,0.00816401,0.0148943,0.0292833,15.2766,0
mink,,2464,4.928,0.00815972,0.0148921,0.0292527,15.2658,0
mink,,2465,4.93,0.00815542,0.0148899,0.029222,15.2551,0
mink,,2466,4.932,0.00815111,0.0148877,0.0291913,15.2443,0
mink,,2467,4.934,0.00814679,0.0148855,0.0291606,15.2336,0
mink,,2468,4.936,0.00814247,0.0148833,0.0291299,15.223,0
mink,,2469,4.938,0.00813814,0.0148811,0.029099,15.2123,0
mink,,2470,4.94,0.00813379,0.0148789,0.0290682,15.2017,0
mink,,2471,4.942,0.00812945,0.0148767,0.0290373,15.1911,0
mink,,2472,4.944,0.00812509,0.0148745,0.0290064,15.1806,0
mink,,2473,4.946,0.00812072,0.0148723,0.0289754,15.1701,0
mink,,2474,4.948,0.00811635,0.0148701,0.0289444,15.1596,0
mink,,2475,4.95,0.00811197,0.0148679,0.0289134,15.1491,0
mink,,2476,4.952,0.00810758,0.0148657,0.0288823,15.1387,0
mink,,2477,4.954,0.00810319,0.0148635,0.0288512,15.1283,0
mink,,2478,4.956,0.00809878,0.0148613,0.02882,15.1179,0
mink,,2479,4.958,0.00809437,0.0148591,0.0287889,15.1076,0
mink,,2480,4.96,0.00808995,0.0148569,0.0287576,15.0973,0
mink,,2481,4.962,0.00808553,0.0148547,0.0287263,15.087,0
mink,,2482,4.964,0.00808109,0.0148525,0.028695,15.0768,0
mink,,2483,4.966,0.00807665,0.0148503,0.0286637,15.0666,0
mink,,2484,4.968,0.0080722,0.0148481,0.0286323,15.0564,0
mink,,2485,4.97,0.00806775,0.014846,0.0286009,15.0463,0
mink,,2486,4.972,0.00806328,0.0148438,0.0285694,15.0361,0
mink,,2487,4.974,0.00805881,0.0148416,0.0285379,15.0261,0
mink,,2488,4.976,0.00805434,0.0148394,0.0285064,15.016,0
mink,,2489,4.978,0.00804985,0.0148372,0.0284748,15.006,0
mink,,2490,4.98,0.00804536,0.014835,0.0284432,14.996,0
mink,,2491,4.982,0.00804086,0.0148328,0.0284115,14.986,0
mink,,2492,4.984,0.00803636,0.0148306,0.0283799,14.9761,0
mink,,2493,4.986,0.00803184,0.0148285,0.0283481,14.9661,0
mink,,2494,4.988,0.00802732,0.0148263,0.0283164,14.9563,0
mink,,2495,4.99,0.0080228,0.0148241,0.0282846,14.9464,0
mink,,2496,4.992,0.00801826,0.0148219,0.0282527,14.9366,0
mink,,2497,4.994,0.00801373,0.0148197,0.0282208,14.9268,0
mink,,2498,4.996,0.00800918,0.0148176,0.0281889,14.917,0
mink,,2499,4.998,0.00800463,0.0148154,0.028157,14.9073,0
mink,,2500,5.0,0.00800007,0.0148132,0.028125,14.8976,0
mink,,2501,5.002,0.0079955,0.014811,0.028093,14.8879,0
mink,,2502,5.004,0.00799093,0.0148088,0.0280609,14.8783,0
mink,,2503,5.006,0.00798635,0.0148067,0.0280288,14.8687,0
mink,,2504,5.008,0.00798176,0.0148045,0.0279966,14.8591,0
mink,,2505,5.01,0.00797717,0.0148023,0.0279645,14.8495,0
mink,,2506,5.012,0.00797258,0.0148002,0.0279322,14.84,0
mink,,2507,5.014,0.00796797,0.014798,0.0279,14.8305,0
mink,,2508,5.016,0.00796336,0.0147958,0.0278677,14.821,0
mink,,2509,5.018,0.00795875,0.0147936,0.0278354,14.8116,0
mink,,2510,5.02,0.00795412,0.0147915,0.027803,14.8021,0
mink,,2511,5.022,0.0079495,0.0147893,0.0277706,14.7927,0
mink,,2512,5.024,0.00794486,0.0147871,0.0277382,14.7834,0
mink,,2513,5.026,0.00794022,0.014785,0.0277057,14.774,0
mink,,2514,5.028,0.00793558,0.0147828,0.0276732,14.7647,0
mink,,2515,5.03,0.00793093,0.0147807,0.0276406,14.7555,0
mink,,2516,5.032,0.00792627,0.0147785,0.0276081,14.7462,0
mink,,2517,5.034,0.00792161,0.0147763,0.0275754,14.737,0
mink,,2518,5.036,0.00791694,0.0147742,0.0275428,14.7278,0
mink,,2519,5.038,0.00791226,0.014772,0.0275101,14.7186,0
mink,,2520,5.04,0.00790759,0.0147699,0.0274773,14.7095,0
mink,,2521,5.042,0.0079029,0.0147677,0.0274446,14.7004,0
mink,,2522,5.044,0.00789821,0.0147655,0.0274118,14.6913,0
mink,,2523,5.046,0.00789352,0.0147634,0.0273789,14.6822,0
mink,,2524,5.048,0.00788882,0.0147612,0.027346,14.6732,0
mink,,2525,5.05,0.00788411,0.0147591,0.0273131,14.6642,0
mink,,2526,5.052,0.0078794,0.0147569,0.0272802,14.6552,0
mink,,2527,5.054,0.00787469,0.0147548,0.0272472,14.6463,0
mink,,2528,5.056,0.00786997,0.0147526,0.0272142,14.6373,0
mink,,2529,5.058,0.00786524,0.0147505,0.0271811,14.6284,0
mink,,2530,5.06,0.00786051,0.0147483,0.027148,14.6196,0
mink,,2531,5.062,0.00785578,0.0147462,0.0271149,14.6107,0
mink,,2532,5.064,0.00785104,0.0147441,0.0270817,14.6019,0
mink,,2533,5.066,0.00784629,0.0147419,0.0270485,14.5931,0
mink,,2534,5.068,0.00784154,0.0147398,0.0270153,14.5844,0
mink,,2535,5.07,0.00783679,0.0147376,0.026982,14.5756,0
mink,,2536,5.072,0.00783203,0.0147355,0.0269487,14.5669,0
mink,,2537,5.074,0.00782727,0.0147334,0.0269153,14.5582,0
mink,,2538,5.076,0.0078225,0.0147312,0.0268819,14.5496,0
mink,,2539,5.078,0.00781773,0.0147291,0.0268485,14.5409,0
mink,,2540,5.08,0.00781296,0.014727,0.0268151,14.5323,0
mink,,2541,5.082,0.00780818,0.0147248,0.0267816,14.5237,0
mink,,2542,5.084,0.0078034,0.0147227,0.026748,14.5152,0
mink,,2543,5.086,0.00779861,0.0147206,0.0267145,14.5067,0
mink,,2544,5.088,0.00779382,0.0147184,0.0266809,14.4982,0
mink,,2545,5.09,0.00778902,0.0147163,0.0266472,14.4897,0
mink,,2546,5.092,0.00778423,0.0147142,0.0266136,14.4812,0
mink,,2547,5.094,0.00777942,0.0147121,0.0265799,14.4728,0
mink,,2548,5.096,0.00777462,0.01471,0.0265461,14.4644,0
mink,,2549,5.098,0.00776981,0.0147078,0.0265124,14.456,0
mink,,2550,5.1,0.00776499,0.0147057,0.0264785,14.4477,0
mink,,2551,5.102,0.00776018,0.0147036,0.0264447,14.4393,0
mink,,2552,5.104,0.00775536,0.0147015,0.0264108,14.431,0
mink,,2553,5.106,0.00775053,0.0146994,0.0263769,14.4228,0
mink,,2554,5.108,0.00774571,0.0146973,0.026343,14.4145,0
mink,,2555,5.11,0.00774088,0.0146952,0.026309,14.4063,0
mink,,2556,5.112,0.00773604,0.014693,0.0262749,14.3981,0
mink,,2557,5.114,0.00773121,0.0146909,0.0262409,14.3899,0
mink,,2558,5.116,0.00772637,0.0146888,0.0262068,14.3818,0
mink,,2559,5.118,0.00772152,0.0146867,0.0261727,14.3737,0
mink,,2560,5.12,0.00771668,0.0146846,0.0261385,14.3656,0
mink,,2561,5.122,0.00771183,0.0146825,0.0261043,14.3575,0
mink,,2562,5.124,0.00770698,0.0146804,0.0260701,14.3494,0
mink,,2563,5.126,0.00770213,0.0146783,0.0260358,14.3414,0
mink,,2564,5.128,0.00769727,0.0146762,0.0260015,14.3334,0
mink,,2565,5.13,0.00769241,0.0146741,0.0259672,14.3254,0
mink,,2566,5.132,0.00768755,0.0146721,0.0259328,14.3175,0
mink,,2567,5.134,0.00768269,0.01467,0.0258984,14.3096,0
mink,,2568,5.136,0.00767782,0.0146679,0.025864,14.3016,0
mink,,2569,5.138,0.00767295,0.0146658,0.0258295,14.2938,0
mink,,2570,5.14,0.00766808,0.0146637,0.025795,14.2859,0
mink,,2571,5.142,0.00766321,0.0146616,0.0257605,14.2781,0
mink,,2572,5.144,0.00765834,0.0146595,0.0257259,14.2703,0
mink,,2573,5.146,0.00765346,0.0146575,0.0256913,14.2625,0
mink,,2574,5.148,0.00764858,0.0146554,0.0256567,14.2547,0
mink,,2575,5.15,0.0076437,0.0146533,0.025622,14.247,0
mink,,2576,5.152,0.00763882,0.0146512,0.0255873,14.2393,0
mink,,2577,5.154,0.00763394,0.0146492,0.0255525,14.2316,0
mink,,2578,5.156,0.00762905,0.0146471,0.0255178,14.2239,0
mink,,2579,5.158,0.00762417,0.014645,0.025483,14.2163,0
mink,,2580,5.16,0.00761928,0.0146429,0.0254481,14.2087,0
mink,,2581,5.162,0.00761439,0.0146409,0.0254132,14.2011,0
mink,,2582,5.164,0.0076095,0.0146388,0.0253783,14.1935,0
mink,,2583,5.166,0.00760461,0.0146368,0.0253434,14.186,0
mink,,2584,5.168,0.00759971,0.0146347,0.0253084,14.1784,0
mink,,2585,5.17,0.00759482,0.0146326,0.0252734,14.1709,0
mink,,2586,5.172,0.00758993,0.0146306,0.0252383,14.1635,0
mink,,2587,5.174,0.00758503,0.0146285,0.0252033,14.156,0
mink,,2588,5.176,0.00758013,0.0146265,0.0251682,14.1486,0
mink,,2589,5.178,0.00757524,0.0146244,0.025133,14.1412,0
mink,,2590,5.18,0.00757034,0.0146224,0.0250978,14.1338,0
mink,,2591,5.182,0.00756544,0.0146203,0.0250626,14.1264,0
mink,,2592,5.184,0.00756054,0.0146183,0.0250274,14.1191,0
mink,,2593,5.186,0.00755564,0.0146162,0.0249921,14.1118,0
mink,,2594,5.188,0.00755074,0.0146142,0.0249568,14.1045,0
mink,,2595,5.19,0.00754584,0.0146122,0.0249215,14.0972,0
mink,,2596,5.192,0.00754094,0.0146101,0.0248861,14.09,0
mink,,2597,5.194,0.00753604,0.0146081,0.0248507,14.0827,0
mink,,2598,5.196,0.00753114,0.0146061,0.0248152,14.0755,0
mink,,2599,5.198,0.00752624,0.014604,0.0247798,14.0684,0
mink,,2600,5.2,0.00752134,0.014602,0.0247442,14.0612,0
mink,,2601,5.202,0.00751644,0.0146,0.0247087,14.0541,0
mink,,2602,5.204,0.00751154,0.0145979,0.0246731,14.047,0
mink,,2603,5.206,0.00750664,0.0145959,0.0246375,14.0399,0
mink,,2604,5.208,0.00750174,0.0145939,0.0246019,14.0328,0
mink,,2605,5.21,0.00749684,0.0145919,0.0245662,14.0258,0
mink,,2606,5.212,0.00749194,0.0145899,0.0245305,14.0187,0
mink,,2607,5.214,0.00748705,0.0145879,0.0244948,14.0117,0
mink,,2608,5.216,0.00748215,0.0145858,0.024459,14.0048,0
mink,,2609,5.218,0.00747726,0.0145838,0.0244232,13.9978,0
mink,,2610,5.22,0.00747236,0.0145818,0.0243874,13.9909,0
mink,,2611,5.222,0.00746747,0.0145798,0.0243515,13.984,0
mink,,2612,5.224,0.00746257,0.0145778,0.0243157,13.9771,0
mink,,2613,5.226,0.00745768,0.0145758,0.0242797,13.9702,0
mink,,2614,5.228,0.00745279,0.0145738,0.0242438,13.9633,0
mink,,2615,5.23,0.0074479,0.0145718,0.0242078,13.9565,0
mink,,2616,5.232,0.00744302,0.0145698,0.0241718,13.9497,0
mink,,2617,5.234,0.00743813,0.0145678,0.0241357,13.9429,0
mink,,2618,5.236,0.00743325,0.0145659,0.0240996,13.9362,0
mink,,2619,5.238,0.00742836,0.0145639,0.0240635,13.9294,0
mink,,2620,5.24,0.00742348,0.0145619,0.0240274,13.9227,0
mink,,2621,5.242,0.0074186,0.0145599,0.0239912,13.916,0
mink,,2622,5.244,0.00741373,0.0145579,0.023955,13.9093,0
mink,,2623,5.246,0.00740885,0.0145559,0.0239187,13.9027,0
mink,,2624,5.248,0.00740398,0.014554,0.0238825,13.8961,0
mink,,2625,5.25,0.00739911,0.014552,0.0238462,13.8894,0
mink,,2626,5.252,0.00739424,0.01455,0.0238098,13.8829,0
mink,,2627,5.254,0.00738937,0.014548,0.0237735,13.8763,0
mink,,2628,5.256,0.00738451,0.0145461,0.0237371,13.8697,0
mink,,2629,5.258,0.00737965,0.0145441,0.0237006,13.8632,0
mink,,2630,5.26,0.00737479,0.0145422,0.0236642,13.8567,0
mink,,2631,5.262,0.00736994,0.0145402,0.0236277,13.8502,0
mink,,2632,5.264,0.00736508,0.0145382,0.0235912,13.8438,0
mink,,2633,5.266,0.00736023,0.0145363,0.0235546,13.8373,0
mink,,2634,5.268,0.00735539,0.0145343,0.0235181,13.8309,0
mink,,2635,5.27,0.00735054,0.0145324,0.0234814,13.8245,0
mink,,2636,5.272,0.0073457,0.0145304,0.0234448,13.8181,0
mink,,2637,5.274,0.00734086,0.0145285,0.0234081,13.8118,0
mink,,2638,5.276,0.00733603,0.0145265,0.0233714,13.8054,0
mink,,2639,5.278,0.0073312,0.0145246,0.0233347,13.7991,0
mink,,2640,5.28,0.00732637,0.0145227,0.0232979,13.7928,0
mink,,2641,5.282,0.00732155,0.0145207,0.0232611,13.7865,0
mink,,2642,5.284,0.00731673,0.0145188,0.0232243,13.7803,0
mink,,2643,5.286,0.00731191,0.0145169,0.0231875,13.774,0
mink,,2644,5.288,0.0073071,0.0145149,0.0231506,13.7678,0
mink,,2645,5.29,0.00730229,0.014513,0.0231137,13.7616,0
mink,,2646,5.292,0.00729749,0.0145111,0.0230767,13.7554,0
mink,,2647,5.294,0.00729269,0.0145092,0.0230398,13.7493,0
mink,,2648,5.296,0.00728789,0.0145073,0.0230027,13.7431,0
mink,,2649,5.298,0.0072831,0.0145053,0.0229657,13.737,0
mink,,2650,5.3,0.00727832,0.0145034,0.0229287,13.7309,0
mink,,2651,5.302,0.00727353,0.0145015,0.0228916,13.7249,0
mink,,2652,5.304,0.00726876,0.0144996,0.0228544,13.7188,0
mink,,2653,5.306,0.00726398,0.0144977,0.0228173,13.7128,0
mink,,2654,5.308,0.00725921,0.0144958,0.0227801,13.7068,0
mink,,2655,5.31,0.00725445,0.0144939,0.0227429,13.7008,0
mink,,2656,5.312,0.00724969,0.014492,0.0227057,13.6948,0
mink,,2657,5.314,0.00724494,0.0144901,0.0226684,13.6888,0
mink,,2658,5.316,0.00724019,0.0144882,0.0226311,13.6829,0
mink,,2659,5.318,0.00723545,0.0144863,0.0225938,13.677,0
mink,,2660,5.32,0.00723071,0.0144845,0.0225564,13.6711,0
mink,,2661,5.322,0.00722598,0.0144826,0.022519,13.6652,0
mink,,2662,5.324,0.00722125,0.0144807,0.0224816,13.6594,0
mink,,2663,5.326,0.00721653,0.0144788,0.0224442,13.6535,0
mink,,2664,5.328,0.00721182,0.0144769,0.0224067,13.6477,0
mink,,2665,5.33,0.00720711,0.0144751,0.0223692,13.6419,0
mink,,2666,5.332,0.00720241,0.0144732,0.0223317,13.6361,0
mink,,2667,5.334,0.00719771,0.0144713,0.0222941,13.6304,0
mink,,2668,5.336,0.00719302,0.0144695,0.0222565,13.6246,0
mink,,2669,5.338,0.00718833,0.0144676,0.0222189,13.6189,0
mink,,2670,5.34,0.00718365,0.0144657,0.0221813,13.6132,0
mink,,2671,5.342,0.00717898,0.0144639,0.0221436,13.6075,0
mink,,2672,5.344,0.00717432,0.014462,0.0221059,13.6019,0
mink,,2673,5.346,0.00716966,0.0144602,0.0220682,13.5962,0
mink,,2674,5.348,0.007165,0.0144583,0.0220304,13.5906,0
mink,,2675,5.35,0.00716036,0.0144565,0.0219927,13.585,0
mink,,2676,5.352,0.00715572,0.0144546,0.0219548,13.5794,0
mink,,2677,5.354,0.00715109,0.0144528,0.021917,13.5738,0
mink,,2678,5.356,0.00714646,0.014451,0.0218791,13.5683,0
mink,,2679,5.358,0.00714185,0.0144491,0.0218412,13.5628,0
mink,,2680,5.36,0.00713724,0.0144473,0.0218033,13.5572,0
mink,,2681,5.362,0.00713263,0.0144455,0.0217654,13.5518,0
mink,,2682,5.364,0.00712804,0.0144437,0.0217274,13.5463,0
mink,,2683,5.366,0.00712345,0.0144418,0.0216894,13.5408,0
mink,,2684,5.368,0.00711887,0.01444,0.0216514,13.5354,0
mink,,2685,5.37,0.0071143,0.0144382,0.0216133,13.53,0
mink,,2686,5.372,0.00710974,0.0144364,0.0215752,13.5246,0
mink,,2687,5.374,0.00710518,0.0144346,0.0215371,13.5192,0
mink,,2688,5.376,0.00710063,0.0144328,0.021499,13.5138,0
mink,,2689,5.378,0.00709609,0.014431,0.0214608,13.5085,0
mink,,2690,5.38,0.00709156,0.0144292,0.0214226,13.5032,0
mink,,2691,5.382,0.00708704,0.0144274,0.0213844,13.4979,0
mink,,2692,5.384,0.00708252,0.0144256,0.0213461,13.4926,0
mink,,2693,5.386,0.00707802,0.0144238,0.0213079,13.4873,0
mink,,2694,5.388,0.00707352,0.014422,0.0212696,13.4821,0
mink,,2695,5.39,0.00706903,0.0144202,0.0212312,13.4769,0
mink,,2696,5.392,0.00706455,0.0144184,0.0211929,13.4716,0
mink,,2697,5.394,0.00706008,0.0144166,0.0211545,13.4664,0
mink,,2698,5.396,0.00705562,0.0144149,0.0211161,13.4613,0
mink,,2699,5.398,0.00705116,0.0144131,0.0210777,13.4561,0
mink,,2700,5.4,0.00704672,0.0144113,0.0210392,13.451,0
mink,,2701,5.402,0.00704229,0.0144095,0.0210007,13.4459,0
mink,,2702,5.404,0.00703786,0.0144078,0.0209622,13.4408,0
mink,,2703,5.406,0.00703345,0.014406,0.0209237,13.4357,0
mink,,2704,5.408,0.00702904,0.0144043,0.0208851,13.4306,0
mink,,2705,5.41,0.00702465,0.0144025,0.0208465,13.4256,0
mink,,2706,5.412,0.00702026,0.0144007,0.0208079,13.4205,0
mink,,2707,5.414,0.00701589,0.014399,0.0207692,13.4155,0
mink,,2708,5.416,0.00701152,0.0143973,0.0207306,13.4105,0
mink,,2709,5.418,0.00700717,0.0143955,0.0206919,13.4055,0
mink,,2710,5.42,0.00700282,0.0143938,0.0206532,13.4006,0
mink,,2711,5.422,0.00699849,0.014392,0.0206144,13.3956,0
mink,,2712,5.424,0.00699416,0.0143903,0.0205756,13.3907,0
mink,,2713,5.426,0.00698985,0.0143886,0.0205368,13.3858,0
mink,,2714,5.428,0.00698555,0.0143868,0.020498,13.3809,0
mink,,2715,5.43,0.00698126,0.0143851,0.0204592,13.3761,0
mink,,2716,5.432,0.00697697,0.0143834,0.0204203,13.3712,0
mink,,2717,5.434,0.0069727,0.0143817,0.0203814,13.3664,0
mink,,2718,5.436,0.00696845,0.01438,0.0203425,13.3616,0
mink,,2719,5.438,0.0069642,0.0143782,0.0203035,13.3568,0
mink,,2720,5.44,0.00695996,0.0143765,0.0202646,13.352,0
mink,,2721,5.442,0.00695574,0.0143748,0.0202256,13.3472,0
mink,,2722,5.444,0.00695152,0.0143731,0.0201865,13.3425,0
mink,,2723,5.446,0.00694732,0.0143714,0.0201475,13.3377,0
mink,,2724,5.448,0.00694313,0.0143697,0.0201084,13.333,0
mink,,2725,5.45,0.00693895,0.014368,0.0200693,13.3283,0
mink,,2726,5.452,0.00693479,0.0143664,0.0200302,13.3237,0
mink,,2727,5.454,0.00693063,0.0143647,0.0199911,13.319,0
mink,,2728,5.456,0.00692649,0.014363,0.0199519,13.3144,0
mink,,2729,5.458,0.00692236,0.0143613,0.0199127,13.3097,0
mink,,2730,5.46,0.00691825,0.0143596,0.0198735,13.3051,0
mink,,2731,5.462,0.00691414,0.014358,0.0198343,13.3005,0
mink,,2732,5.464,0.00691005,0.0143563,0.019795,13.296,0
mink,,2733,5.466,0.00690597,0.0143546,0.0197557,13.2914,0
mink,,2734,5.468,0.0069019,0.014353,0.0197164,13.2869,0
mink,,2735,5.47,0.00689785,0.0143513,0.0196771,13.2824,0
mink,,2736,5.472,0.00689381,0.0143496,0.0196377,13.2778,0
mink,,2737,5.474,0.00688978,0.014348,0.0195983,13.2734,0
mink,,2738,5.476,0.00688576,0.0143463,0.0195589,13.2689,0
mink,,2739,5.478,0.00688176,0.0143447,0.0195195,13.2644,0
mink,,2740,5.48,0.00687778,0.0143431,0.01948,13.26,0
mink,,2741,5.482,0.0068738,0.0143414,0.0194406,13.2556,0
mink,,2742,5.484,0.00686984,0.0143398,0.0194011,13.2512,0
mink,,2743,5.486,0.00686589,0.0143381,0.0193615,13.2468,0
mink,,2744,5.488,0.00686196,0.0143365,0.019322,13.2424,0
mink,,2745,5.49,0.00685804,0.0143349,0.0192824,13.2381,0
mink,,2746,5.492,0.00685413,0.0143333,0.0192428,13.2337,0
mink,,2747,5.494,0.00685024,0.0143317,0.0192032,13.2294,0
mink,,2748,5.496,0.00684637,0.01433,0.0191636,13.2251,0
mink,,2749,5.498,0.0068425,0.0143284,0.0191239,13.2208,0
mink,,2750,5.5,0.00683866,0.0143268,0.0190842,13.2166,0
mink,,2751,5.502,0.00683482,0.0143252,0.0190445,13.2123,0
mink,,2752,5.504,0.006831,0.0143236,0.0190048,13.2081,0
mink,,2753,5.506,0.0068272,0.014322,0.018965,13.2039,0
mink,,2754,5.508,0.00682341,0.0143204,0.0189253,13.1997,0
mink,,2755,5.51,0.00681963,0.0143188,0.0188855,13.1955,0
mink,,2756,5.512,0.00681587,0.0143172,0.0188457,13.1913,0
mink,,2757,5.514,0.00681213,0.0143157,0.0188058,13.1872,0
mink,,2758,5.516,0.0068084,0.0143141,0.018766,13.183,0
mink,,2759,5.518,0.00680469,0.0143125,0.0187261,13.1789,0
mink,,2760,5.52,0.00680099,0.0143109,0.0186862,13.1748,0
mink,,2761,5.522,0.00679731,0.0143094,0.0186463,13.1707,0
mink,,2762,5.524,0.00679364,0.0143078,0.0186063,13.1667,0
mink,,2763,5.526,0.00678999,0.0143062,0.0185663,13.1626,0
mink,,2764,5.528,0.00678635,0.0143047,0.0185263,13.1586,0
mink,,2765,5.53,0.00678273,0.0143031,0.0184863,13.1545,0
mink,,2766,5.532,0.00677913,0.0143016,0.0184463,13.1505,0
mink,,2767,5.534,0.00677554,0.0143,0.0184062,13.1465,0
mink,,2768,5.536,0.00677197,0.0142985,0.0183662,13.1426,0
mink,,2769,5.538,0.00676842,0.0142969,0.0183261,13.1386,0
mink,,2770,5.54,0.00676488,0.0142954,0.018286,13.1347,0
mink,,2771,5.542,0.00676136,0.0142939,0.0182458,13.1308,0
mink,,2772,5.544,0.00675786,0.0142923,0.0182057,13.1269,0
mink,,2773,5.546,0.00675437,0.0142908,0.0181655,13.123,0
mink,,2774,5.548,0.0067509,0.0142893,0.0181253,13.1191,0
mink,,2775,5.55,0.00674744,0.0142878,0.0180851,13.1152,0
mink,,2776,5.552,0.00674401,0.0142863,0.0180448,13.1114,0
mink,,2777,5.554,0.00674059,0.0142847,0.0180046,13.1076,0
mink,,2778,5.556,0.00673719,0.0142832,0.0179643,13.1038,0
mink,,2779,5.558,0.0067338,0.0142817,0.017924,13.1,0
mink,,2780,5.56,0.00673044,0.0142802,0.0178837,13.0962,0
mink,,2781,5.562,0.00672709,0.0142787,0.0178433,13.0924,0
mink,,2782,5.564,0.00672375,0.0142772,0.0178029,13.0887,0
mink,,2783,5.566,0.00672044,0.0142758,0.0177626,13.0849,0
mink,,2784,5.568,0.00671714,0.0142743,0.0177222,13.0812,0
mink,,2785,5.57,0.00671387,0.0142728,0.0176817,13.0775,0
mink,,2786,5.572,0.00671061,0.0142713,0.0176413,13.0738,0
mink,,2787,5.574,0.00670737,0.0142698,0.0176008,13.0702,0
mink,,2788,5.576,0.00670414,0.0142684,0.0175604,13.0665,0
mink,,2789,5.578,0.00670094,0.0142669,0.0175199,13.0629,0
mink,,2790,5.58,0.00669775,0.0142654,0.0174793,13.0593,0
mink,,2791,5.582,0.00669458,0.014264,0.0174388,13.0557,0
mink,,2792,5.584,0.00669143,0.0142625,0.0173982,13.0521,0
mink,,2793,5.586,0.0066883,0.0142611,0.0173577,13.0485,0
mink,,2794,5.588,0.00668519,0.0142596,0.0173171,13.0449,0
mink,,2795,5.59,0.0066821,0.0142582,0.0172765,13.0414,0
mink,,2796,5.592,0.00667903,0.0142567,0.0172358,13.0379,0
mink,,2797,5.594,0.00667598,0.0142553,0.0171952,13.0344,0
mink,,2798,5.596,0.00667294,0.0142539,0.0171545,13.0309,0
mink,,2799,5.598,0.00666993,0.0142524,0.0171138,13.0274,0
mink,,2800,5.6,0.00666693,0.014251,0.0170731,13.0239,0
mink,,2801,5.602,0.00666395,0.0142496,0.0170324,13.0205,0
mink,,2802,5.604,0.006661,0.0142482,0.0169916,13.017,0
mink,,2803,5.606,0.00665806,0.0142468,0.0169509,13.0136,0
mink,,2804,5.608,0.00665515,0.0142454,0.0169101,13.0102,0
mink,,2805,5.61,0.00665225,0.0142439,0.0168693,13.0068,0
mink,,2806,5.612,0.00664937,0.0142425,0.0168285,13.0035,0
mink,,2807,5.614,0.00664652,0.0142411,0.0167876,13.0001,0
mink,,2808,5.616,0.00664368,0.0142398,0.0167468,12.9968,0
mink,,2809,5.618,0.00664087,0.0142384,0.0167059,12.9934,0
mink,,2810,5.62,0.00663807,0.014237,0.016665,12.9901,0
mink,,2811,5.622,0.0066353,0.0142356,0.0166241,12.9868,0
mink,,2812,5.624,0.00663254,0.0142342,0.0165832,12.9835,0
mink,,2813,5.626,0.00662981,0.0142328,0.0165423,12.9803,0
mink,,2814,5.628,0.0066271,0.0142315,0.0165013,12.977,0
mink,,2815,5.63,0.00662441,0.0142301,0.0164603,12.9738,0
mink,,2816,5.632,0.00662174,0.0142287,0.0164193,12.9706,0
mink,,2817,5.634,0.00661909,0.0142274,0.0163783,12.9674,0
mink,,2818,5.636,0.00661646,0.014226,0.0163373,12.9642,0
mink,,2819,5.638,0.00661385,0.0142247,0.0162963,12.961,0
mink,,2820,5.64,0.00661127,0.0142233,0.0162552,12.9578,0
mink,,2821,5.642,0.00660871,0.014222,0.0162141,12.9547,0
mink,,2822,5.644,0.00660616,0.0142207,0.016173,12.9516,0
mink,,2823,5.646,0.00660364,0.0142193,0.0161319,12.9485,0
mink,,2824,5.648,0.00660115,0.014218,0.0160908,12.9454,0
mink,,2825,5.65,0.00659867,0.0142167,0.0160496,12.9423,0
mink,,2826,5.652,0.00659622,0.0142153,0.0160085,12.9392,0
mink,,2827,5.654,0.00659378,0.014214,0.0159673,12.9362,0
mink,,2828,5.656,0.00659137,0.0142127,0.0159261,12.9331,0
mink,,2829,5.658,0.00658898,0.0142114,0.0158849,12.9301,0
mink,,2830,5.66,0.00658662,0.0142101,0.0158437,12.9271,0
mink,,2831,5.662,0.00658428,0.0142088,0.0158025,12.9241,0
mink,,2832,5.664,0.00658195,0.0142075,0.0157612,12.9211,0
mink,,2833,5.666,0.00657966,0.0142062,0.0157199,12.9181,0
mink,,2834,5.668,0.00657738,0.0142049,0.0156787,12.9152,0
mink,,2835,5.67,0.00657513,0.0142036,0.0156374,12.9123,0
mink,,2836,5.672,0.0065729,0.0142023,0.015596,12.9093,0
mink,,2837,5.674,0.00657069,0.0142011,0.0155547,12.9064,0
mink,,2838,5.676,0.00656851,0.0141998,0.0155134,12.9035,0
mink,,2839,5.678,0.00656635,0.0141985,0.015472,12.9007,0
mink,,2840,5.68,0.00656421,0.0141972,0.0154306,12.8978,0
mink,,2841,5.682,0.00656209,0.014196,0.0153892,12.895,0
mink,,2842,5.684,0.00656,0.0141947,0.0153478,12.8921,0
mink,,2843,5.686,0.00655794,0.0141935,0.0153064,12.8893,0
mink,,2844,5.688,0.00655589,0.0141922,0.015265,12.8865,0
mink,,2845,5.69,0.00655387,0.014191,0.0152235,12.8837,0
mink,,2846,5.692,0.00655187,0.0141897,0.0151821,12.8809,0
mink,,2847,5.694,0.0065499,0.0141885,0.0151406,12.8782,0
mink,,2848,5.696,0.00654795,0.0141873,0.0150991,12.8754,0
mink,,2849,5.698,0.00654603,0.014186,0.0150576,12.8727,0
mink,,2850,5.7,0.00654413,0.0141848,0.0150161,12.87,0
mink,,2851,5.702,0.00654225,0.0141836,0.0149745,12.8673,0
mink,,2852,5.704,0.0065404,0.0141824,0.014933,12.8646,0
mink,,2853,5.706,0.00653857,0.0141812,0.0148914,12.8619,0
mink,,2854,5.708,0.00653676,0.01418,0.0148499,12.8593,0
mink,,2855,5.71,0.00653498,0.0141788,0.0148083,12.8566,0
mink,,2856,5.712,0.00653323,0.0141776,0.0147667,12.854,0
mink,,2857,5.714,0.0065315,0.0141764,0.0147251,12.8514,0
mink,,2858,5.716,0.00652979,0.0141752,0.0146834,12.8488,0
mink,,2859,5.718,0.00652811,0.014174,0.0146418,12.8462,0
mink,,2860,5.72,0.00652645,0.0141728,0.0146001,12.8436,0
mink,,2861,5.722,0.00652482,0.0141716,0.0145585,12.8411,0
mink,,2862,5.724,0.00652321,0.0141705,0.0145168,12.8386,0
mink,,2863,5.726,0.00652163,0.0141693,0.0144751,12.836,0
mink,,2864,5.728,0.00652007,0.0141681,0.0144334,12.8335,0
mink,,2865,5.73,0.00651854,0.014167,0.0143917,12.831,0
mink,,2866,5.732,0.00651703,0.0141658,0.0143499,12.8285,0
mink,,2867,5.734,0.00651555,0.0141646,0.0143082,12.8261,0
mink,,2868,5.736,0.0065141,0.0141635,0.0142664,12.8236,0
mink,,2869,5.738,0.00651267,0.0141624,0.0142247,12.8212,0
mink,,2870,5.74,0.00651126,0.0141612,0.0141829,12.8187,0
mink,,2871,5.742,0.00650988,0.0141601,0.0141411,12.8163,0
mink,,2872,5.744,0.00650853,0.0141589,0.0140993,12.8139,0
mink,,2873,5.746,0.0065072,0.0141578,0.0140575,12.8115,0
mink,,2874,5.748,0.0065059,0.0141567,0.0140157,12.8092,0
mink,,2875,5.75,0.00650462,0.0141556,0.0139738,12.8068,0
mink,,2876,5.752,0.00650337,0.0141545,0.013932,12.8045,0
mink,,2877,5.754,0.00650215,0.0141534,0.0138901,12.8021,0
mink,,2878,5.756,0.00650095,0.0141522,0.0138482,12.7998,0
mink,,2879,5.758,0.00649978,0.0141511,0.0138063,12.7975,0
mink,,2880,5.76,0.00649863,0.01415,0.0137644,12.7952,0
mink,,2881,5.762,0.00649751,0.014149,0.0137225,12.793,0
mink,,2882,5.764,0.00649642,0.0141479,0.0136806,12.7907,0
mink,,2883,5.766,0.00649535,0.0141468,0.0136387,12.7885,0
mink,,2884,5.768,0.00649431,0.0141457,0.0135967,12.7862,0
mink,,2885,5.77,0.00649329,0.0141446,0.0135548,12.784,0
mink,,2886,5.772,0.00649231,0.0141436,0.0135128,12.7818,0
mink,,2887,5.774,0.00649134,0.0141425,0.0134709,12.7796,0
mink,,2888,5.776,0.00649041,0.0141414,0.0134289,12.7775,0
mink,,2889,5.778,0.0064895,0.0141404,0.0133869,12.7753,0
mink,,2890,5.78,0.00648862,0.0141393,0.0133449,12.7732,0
mink,,2891,5.782,0.00648777,0.0141383,0.0133029,12.771,0
mink,,2892,5.784,0.00648694,0.0141372,0.0132608,12.7689,0
mink,,2893,5.786,0.00648614,0.0141362,0.0132188,12.7668,0
mink,,2894,5.788,0.00648537,0.0141351,0.0131768,12.7647,0
mink,,2895,5.79,0.00648462,0.0141341,0.0131347,12.7626,0
mink,,2896,5.792,0.0064839,0.0141331,0.0130927,12.7606,0
mink,,2897,5.794,0.00648321,0.0141321,0.0130506,12.7585,0
mink,,2898,5.796,0.00648254,0.014131,0.0130085,12.7565,0
mink,,2899,5.798,0.00648191,0.01413,0.0129664,12.7545,0
mink,,2900,5.8,0.00648129,0.014129,0.0129243,12.7525,0
mink,,2901,5.802,0.00648071,0.014128,0.0128822,12.7505,0
mink,,2902,5.804,0.00648016,0.014127,0.0128401,12.7485,0
mink,,2903,5.806,0.00647963,0.014126,0.0127979,12.7465,0
mink,,2904,5.808,0.00647913,0.014125,0.0127558,12.7446,0
mink,,2905,5.81,0.00647865,0.014124,0.0127137,12.7427,0
mink,,2906,5.812,0.00647821,0.0141231,0.0126715,12.7407,0
mink,,2907,5.814,0.00647779,0.0141221,0.0126294,12.7388,0
mink,,2908,5.816,0.0064774,0.0141211,0.0125872,12.7369,0
mink,,2909,5.818,0.00647704,0.0141201,0.012545,12.735,0
mink,,2910,5.82,0.00647671,0.0141192,0.0125028,12.7332,0
mink,,2911,5.822,0.0064764,0.0141182,0.0124606,12.7313,0
mink,,2912,5.824,0.00647612,0.0141173,0.0124184,12.7295,0
mink,,2913,5.826,0.00647587,0.0141163,0.0123762,12.7277,0
mink,,2914,5.828,0.00647565,0.0141154,0.012334,12.7258,0
mink,,2915,5.83,0.00647545,0.0141144,0.0122918,12.724,0
mink,,2916,5.832,0.00647528,0.0141135,0.0122495,12.7223,0
mink,,2917,5.834,0.00647515,0.0141125,0.0122073,12.7205,0
mink,,2918,5.836,0.00647503,0.0141116,0.012165,12.7187,0
mink,,2919,5.838,0.00647495,0.0141107,0.0121228,12.717,0
mink,,2920,5.84,0.0064749,0.0141098,0.0120805,12.7152,0
mink,,2921,5.842,0.00647487,0.0141089,0.0120382,12.7135,0
mink,,2922,5.844,0.00647487,0.0141079,0.0119959,12.7118,0
mink,,2923,5.846,0.0064749,0.014107,0.0119537,12.7101,0
mink,,2924,5.848,0.00647496,0.0141061,0.0119114,12.7085,0
mink,,2925,5.85,0.00647505,0.0141052,0.0118691,12.7068,0
mink,,2926,5.852,0.00647517,0.0141043,0.0118268,12.7051,0
mink,,2927,5.854,0.00647531,0.0141035,0.0117844,12.7035,0
mink,,2928,5.856,0.00647548,0.0141026,0.0117421,12.7019,0
mink,,2929,5.858,0.00647568,0.0141017,0.0116998,12.7003,0
mink,,2930,5.86,0.00647591,0.0141008,0.0116575,12.6987,0
mink,,2931,5.862,0.00647617,0.0140999,0.0116151,12.6971,0
mink,,2932,5.864,0.00647646,0.0140991,0.0115728,12.6955,0
mink,,2933,5.866,0.00647677,0.0140982,0.0115304,12.694,0
mink,,2934,5.868,0.00647712,0.0140974,0.0114881,12.6924,0
mink,,2935,5.87,0.00647749,0.0140965,0.0114457,12.6909,0
mink,,2936,5.872,0.00647789,0.0140957,0.0114033,12.6894,0
mink,,2937,5.874,0.00647832,0.0140948,0.011361,12.6879,0
mink,,2938,5.876,0.00647878,0.014094,0.0113186,12.6864,0
mink,,2939,5.878,0.00647927,0.0140931,0.0112762,12.6849,0
mink,,2940,5.88,0.00647978,0.0140923,0.0112338,12.6835,0
mink,,2941,5.882,0.00648033,0.0140915,0.0111914,12.682,0
mink,,2942,5.884,0.0064809,0.0140907,0.011149,12.6806,0
mink,,2943,5.886,0.0064815,0.0140899,0.0111066,12.6792,0
mink,,2944,5.888,0.00648213,0.014089,0.0110642,12.6778,0
mink,,2945,5.89,0.00648279,0.0140882,0.0110218,12.6764,0
mink,,2946,5.892,0.00648348,0.0140874,0.0109794,12.675,0
mink,,2947,5.894,0.0064842,0.0140866,0.0109369,12.6736,0
mink,,2948,5.896,0.00648495,0.0140858,0.0108945,12.6723,0
mink,,2949,5.898,0.00648572,0.0140851,0.0108521,12.6709,0
mink,,2950,5.9,0.00648653,0.0140843,0.0108096,12.6696,0
mink,,2951,5.902,0.00648736,0.0140835,0.0107672,12.6683,0
mink,,2952,5.904,0.00648823,0.0140827,0.0107247,12.667,0
mink,,2953,5.906,0.00648912,0.014082,0.0106823,12.6657,0
mink,,2954,5.908,0.00649004,0.0140812,0.0106398,12.6644,0
mink,,2955,5.91,0.00649099,0.0140804,0.0105974,12.6632,0
mink,,2956,5.912,0.00649197,0.0140797,0.0105549,12.6619,0
mink,,2957,5.914,0.00649297,0.0140789,0.0105125,12.6607,0
mink,,2958,5.916,0.00649401,0.0140782,0.01047,12.6595,0
mink,,2959,5.918,0.00649508,0.0140774,0.0104275,12.6583,0
mink,,2960,5.92,0.00649617,0.0140767,0.010385,12.6571,0
mink,,2961,5.922,0.0064973,0.014076,0.0103426,12.6559,0
mink,,2962,5.924,0.00649845,0.0140752,0.0103001,12.6547,0
mink,,2963,5.926,0.00649963,0.0140745,0.0102576,12.6536,0
mink,,2964,5.928,0.00650084,0.0140738,0.0102151,12.6524,0
mink,,2965,5.93,0.00650208,0.0140731,0.0101726,12.6513,0
mink,,2966,5.932,0.00650335,0.0140724,0.0101301,12.6502,0
mink,,2967,5.934,0.00650465,0.0140717,0.0100876,12.6491,0
mink,,2968,5.936,0.00650598,0.014071,0.0100451,12.648,0
mink,,2969,5.938,0.00650733,0.0140703,0.0100026,12.6469,0
mink,,2970,5.94,0.00650872,0.0140696,0.00996012,12.6459,0
mink,,2971,5.942,0.00651013,0.0140689,0.00991761,12.6448,0
mink,,2972,5.944,0.00651157,0.0140682,0.00987511,12.6438,0
mink,,2973,5.946,0.00651305,0.0140675,0.0098326,12.6428,0
mink,,2974,5.948,0.00651455,0.0140669,0.00979008,12.6418,0
mink,,2975,5.95,0.00651608,0.0140662,0.00974757,12.6408,0
mink,,2976,5.952,0.00651764,0.0140655,0.00970506,12.6398,0
mink,,2977,5.954,0.00651923,0.0140649,0.00966254,12.6388,0
mink,,2978,5.956,0.00652084,0.0140642,0.00962002,12.6379,0
mink,,2979,5.958,0.00652249,0.0140636,0.0095775,12.6369,0
mink,,2980,5.96,0.00652417,0.0140629,0.00953498,12.636,0
mink,,2981,5.962,0.00652587,0.0140623,0.00949246,12.6351,0
mink,,2982,5.964,0.0065276,0.0140617,0.00944994,12.6342,0
mink,,2983,5.966,0.00652937,0.014061,0.00940741,12.6333,0
mink,,2984,5.968,0.00653116,0.0140604,0.00936489,12.6324,0
mink,,2985,5.97,0.00653298,0.0140598,0.00932237,12.6315,0
mink,,2986,5.972,0.00653483,0.0140592,0.00927984,12.6307,0
mink,,2987,5.974,0.00653671,0.0140586,0.00923731,12.6299,0
mink,,2988,5.976,0.00653861,0.014058,0.00919479,12.629,0
mink,,2989,5.978,0.00654055,0.0140574,0.00915226,12.6282,0
mink,,2990,5.98,0.00654251,0.0140568,0.00910973,12.6274,0
mink,,2991,5.982,0.00654451,0.0140562,0.0090672,12.6266,0
mink,,2992,5.984,0.00654653,0.0140556,0.00902468,12.6259,0
mink,,2993,5.986,0.00654858,0.014055,0.00898215,12.6251,0
mink,,2994,5.988,0.00655066,0.0140544,0.00893962,12.6244,0
mink,,2995,5.99,0.00655277,0.0140539,0.00889709,12.6236,0
mink,,2996,5.992,0.00655491,0.0140533,0.00885457,12.6229,0
mink,,2997,5.994,0.00655707,0.0140527,0.00881204,12.6222,0
mink,,2998,5.996,0.00655927,0.0140522,0.00876952,12.6215,0
mink,,2999,5.998,0.00656149,0.0140516,0.00872699,12.6208,0
